# This file uses centimeters as units for non-parametric coordinates.

mtllib compass.mtl
g default
v 1.946516 0.444279 0.990362
v 1.798852 0.866282 0.990362
v -0.000000 0.000000 0.976988
v 1.560985 1.244844 0.990362
v 1.244844 1.560985 0.990362
v 0.866282 1.798852 0.990362
v 0.444280 1.946516 0.990362
v -0.000000 1.996575 0.990362
v -0.444280 1.946516 0.990362
v -0.866282 1.798852 0.990362
v -1.244845 1.560984 0.990362
v -1.560986 1.244844 0.990362
v -1.798852 0.866282 0.990362
v -1.946516 0.444280 0.990362
v -1.996576 0.000000 0.990362
v -1.946516 -0.444280 0.990362
v -1.798852 -0.866282 0.990362
v -1.560986 -1.244844 0.990362
v -1.244844 -1.560985 0.990362
v -0.866282 -1.798852 0.990362
v -0.444280 -1.946516 0.990362
v -0.000000 -1.996576 0.990362
v 0.444280 -1.946516 0.990362
v 0.866282 -1.798852 0.990362
v 1.244845 -1.560985 0.990362
v 1.560986 -1.244844 0.990362
v 1.798853 -0.866282 0.990362
v 1.946516 -0.444280 0.990362
v 1.996576 -0.000000 0.990362
vt 0.994096 0.863772
vt 0.981205 0.900614
vt 0.824162 0.824986
vt 0.960439 0.933663
vt 0.932839 0.961263
vt 0.899790 0.982029
vt 0.862948 0.994920
vt 0.824162 0.999291
vt 0.785375 0.994920
vt 0.748534 0.982029
vt 0.715484 0.961263
vt 0.687885 0.933663
vt 0.667118 0.900614
vt 0.654227 0.863772
vt 0.649857 0.824986
vt 0.654227 0.786199
vt 0.667118 0.749358
vt 0.687885 0.716308
vt 0.715484 0.688709
vt 0.748534 0.667942
vt 0.785375 0.655051
vt 0.824162 0.650681
vt 0.862948 0.655051
vt 0.899790 0.667942
vt 0.932839 0.688709
vt 0.960439 0.716308
vt 0.981205 0.749358
vt 0.994097 0.786199
vt 0.998467 0.824986
vn -0.006531 -0.001491 0.999978
vn -0.006035 -0.002906 0.999978
vn 0.000000 0.000000 1.000000
vn -0.006035 -0.002906 0.999978
vn -0.005237 -0.004177 0.999978
vn 0.000000 0.000000 1.000000
vn -0.005237 -0.004177 0.999978
vn -0.004177 -0.005237 0.999978
vn 0.000000 0.000000 1.000000
vn -0.004177 -0.005237 0.999978
vn -0.002906 -0.006035 0.999978
vn 0.000000 0.000000 1.000000
vn -0.002906 -0.006035 0.999978
vn -0.001491 -0.006531 0.999978
vn 0.000000 0.000000 1.000000
vn -0.001491 -0.006531 0.999978
vn -0.000000 -0.006699 0.999978
vn 0.000000 0.000000 1.000000
vn -0.000000 -0.006699 0.999978
vn 0.001491 -0.006531 0.999978
vn 0.000000 0.000000 1.000000
vn 0.001491 -0.006531 0.999978
vn 0.002906 -0.006035 0.999978
vn 0.000000 0.000000 1.000000
vn 0.002906 -0.006035 0.999978
vn 0.004177 -0.005237 0.999978
vn 0.000000 0.000000 1.000000
vn 0.004177 -0.005237 0.999978
vn 0.005237 -0.004177 0.999978
vn 0.000000 0.000000 1.000000
vn 0.005237 -0.004177 0.999978
vn 0.006035 -0.002906 0.999978
vn 0.000000 0.000000 1.000000
vn 0.006035 -0.002906 0.999978
vn 0.006531 -0.001491 0.999978
vn 0.000000 0.000000 1.000000
vn 0.006531 -0.001491 0.999978
vn 0.006699 -0.000000 0.999978
vn 0.000000 0.000000 1.000000
vn 0.006699 -0.000000 0.999978
vn 0.006531 0.001491 0.999978
vn 0.000000 0.000000 1.000000
vn 0.006531 0.001491 0.999978
vn 0.006035 0.002906 0.999978
vn 0.000000 0.000000 1.000000
vn 0.006035 0.002906 0.999978
vn 0.005237 0.004177 0.999978
vn 0.000000 0.000000 1.000000
vn 0.005237 0.004177 0.999978
vn 0.004177 0.005237 0.999978
vn 0.000000 0.000000 1.000000
vn 0.004177 0.005237 0.999978
vn 0.002906 0.006035 0.999978
vn 0.000000 0.000000 1.000000
vn 0.002906 0.006035 0.999978
vn 0.001491 0.006531 0.999978
vn 0.000000 0.000000 1.000000
vn 0.001491 0.006531 0.999978
vn 0.000000 0.006699 0.999978
vn 0.000000 0.000000 1.000000
vn 0.000000 0.006699 0.999978
vn -0.001491 0.006531 0.999978
vn 0.000000 0.000000 1.000000
vn -0.001491 0.006531 0.999978
vn -0.002906 0.006035 0.999978
vn 0.000000 0.000000 1.000000
vn -0.002906 0.006035 0.999978
vn -0.004177 0.005237 0.999978
vn 0.000000 0.000000 1.000000
vn -0.004177 0.005237 0.999978
vn -0.005237 0.004177 0.999978
vn 0.000000 0.000000 1.000000
vn -0.005237 0.004177 0.999978
vn -0.006035 0.002906 0.999978
vn 0.000000 0.000000 1.000000
vn -0.006035 0.002906 0.999978
vn -0.006531 0.001491 0.999978
vn 0.000000 0.000000 1.000000
vn -0.006531 0.001491 0.999978
vn -0.006699 -0.000000 0.999978
vn 0.000000 0.000000 1.000000
vn -0.006699 -0.000000 0.999978
vn -0.006531 -0.001491 0.999978
vn 0.000000 0.000000 1.000000
s off
g sm_compass_glass_low SM_compass_low
usemtl lambert2SG
f 1/1/1 2/2/2 3/3/3
f 2/2/4 4/4/5 3/3/6
f 4/4/7 5/5/8 3/3/9
f 5/5/10 6/6/11 3/3/12
f 6/6/13 7/7/14 3/3/15
f 7/7/16 8/8/17 3/3/18
f 8/8/19 9/9/20 3/3/21
f 9/9/22 10/10/23 3/3/24
f 10/10/25 11/11/26 3/3/27
f 11/11/28 12/12/29 3/3/30
f 12/12/31 13/13/32 3/3/33
f 13/13/34 14/14/35 3/3/36
f 14/14/37 15/15/38 3/3/39
f 15/15/40 16/16/41 3/3/42
f 16/16/43 17/17/44 3/3/45
f 17/17/46 18/18/47 3/3/48
f 18/18/49 19/19/50 3/3/51
f 19/19/52 20/20/53 3/3/54
f 20/20/55 21/21/56 3/3/57
f 21/21/58 22/22/59 3/3/60
f 22/22/61 23/23/62 3/3/63
f 23/23/64 24/24/65 3/3/66
f 24/24/67 25/25/68 3/3/69
f 25/25/70 26/26/71 3/3/72
f 26/26/73 27/27/74 3/3/75
f 27/27/76 28/28/77 3/3/78
f 28/28/79 29/29/80 3/3/81
f 29/29/82 1/1/83 3/3/84
g default
v 2.477946 0.565575 0.282311
v 2.289966 1.102790 0.282311
v 2.289966 1.102790 0.769736
v 2.477946 0.565575 0.769736
v 1.987158 1.584706 0.282311
v 1.987158 1.584706 0.769736
v 1.584706 1.987158 0.282311
v 1.584706 1.987158 0.769736
v 1.102790 2.289966 0.282311
v 1.102790 2.289966 0.769736
v 0.565575 2.477946 0.282311
v 0.565575 2.477946 0.769736
v 0.000000 2.541671 0.282311
v 0.000000 2.541671 0.769736
v -0.565575 2.477946 0.282311
v -0.565575 2.477946 0.769736
v -1.102790 2.289966 0.282311
v -1.102790 2.289966 0.769736
v -1.584706 1.987158 0.282311
v -1.584706 1.987158 0.769736
v -1.987158 1.584706 0.282311
v -1.987158 1.584706 0.769736
v -2.289966 1.102790 0.282311
v -2.289966 1.102790 0.769736
v -2.477946 0.565575 0.282311
v -2.477946 0.565575 0.769736
v -2.541671 0.000000 0.282311
v -2.541671 0.000000 0.769736
v -2.477946 -0.565575 0.282311
v -2.477946 -0.565575 0.769736
v -2.289966 -1.102790 0.282311
v -2.289966 -1.102790 0.769736
v -1.987159 -1.584706 0.282311
v -1.987159 -1.584706 0.769736
v -1.584706 -1.987159 0.282311
v -1.584706 -1.987159 0.769736
v -1.102790 -2.289967 0.282311
v -1.102790 -2.289967 0.769736
v -0.565575 -2.477947 0.282311
v -0.565575 -2.477947 0.769736
v -0.000000 -2.541672 0.282311
v -0.000000 -2.541672 0.769736
v 0.565575 -2.477947 0.282311
v 0.565575 -2.477947 0.769736
v 1.102790 -2.289967 0.282311
v 1.102790 -2.289967 0.769736
v 1.584706 -1.987159 0.282311
v 1.584706 -1.987159 0.769736
v 1.987159 -1.584706 0.282311
v 1.987159 -1.584706 0.769736
v 2.289967 -1.102790 0.282311
v 2.289967 -1.102790 0.769736
v 2.477947 -0.565575 0.282311
v 2.477947 -0.565575 0.769736
v 2.541672 -0.000000 0.282311
v 2.541672 -0.000000 0.769736
v 2.129405 0.486023 1.215867
v 1.967867 0.947675 1.215867
v 1.784565 0.859402 1.056497
v 1.931058 0.440751 1.056497
v 1.707650 1.361807 1.215867
v 1.548588 1.234959 1.056497
v 1.361806 1.707650 1.215867
v 1.234958 1.548588 1.056497
v 0.947675 1.967867 1.215867
v 0.859402 1.784565 1.056497
v 0.486023 2.129405 1.215867
v 0.440751 1.931058 1.056497
v -0.000000 2.184166 1.215867
v -0.000000 1.980719 1.056497
v -0.486023 2.129405 1.215867
v -0.440751 1.931058 1.056497
v -0.947675 1.967867 1.215867
v -0.859402 1.784565 1.056497
v -1.361807 1.707650 1.215867
v -1.234959 1.548588 1.056497
v -1.707651 1.361807 1.215867
v -1.548589 1.234958 1.056497
v -1.967867 0.947675 1.215867
v -1.784565 0.859402 1.056497
v -2.129405 0.486023 1.215867
v -1.931058 0.440751 1.056497
v -2.184167 0.000000 1.215867
v -1.980720 0.000000 1.056497
v -2.129405 -0.486023 1.215867
v -1.931058 -0.440751 1.056497
v -1.967867 -0.947674 1.215867
v -1.784565 -0.859402 1.056497
v -1.707651 -1.361806 1.215867
v -1.548589 -1.234958 1.056497
v -1.361807 -1.707650 1.215867
v -1.234959 -1.548588 1.056497
v -0.947675 -1.967867 1.215867
v -0.859402 -1.784565 1.056497
v -0.486023 -2.129405 1.215867
v -0.440751 -1.931058 1.056497
v -0.000000 -2.184166 1.215867
v -0.000000 -1.980720 1.056497
v 0.486023 -2.129405 1.215867
v 0.440751 -1.931058 1.056497
v 0.947675 -1.967867 1.215867
v 0.859402 -1.784565 1.056497
v 1.361807 -1.707650 1.215867
v 1.234959 -1.548588 1.056497
v 1.707651 -1.361807 1.215867
v 1.548589 -1.234959 1.056497
v 1.967868 -0.947675 1.215867
v 1.784565 -0.859402 1.056497
v 2.129406 -0.486023 1.215867
v 1.931059 -0.440751 1.056497
v 2.184167 0.000000 1.215867
v 1.980720 -0.000000 1.056497
v 2.131878 0.486587 1.255807
v 2.186704 0.000000 1.255807
v 2.558604 -0.000000 1.255238
v 2.494453 0.569342 1.255238
v 1.970152 0.948776 1.255807
v 2.305221 1.110136 1.255238
v 1.709633 1.363388 1.255807
v 2.000396 1.595263 1.255238
v 1.363388 1.709633 1.255807
v 1.595263 2.000396 1.255238
v 0.948775 1.970153 1.255807
v 1.110136 2.305221 1.255238
v 0.486588 2.131878 1.255807
v 0.569343 2.494453 1.255238
v -0.000000 2.186703 1.255807
v 0.000000 2.558602 1.255238
v -0.486587 2.131878 1.255807
v -0.569342 2.494453 1.255238
v -0.948776 1.970153 1.255807
v -1.110136 2.305221 1.255238
v -1.363388 1.709633 1.255807
v -1.595263 2.000396 1.255238
v -1.709634 1.363388 1.255807
v -2.000396 1.595263 1.255238
v -1.970153 0.948776 1.255807
v -2.305221 1.110136 1.255238
v -2.131878 0.486588 1.255807
v -2.494453 0.569343 1.255238
v -2.186704 0.000000 1.255807
v -2.558602 0.000000 1.255238
v -2.131878 -0.486587 1.255807
v -2.494453 -0.569342 1.255238
v -1.970153 -0.948775 1.255807
v -2.305221 -1.110136 1.255238
v -1.709634 -1.363388 1.255807
v -2.000396 -1.595263 1.255238
v -1.363389 -1.709633 1.255807
v -1.595263 -2.000396 1.255238
v -0.948776 -1.970153 1.255807
v -1.110136 -2.305222 1.255238
v -0.486588 -2.131878 1.255807
v -0.569343 -2.494453 1.255238
v -0.000000 -2.186703 1.255807
v -0.000000 -2.558603 1.255238
v 0.486588 -2.131878 1.255807
v 0.569343 -2.494453 1.255238
v 0.948775 -1.970153 1.255807
v 1.110136 -2.305222 1.255238
v 1.363388 -1.709633 1.255807
v 1.595263 -2.000396 1.255238
v 1.709634 -1.363388 1.255807
v 2.000397 -1.595263 1.255238
v 1.970154 -0.948775 1.255807
v 2.305222 -1.110137 1.255238
v 2.131879 -0.486588 1.255807
v 2.494454 -0.569343 1.255238
v 2.558032 -0.000000 1.219336
v 2.493896 0.569215 1.219336
v 2.304707 1.109888 1.219336
v 1.999949 1.594906 1.219336
v 1.594906 1.999949 1.219336
v 1.109888 2.304707 1.219336
v 0.569221 2.493920 1.219335
v 0.000000 2.558031 1.219336
v -0.569215 2.493896 1.219336
v -1.109888 2.304707 1.219336
v -1.594906 1.999949 1.219336
v -1.999949 1.594906 1.219336
v -2.304707 1.109888 1.219336
v -2.493896 0.569216 1.219336
v -2.558031 0.000000 1.219336
v -2.493896 -0.569215 1.219336
v -2.304707 -1.109888 1.219336
v -1.999949 -1.594906 1.219336
v -1.594907 -1.999950 1.219336
v -1.109888 -2.304707 1.219336
v -0.569216 -2.493896 1.219336
v -0.000000 -2.558032 1.219336
v 0.569216 -2.493898 1.219336
v 1.109888 -2.304707 1.219336
v 1.594907 -1.999950 1.219336
v 1.999950 -1.594907 1.219336
v 2.304708 -1.109889 1.219336
v 2.493897 -0.569216 1.219336
v 0.517130 0.118031 0.537944
v 1.890155 0.431415 0.537375
v 1.746765 0.841198 0.537375
v 0.477899 0.230144 0.537944
v 1.948056 0.444632 0.637497
v 1.948056 0.444631 0.915668
v 1.800276 0.866967 0.915668
v 1.800276 0.866967 0.637497
v 1.786728 0.860444 0.915099
v 1.933399 0.441285 0.915099
v 1.550466 1.236456 0.915099
v 1.236456 1.550465 0.915099
v 0.860444 1.786729 0.915099
v 0.441286 1.933399 0.915099
v -0.000000 1.983121 0.915099
v -0.441286 1.933399 0.915099
v -0.860444 1.786729 0.915099
v -1.236456 1.550465 0.915099
v -1.550467 1.236456 0.915099
v -1.786729 0.860444 0.915099
v -1.933399 0.441286 0.915099
v -1.983121 0.000000 0.915099
v -1.933399 -0.441286 0.915099
v -1.786729 -0.860444 0.915099
v -1.550467 -1.236456 0.915099
v -1.236456 -1.550466 0.915099
v -0.860444 -1.786729 0.915099
v -0.441286 -1.933400 0.915099
v -0.000000 -1.983122 0.915099
v 0.441286 -1.933400 0.915099
v 0.860444 -1.786729 0.915099
v 1.236456 -1.550466 0.915099
v 1.550467 -1.236456 0.915099
v 1.786729 -0.860444 0.915099
v 1.933400 -0.441286 0.915099
v 1.983122 -0.000000 0.915099
v 1.515787 1.208800 0.537375
v 0.414705 0.330717 0.537945
v 1.562220 1.245830 0.915668
v 1.562220 1.245830 0.637497
v 1.208800 1.515786 0.537375
v 0.330717 0.414705 0.537944
v 1.245830 1.562220 0.915668
v 1.245830 1.562220 0.637497
v 0.841198 1.746765 0.537375
v 0.230144 0.477900 0.537944
v 0.866967 1.800277 0.915668
v 0.866967 1.800277 0.637497
v 0.431416 1.890155 0.537375
v 0.118032 0.517130 0.537944
v 0.444632 1.948056 0.915668
v 0.444632 1.948056 0.637497
v -0.000000 1.938765 0.537375
v -0.000000 0.530428 0.537944
v -0.000000 1.998156 0.915668
v -0.000000 1.998156 0.637497
v -0.431416 1.890155 0.537375
v -0.118032 0.517130 0.537944
v -0.444631 1.948057 0.915668
v -0.444631 1.948057 0.637497
v -0.841198 1.746765 0.537375
v -0.230145 0.477900 0.537944
v -0.866967 1.800277 0.637497
v -0.866967 1.800277 0.915668
v -1.208800 1.515786 0.537375
v -0.330718 0.414705 0.537945
v -1.245830 1.562220 0.915668
v -1.245830 1.562220 0.637497
v -1.515787 1.208800 0.537375
v -0.414706 0.330717 0.537944
v -1.562221 1.245830 0.915668
v -1.562221 1.245830 0.637497
v -1.746765 0.841198 0.537375
v -0.477900 0.230144 0.537944
v -1.800277 0.866967 0.915668
v -1.800277 0.866967 0.637497
v -1.890155 0.431416 0.537375
v -0.517130 0.118031 0.537945
v -1.948057 0.444632 0.915668
v -1.948057 0.444632 0.637497
v -1.938765 0.000000 0.537375
v -0.530428 0.000000 0.537944
v -1.998156 0.000000 0.915668
v -1.998156 0.000000 0.637497
v -1.890155 -0.431415 0.537375
v -0.517130 -0.118031 0.537945
v -1.948057 -0.444631 0.915668
v -1.948057 -0.444631 0.637497
v -1.746765 -0.841198 0.537375
v -0.477900 -0.230145 0.537944
v -1.800277 -0.866967 0.915668
v -1.800277 -0.866967 0.637497
v -1.515788 -1.208800 0.537375
v -0.414706 -0.330717 0.537944
v -1.562221 -1.245830 0.915668
v -1.562221 -1.245830 0.637497
v -1.208800 -1.515787 0.537375
v -0.330718 -0.414706 0.537944
v -1.245830 -1.562220 0.915668
v -1.245830 -1.562220 0.637497
v -0.841198 -1.746765 0.537375
v -0.230145 -0.477900 0.537945
v -0.866967 -1.800277 0.915668
v -0.866967 -1.800276 0.637497
v -0.431416 -1.890155 0.537375
v -0.118032 -0.517130 0.537944
v -0.444632 -1.948056 0.915668
v -0.444632 -1.948056 0.637497
v -0.000000 -1.938765 0.537375
v -0.000000 -0.530428 0.537944
v -0.000000 -1.998156 0.915668
v -0.000000 -1.998156 0.637497
v 0.431416 -1.890155 0.537375
v 0.118032 -0.517130 0.537944
v 0.444632 -1.948056 0.915668
v 0.444632 -1.948056 0.637497
v 0.841198 -1.746765 0.537375
v 0.230145 -0.477899 0.537944
v 0.866967 -1.800277 0.915668
v 0.866967 -1.800277 0.637497
v 1.208800 -1.515787 0.537375
v 0.330717 -0.414706 0.537944
v 1.245830 -1.562220 0.915668
v 1.245830 -1.562220 0.637497
v 1.515788 -1.208800 0.537375
v 0.414705 -0.330717 0.537944
v 1.562221 -1.245830 0.915668
v 1.562221 -1.245830 0.637497
v 1.746766 -0.841198 0.537375
v 0.477899 -0.230144 0.537944
v 1.800277 -0.866967 0.915668
v 1.800277 -0.866967 0.637497
v 1.890156 -0.431416 0.537375
v 0.517130 -0.118031 0.537944
v 1.948057 -0.444632 0.915668
v 1.948057 -0.444632 0.637497
v 1.938765 -0.000000 0.537375
v 0.530428 -0.000000 0.537944
v 1.998157 0.000000 0.915668
v 1.998157 0.000000 0.637497
v -0.000000 1.939336 0.638067
v -0.431543 1.890712 0.638067
v 0.431543 1.890712 0.638067
v 0.841446 1.747280 0.638067
v 1.209156 1.516233 0.638067
v 1.516233 1.209156 0.638067
v 1.747280 0.841446 0.638067
v 1.890712 0.431542 0.638067
v 1.939337 -0.000000 0.638067
v 1.890712 -0.431543 0.638067
v 1.747280 -0.841446 0.638067
v 1.516235 -1.209156 0.638067
v 1.209156 -1.516233 0.638067
v 0.841446 -1.747280 0.638067
v 0.431543 -1.890712 0.638067
v -0.000000 -1.939337 0.638067
v -0.431543 -1.890712 0.638067
v -0.841446 -1.747280 0.638067
v -1.209157 -1.516233 0.638067
v -1.516234 -1.209156 0.638067
v -1.747280 -0.841446 0.638067
v -1.890712 -0.431543 0.638067
v -1.939336 0.000000 0.638067
v -1.890712 0.431543 0.638067
v -1.747280 0.841446 0.638067
v -1.516234 1.209156 0.638067
v -1.209157 1.516233 0.638067
v -0.841446 1.747280 0.638067
v 0.478414 0.230392 0.573969
v 0.517687 0.118158 0.573969
v 0.122950 0.059209 0.574538
v 0.133042 0.030366 0.574538
v 0.116479 0.026566 1.673953
v 0.107639 0.051816 1.673954
v 0.000000 -0.000000 1.677533
v 0.093385 0.074497 1.673954
v 0.074472 0.093417 1.673953
v 0.051834 0.107638 1.673954
v 0.026585 0.116474 1.673953
v -0.000001 0.119469 1.673953
v -0.026587 0.116474 1.673953
v -0.051820 0.107647 1.673953
v -0.074479 0.093398 1.673955
v -0.093416 0.074475 1.673953
v -0.107636 0.051854 1.673953
v -0.116467 0.026582 1.673955
v -0.119470 -0.000001 1.673953
v -0.116467 -0.026583 1.673954
v -0.107629 -0.051853 1.673953
v -0.093405 -0.074488 1.673954
v -0.074503 -0.093394 1.673953
v -0.051832 -0.107631 1.673954
v -0.026567 -0.116479 1.673953
v -0.000005 -0.119470 1.673954
v 0.026583 -0.116475 1.673953
v 0.051839 -0.107639 1.673953
v 0.074488 -0.093405 1.673954
v 0.093405 -0.074488 1.673953
v 0.107636 -0.051836 1.673954
v 0.116474 -0.026585 1.673953
v 0.119469 -0.000001 1.673954
v 0.415152 0.331073 0.573969
v 0.106692 0.085084 0.574538
v 0.331073 0.415152 0.573969
v 0.085084 0.106692 0.574538
v 0.230392 0.478414 0.573969
v 0.059209 0.122950 0.574538
v 0.118159 0.517687 0.573969
v 0.030366 0.133042 0.574538
v -0.000000 0.530999 0.573969
v -0.000000 0.136463 0.574538
v -0.118159 0.517687 0.573969
v -0.030366 0.133042 0.574538
v -0.230393 0.478414 0.573969
v -0.059210 0.122950 0.574538
v -0.331074 0.415152 0.573969
v -0.085084 0.106691 0.574538
v -0.415153 0.331073 0.573969
v -0.106692 0.085084 0.574538
v -0.478414 0.230392 0.573969
v -0.122950 0.059209 0.574538
v -0.517687 0.118158 0.573969
v -0.133043 0.030366 0.574538
v -0.531000 0.000000 0.573969
v -0.136464 -0.000000 0.574538
v -0.517687 -0.118158 0.573969
v -0.133043 -0.030366 0.574538
v -0.478414 -0.230392 0.573969
v -0.122950 -0.059210 0.574538
v -0.415153 -0.331073 0.573969
v -0.106692 -0.085084 0.574538
v -0.331074 -0.415152 0.573969
v -0.085084 -0.106692 0.574538
v -0.230393 -0.478414 0.573969
v -0.059210 -0.122950 0.574538
v -0.118159 -0.517687 0.573969
v -0.030366 -0.133043 0.574538
v -0.000000 -0.531000 0.573969
v -0.000000 -0.136464 0.574538
v 0.118159 -0.517687 0.573969
v 0.030366 -0.133043 0.574538
v 0.230392 -0.478414 0.573969
v 0.059209 -0.122950 0.574538
v 0.331073 -0.415152 0.573969
v 0.085084 -0.106692 0.574538
v 0.415152 -0.331073 0.573969
v 0.106692 -0.085084 0.574538
v 0.478414 -0.230392 0.573969
v 0.122950 -0.059210 0.574538
v 0.517687 -0.118158 0.573969
v 0.133042 -0.030366 0.574538
v 0.530999 -0.000000 0.573969
v 0.136463 -0.000000 0.574538
v 0.122951 0.059209 0.915100
v 0.133044 0.030365 0.915100
v 0.106692 0.085085 0.915100
v 0.085084 0.106693 0.915100
v 0.059210 0.122951 0.915100
v 0.030366 0.133044 0.915100
v -0.000000 0.136465 0.915100
v -0.030367 0.133044 0.915100
v -0.059211 0.122951 0.915099
v -0.085086 0.106692 0.915100
v -0.106694 0.085084 0.915100
v -0.122951 0.059211 0.915100
v -0.133044 0.030366 0.915100
v -0.136465 -0.000000 0.915100
v -0.133044 -0.030366 0.915100
v -0.122951 -0.059211 0.915100
v -0.106693 -0.085085 0.915100
v -0.085085 -0.106692 0.915100
v -0.059210 -0.122951 0.915100
v -0.030366 -0.133044 0.915099
v -0.000000 -0.136465 0.915100
v 0.030366 -0.133044 0.915100
v 0.059210 -0.122951 0.915100
v 0.085085 -0.106693 0.915100
v 0.106693 -0.085085 0.915100
v 0.122951 -0.059210 0.915100
v 0.133044 -0.030367 0.915100
v 0.136465 -0.000000 0.915100
v 0.314739 0.071835 0.915669
v 0.290863 0.140069 0.915669
v 0.290864 0.140067 1.305072
v 0.314742 0.071832 1.305071
v 0.252400 0.201284 0.915669
v 0.252396 0.201286 1.305072
v 0.201282 0.252402 0.915669
v 0.201280 0.252405 1.305071
v 0.140072 0.290862 0.915669
v 0.140076 0.290864 1.305071
v 0.071836 0.314738 0.915669
v 0.071838 0.314740 1.305071
v -0.000000 0.322832 0.915669
v -0.000000 0.322833 1.305071
v -0.071838 0.314738 0.915669
v -0.071840 0.314740 1.305071
v -0.140073 0.290863 0.915669
v -0.140071 0.290866 1.305071
v -0.201284 0.252399 0.915669
v -0.201283 0.252400 1.305072
v -0.252403 0.201281 0.915669
v -0.252405 0.201279 1.305071
v -0.290862 0.140074 0.915669
v -0.290862 0.140077 1.305071
v -0.314738 0.071837 0.915669
v -0.314739 0.071837 1.305072
v -0.322832 -0.000000 0.915669
v -0.322834 -0.000000 1.305071
v -0.314739 -0.071837 0.915669
v -0.314739 -0.071837 1.305072
v -0.290861 -0.140074 0.915669
v -0.290862 -0.140078 1.305071
v -0.252401 -0.201283 0.915669
v -0.252402 -0.201284 1.305071
v -0.201284 -0.252399 0.915669
v -0.201288 -0.252398 1.305071
v -0.140071 -0.290862 0.915669
v -0.140071 -0.290862 1.305072
v -0.071835 -0.314739 0.915669
v -0.071830 -0.314742 1.305071
v -0.000000 -0.322832 0.915669
v 0.000002 -0.322833 1.305071
v 0.071836 -0.314739 0.915669
v 0.071834 -0.314741 1.305071
v 0.140072 -0.290862 0.915669
v 0.140070 -0.290864 1.305071
v 0.201283 -0.252401 0.915669
v 0.201283 -0.252402 1.305071
v 0.252401 -0.201283 0.915669
v 0.252403 -0.201284 1.305071
v 0.290862 -0.140072 0.915669
v 0.290865 -0.140073 1.305071
v 0.314739 -0.071837 0.915669
v 0.314740 -0.071837 1.305071
v 0.322832 -0.000000 0.915669
v 0.322833 -0.000000 1.305071
v 0.101755 0.049001 1.305641
v 0.110108 0.025130 1.305640
v 0.088297 0.070418 1.305641
v 0.070415 0.088301 1.305640
v 0.049003 0.101755 1.305640
v 0.025131 0.110108 1.305640
v -0.000001 0.112940 1.305640
v -0.025133 0.110108 1.305640
v -0.049003 0.101756 1.305640
v -0.070417 0.088299 1.305640
v -0.088301 0.070416 1.305640
v -0.101755 0.049004 1.305640
v -0.110109 0.025131 1.305641
v -0.112941 -0.000000 1.305640
v -0.110109 -0.025132 1.305641
v -0.101755 -0.049005 1.305640
v -0.088301 -0.070417 1.305640
v -0.070419 -0.088299 1.305640
v -0.049003 -0.101755 1.305641
v -0.025130 -0.110109 1.305640
v -0.000000 -0.112940 1.305640
v 0.025130 -0.110109 1.305640
v 0.049001 -0.101756 1.305640
v 0.070416 -0.088300 1.305640
v 0.088300 -0.070417 1.305640
v 0.101755 -0.049003 1.305640
v 0.110108 -0.025132 1.305640
v 0.112939 -0.000000 1.305640
v 0.101761 0.048991 1.547314
v 0.110117 0.025120 1.547313
v 0.088290 0.070427 1.547314
v 0.070408 0.088312 1.547313
v 0.049003 0.101760 1.547313
v 0.025131 0.110113 1.547313
v -0.000001 0.112945 1.547313
v -0.025133 0.110113 1.547313
v -0.048992 0.101765 1.547313
v -0.070414 0.088300 1.547314
v -0.088312 0.070410 1.547313
v -0.101757 0.049017 1.547313
v -0.110109 0.025131 1.547314
v -0.112945 -0.000000 1.547313
v -0.110108 -0.025132 1.547314
v -0.101752 -0.049017 1.547313
v -0.088304 -0.070420 1.547313
v -0.070430 -0.088296 1.547313
v -0.049000 -0.101756 1.547314
v -0.025119 -0.110116 1.547313
v -0.000007 -0.112945 1.547313
v 0.025130 -0.110114 1.547313
v 0.049009 -0.101760 1.547313
v 0.070420 -0.088304 1.547313
v 0.088303 -0.070420 1.547313
v 0.101757 -0.049005 1.547313
v 0.110113 -0.025133 1.547313
v 0.112945 -0.000000 1.547313
v 0.202438 0.097502 1.549023
v 0.219062 0.049996 1.549020
v 0.175672 0.140097 1.549022
v 0.140093 0.175674 1.549020
v 0.097487 0.202448 1.549020
v 0.050000 0.219062 1.549020
v 0.000001 0.224696 1.549020
v -0.049995 0.219064 1.549020
v -0.097502 0.202436 1.549020
v -0.140094 0.175679 1.549022
v -0.175654 0.140120 1.549020
v -0.202445 0.097483 1.549019
v -0.219068 0.049992 1.549022
v -0.224692 -0.000004 1.549021
v -0.219061 -0.050011 1.549021
v -0.202443 -0.097489 1.549020
v -0.175678 -0.140093 1.549020
v -0.140087 -0.175678 1.549020
v -0.097492 -0.202446 1.549021
v -0.050007 -0.219058 1.549020
v -0.000001 -0.224698 1.549020
v 0.049990 -0.219065 1.549020
v 0.097495 -0.202443 1.549020
v 0.140102 -0.175671 1.549020
v 0.175678 -0.140091 1.549019
v 0.202444 -0.097495 1.549020
v 0.219060 -0.050008 1.549020
v 0.224697 -0.000009 1.549020
v 0.116860 0.026653 1.659915
v 0.107992 0.051986 1.659915
v 0.093691 0.074741 1.659915
v 0.074716 0.093722 1.659915
v 0.052004 0.107991 1.659914
v 0.026672 0.116855 1.659915
v -0.000001 0.119861 1.659914
v -0.026674 0.116856 1.659914
v -0.051989 0.107999 1.659915
v -0.074724 0.093705 1.659914
v -0.093721 0.074718 1.659915
v -0.107987 0.052023 1.659915
v -0.116850 0.026669 1.659914
v -0.119860 -0.000002 1.659915
v -0.116849 -0.026670 1.659914
v -0.107981 -0.052023 1.659915
v -0.093711 -0.074732 1.659914
v -0.074746 -0.093700 1.659915
v -0.052002 -0.107984 1.659914
v -0.026654 -0.116860 1.659915
v -0.000005 -0.119861 1.659914
v 0.026671 -0.116856 1.659914
v 0.052008 -0.107991 1.659914
v 0.074732 -0.093711 1.659914
v 0.093711 -0.074732 1.659914
v 0.107989 -0.052006 1.659914
v 0.116856 -0.026672 1.659914
v 0.119861 -0.000001 1.659914
v 0.191222 0.092098 1.609700
v 0.206925 0.047224 1.609698
v 0.155253 0.074775 1.649424
v 0.168004 0.038339 1.649423
v 0.165938 0.132335 1.609700
v 0.134725 0.107444 1.649424
v 0.132330 0.165942 1.609698
v 0.107438 0.134730 1.649423
v 0.092085 0.191231 1.609698
v 0.074763 0.155262 1.649422
v 0.047230 0.206925 1.609698
v 0.038347 0.168004 1.649423
v 0.000001 0.212247 1.609698
v -0.000000 0.172325 1.649423
v -0.047225 0.206927 1.609698
v -0.038340 0.168006 1.649422
v -0.092100 0.191220 1.609698
v -0.074777 0.155252 1.649423
v -0.132332 0.165944 1.609699
v -0.107442 0.134730 1.649424
v -0.165922 0.132356 1.609698
v -0.134710 0.107464 1.649423
v -0.191229 0.092083 1.609698
v -0.155261 0.074760 1.649422
v -0.206930 0.047222 1.609699
v -0.168007 0.038341 1.649424
v -0.212243 -0.000004 1.609699
v -0.172320 -0.000002 1.649423
v -0.206924 -0.047241 1.609699
v -0.168002 -0.038357 1.649423
v -0.191227 -0.092089 1.609698
v -0.155258 -0.074768 1.649423
v -0.165945 -0.132331 1.609698
v -0.134732 -0.107440 1.649422
v -0.132326 -0.165944 1.609698
v -0.107436 -0.134731 1.649423
v -0.092090 -0.191229 1.609699
v -0.074769 -0.155260 1.649423
v -0.047236 -0.206922 1.609698
v -0.038351 -0.168001 1.649423
v 0.000000 -0.212248 1.609698
v 0.000003 -0.172326 1.649422
v 0.047221 -0.206928 1.609698
v 0.038337 -0.168007 1.649422
v 0.092093 -0.191226 1.609698
v 0.074771 -0.155258 1.649423
v 0.132340 -0.165938 1.609698
v 0.107448 -0.134726 1.649422
v 0.165945 -0.132329 1.609698
v 0.134732 -0.107439 1.649422
v 0.191228 -0.092093 1.609698
v 0.155259 -0.074771 1.649422
v 0.206923 -0.047238 1.609698
v 0.168002 -0.038353 1.649422
v 0.212248 -0.000009 1.609698
v 0.172326 -0.000008 1.649422
v 2.532396 0.578003 0.031917
v 2.500712 0.570771 -0.000604
v 2.311005 1.112921 -0.000604
v 2.340286 1.127022 0.031917
v 2.597522 0.000000 0.031917
v 2.565023 -0.000000 -0.000604
v 2.005415 1.599265 -0.000604
v 2.030824 1.619528 0.031917
v 1.599265 2.005415 -0.000604
v 1.619528 2.030824 0.031917
v 1.112922 2.311005 -0.000604
v 1.127022 2.340286 0.031917
v 0.570771 2.500712 -0.000604
v 0.578003 2.532396 0.031917
v 0.000000 2.565022 -0.000604
v 0.000000 2.597521 0.031917
v -0.570771 2.500712 -0.000604
v -0.578003 2.532396 0.031917
v -1.112921 2.311005 -0.000604
v -1.127022 2.340286 0.031917
v -1.599265 2.005415 -0.000604
v -1.619528 2.030824 0.031917
v -2.005415 1.599265 -0.000604
v -2.030824 1.619528 0.031917
v -2.311005 1.112922 -0.000604
v -2.340286 1.127022 0.031917
v -2.500712 0.570771 -0.000604
v -2.532396 0.578003 0.031917
v -2.565022 0.000000 -0.000604
v -2.597521 0.000000 0.031917
v -2.500712 -0.570771 -0.000604
v -2.532396 -0.578003 0.031917
v -2.311005 -1.112921 -0.000604
v -2.340286 -1.127022 0.031917
v -2.005415 -1.599265 -0.000604
v -2.030824 -1.619528 0.031917
v -1.599265 -2.005415 -0.000604
v -1.619528 -2.030824 0.031917
v -1.112922 -2.311006 -0.000604
v -1.127022 -2.340286 0.031918
v -0.570771 -2.500713 -0.000604
v -0.578003 -2.532397 0.031918
v -0.000000 -2.565023 -0.000604
v -0.000000 -2.597522 0.031917
v 0.570771 -2.500713 -0.000604
v 0.578003 -2.532397 0.031917
v 1.112922 -2.311006 -0.000604
v 1.127023 -2.340286 0.031917
v 1.599266 -2.005416 -0.000604
v 1.619529 -2.030825 0.031917
v 2.005416 -1.599266 -0.000604
v 2.030825 -1.619529 0.031917
v 2.311006 -1.112922 -0.000604
v 2.340287 -1.127023 0.031917
v 2.500713 -0.570771 -0.000604
v 2.532397 -0.578003 0.031917
v -0.000000 0.000000 -0.001566
v 2.504328 0.571597 0.770023
v 2.530235 0.577510 0.796712
v 2.595306 0.000000 0.796712
v 2.568733 -0.000000 0.770023
v 2.314348 1.114531 0.770023
v 2.338289 1.126060 0.796712
v 2.008315 1.601578 0.770023
v 2.029091 1.618146 0.796712
v 1.601578 2.008315 0.770023
v 1.618146 2.029090 0.796712
v 1.114531 2.314348 0.770023
v 1.126060 2.338289 0.796712
v 0.571579 2.504251 0.770022
v 0.577439 2.530091 0.796791
v 0.000000 2.568490 0.770021
v 0.000000 2.594818 0.796948
v -0.571580 2.504255 0.770022
v -0.577438 2.530091 0.796787
v -1.114531 2.314348 0.770023
v -1.126060 2.338289 0.796712
v -1.601578 2.008315 0.770023
v -1.618146 2.029090 0.796712
v -2.008315 1.601578 0.770023
v -2.029090 1.618146 0.796712
v -2.314348 1.114531 0.770023
v -2.338289 1.126060 0.796712
v -2.504328 0.571597 0.770023
v -2.530235 0.577510 0.796712
v -2.568732 0.000000 0.770023
v -2.595305 0.000000 0.796712
v -2.504328 -0.571597 0.770023
v -2.530235 -0.577510 0.796712
v -2.314348 -1.114531 0.770023
v -2.338289 -1.126060 0.796712
v -2.008316 -1.601578 0.770023
v -2.029091 -1.618146 0.796712
v -1.601578 -2.008316 0.770023
v -1.618146 -2.029091 0.796712
v -1.114531 -2.314348 0.770023
v -1.126061 -2.338289 0.796712
v -0.571586 -2.504283 0.770023
v -0.577438 -2.530161 0.796759
v -0.000000 -2.568526 0.770021
v -0.000000 -2.594889 0.796914
v 0.571580 -2.504256 0.770022
v 0.577439 -2.530092 0.796786
v 1.114531 -2.314348 0.770023
v 1.126061 -2.338289 0.796712
v 1.601579 -2.008316 0.770023
v 1.618147 -2.029091 0.796712
v 2.008316 -1.601579 0.770023
v 2.029092 -1.618147 0.796712
v 2.314348 -1.114532 0.770023
v 2.338290 -1.126061 0.796712
v 2.504329 -0.571597 0.770023
v 2.530236 -0.577510 0.796712
v 2.504093 0.571543 0.282026
v 2.530466 0.577562 0.255096
v 2.338502 1.126163 0.255096
v 2.314130 1.114426 0.282026
v 2.568491 -0.000000 0.282026
v 2.595542 0.000000 0.255096
v 2.029275 1.618293 0.255096
v 2.008126 1.601428 0.282026
v 1.618293 2.029275 0.255096
v 1.601428 2.008126 0.282026
v 1.126163 2.338502 0.255096
v 1.114426 2.314130 0.282026
v 0.577562 2.530465 0.255096
v 0.571543 2.504093 0.282026
v 0.000000 2.595541 0.255096
v 0.000000 2.568490 0.282026
v -0.577562 2.530466 0.255096
v -0.571543 2.504093 0.282026
v -1.126163 2.338502 0.255096
v -1.114426 2.314130 0.282026
v -1.618293 2.029275 0.255096
v -1.601428 2.008126 0.282026
v -2.029275 1.618293 0.255096
v -2.008126 1.601428 0.282026
v -2.338502 1.126163 0.255096
v -2.314130 1.114426 0.282026
v -2.530466 0.577562 0.255096
v -2.504093 0.571543 0.282026
v -2.595541 0.000000 0.255096
v -2.568491 0.000000 0.282026
v -2.530466 -0.577562 0.255096
v -2.504093 -0.571543 0.282026
v -2.338502 -1.126163 0.255096
v -2.314130 -1.114426 0.282026
v -2.029276 -1.618294 0.255096
v -2.008127 -1.601428 0.282026
v -1.618294 -2.029276 0.255096
v -1.601428 -2.008127 0.282026
v -1.126163 -2.338502 0.255096
v -1.114426 -2.314131 0.282026
v -0.577562 -2.530466 0.255096
v -0.571543 -2.504094 0.282026
v -0.000000 -2.595542 0.255096
v -0.000000 -2.568491 0.282026
v 0.577562 -2.530466 0.255096
v 0.571543 -2.504094 0.282026
v 1.126163 -2.338502 0.255096
v 1.114426 -2.314131 0.282026
v 1.618294 -2.029276 0.255096
v 1.601428 -2.008127 0.282026
v 2.029276 -1.618294 0.255096
v 2.008127 -1.601428 0.282026
v 2.338503 -1.126164 0.255096
v 2.314131 -1.114427 0.282026
v 2.530467 -0.577562 0.255096
v 2.504094 -0.571543 0.282026
v 2.306958 1.110972 1.219297
v 2.338289 1.126060 1.184207
v 2.029091 1.618146 1.184207
v 2.001903 1.596464 1.219297
v 2.496332 0.569772 1.219297
v 2.530235 0.577510 1.184207
v 1.618146 2.029090 1.184207
v 1.596465 2.001903 1.219297
v 2.560531 -0.000000 1.219297
v 2.595306 0.000000 1.184207
v 2.496333 -0.569772 1.219297
v 2.530236 -0.577510 1.184207
v 1.126060 2.338289 1.184207
v 1.111041 2.306915 1.219297
v 0.576399 2.527991 1.184288
v 0.000000 2.594818 1.186017
v -0.576397 2.527986 1.183213
v -1.126060 2.338289 1.184207
v -1.618146 2.029090 1.184207
v -2.029090 1.618146 1.184207
v -2.338289 1.126060 1.184207
v -2.530235 0.577510 1.184207
v -2.595305 0.000000 1.184207
v -2.530235 -0.577510 1.184207
v -2.338289 -1.126060 1.184207
v -2.029091 -1.618146 1.184207
v -1.618146 -2.029091 1.184207
v -1.126061 -2.338289 1.184213
v -0.576397 -2.529069 1.183133
v -0.000000 -2.595896 1.186009
v 0.576399 -2.527991 1.184287
v 1.126061 -2.338289 1.184207
v 1.111041 -2.306916 1.219297
v 1.618147 -2.029091 1.184207
v 1.596465 -2.001904 1.219297
v 2.029092 -1.618147 1.184207
v 2.001904 -1.596465 1.219297
v 2.338290 -1.126061 1.184207
v 2.306959 -1.110973 1.219297
vt 0.003560 0.114497
vt 0.035155 0.114497
vt 0.035155 0.141604
vt 0.003560 0.141604
vt 0.066749 0.114497
vt 0.066749 0.141604
vt 0.098343 0.114497
vt 0.098343 0.141604
vt 0.129937 0.114497
vt 0.129937 0.141604
vt 0.161531 0.114497
vt 0.161531 0.141604
vt 0.193125 0.114497
vt 0.193125 0.141604
vt 0.224720 0.114497
vt 0.224720 0.141604
vt 0.256314 0.114497
vt 0.256314 0.141604
vt 0.287908 0.114497
vt 0.287908 0.141604
vt 0.319502 0.114497
vt 0.319502 0.141604
vt 0.351096 0.114497
vt 0.351096 0.141604
vt 0.382690 0.114497
vt 0.382690 0.141604
vt 0.414284 0.114497
vt 0.414284 0.141604
vt 0.445878 0.114497
vt 0.445878 0.141604
vt 0.477473 0.114497
vt 0.477473 0.141604
vt 0.509067 0.114497
vt 0.509067 0.141604
vt 0.540661 0.114497
vt 0.540661 0.141604
vt 0.572255 0.114497
vt 0.572255 0.141604
vt 0.603850 0.114497
vt 0.603850 0.141604
vt 0.635444 0.114497
vt 0.635444 0.141604
vt 0.667038 0.114497
vt 0.667038 0.141604
vt 0.698632 0.114497
vt 0.698632 0.141604
vt 0.730227 0.114497
vt 0.730227 0.141604
vt 0.761821 0.114497
vt 0.761821 0.141604
vt 0.793415 0.114497
vt 0.793415 0.141604
vt 0.825010 0.114497
vt 0.825010 0.141604
vt 0.856604 0.114497
vt 0.856604 0.141604
vt 0.888198 0.114497
vt 0.888198 0.141604
vt 0.785110 0.030872
vt 0.820744 0.030873
vt 0.820744 0.014142
vt 0.785110 0.014141
vt 0.856378 0.030876
vt 0.856379 0.014145
vt 0.892012 0.030880
vt 0.892013 0.014148
vt 0.927647 0.030884
vt 0.927648 0.014152
vt 0.963281 0.030889
vt 0.963282 0.014156
vt 0.998915 0.030894
vt 0.998917 0.014161
vt 0.001175 0.030894
vt 0.036798 0.030899
vt 0.036799 0.014166
vt 0.001164 0.014161
vt 0.072420 0.030904
vt 0.072422 0.014170
vt 0.108055 0.030909
vt 0.108056 0.014174
vt 0.143689 0.030912
vt 0.143690 0.014177
vt 0.179324 0.030915
vt 0.179325 0.014180
vt 0.214959 0.030917
vt 0.214959 0.014181
vt 0.250593 0.030917
vt 0.250593 0.014182
vt 0.286228 0.030917
vt 0.286228 0.014181
vt 0.321863 0.030915
vt 0.321862 0.014180
vt 0.357497 0.030912
vt 0.357496 0.014177
vt 0.393132 0.030909
vt 0.393131 0.014174
vt 0.428766 0.030904
vt 0.428765 0.014170
vt 0.464401 0.030899
vt 0.464400 0.014166
vt 0.500035 0.030894
vt 0.500034 0.014161
vt 0.535670 0.030889
vt 0.535669 0.014156
vt 0.571304 0.030885
vt 0.571303 0.014152
vt 0.606939 0.030880
vt 0.606938 0.014148
vt 0.642573 0.030876
vt 0.642572 0.014145
vt 0.678207 0.030873
vt 0.678206 0.014142
vt 0.713841 0.030872
vt 0.713841 0.014141
vt 0.749475 0.030871
vt 0.749475 0.014140
vt 0.502593 0.779195
vt 0.508482 0.726930
vt 0.546585 0.726930
vt 0.539740 0.787674
vt 0.749475 0.034694
vt 0.785110 0.034695
vt 0.820744 0.034696
vt 0.485221 0.828840
vt 0.519551 0.845372
vt 0.856378 0.034699
vt 0.457238 0.873374
vt 0.487029 0.897131
vt 0.892012 0.034703
vt 0.420047 0.910565
vt 0.443804 0.940355
vt 0.927647 0.034707
vt 0.375513 0.938548
vt 0.392045 0.972878
vt 0.963281 0.034712
vt 0.325869 0.955919
vt 0.334347 0.993067
vt 0.998915 0.034717
vt 0.273603 0.961808
vt 0.273603 0.999911
vt 0.001175 0.034717
vt 0.036797 0.034722
vt 0.221338 0.955919
vt 0.212859 0.993067
vt 0.072420 0.034727
vt 0.171693 0.938548
vt 0.155161 0.972878
vt 0.108055 0.034731
vt 0.127159 0.910565
vt 0.103402 0.940355
vt 0.143689 0.034735
vt 0.089968 0.873374
vt 0.060178 0.897131
vt 0.179324 0.034738
vt 0.061985 0.828840
vt 0.027655 0.845372
vt 0.214959 0.034740
vt 0.044614 0.779195
vt 0.007466 0.787674
vt 0.250593 0.034740
vt 0.038725 0.726930
vt 0.000622 0.726930
vt 0.286228 0.034740
vt 0.044614 0.674664
vt 0.007466 0.666186
vt 0.321863 0.034738
vt 0.061985 0.625020
vt 0.027655 0.608488
vt 0.357497 0.034735
vt 0.089968 0.580485
vt 0.060178 0.556729
vt 0.393132 0.034732
vt 0.127159 0.543295
vt 0.103402 0.513504
vt 0.428767 0.034727
vt 0.171693 0.515311
vt 0.155161 0.480982
vt 0.464401 0.034722
vt 0.221338 0.497940
vt 0.212859 0.460792
vt 0.500035 0.034717
vt 0.273603 0.492052
vt 0.273603 0.453948
vt 0.535670 0.034712
vt 0.325869 0.497940
vt 0.334347 0.460792
vt 0.571304 0.034707
vt 0.375513 0.515311
vt 0.392045 0.480982
vt 0.606939 0.034703
vt 0.420047 0.543295
vt 0.443804 0.513504
vt 0.642573 0.034699
vt 0.457238 0.580485
vt 0.487029 0.556729
vt 0.678207 0.034696
vt 0.485221 0.625020
vt 0.519551 0.608488
vt 0.713841 0.034695
vt 0.502593 0.674664
vt 0.539741 0.666186
vt 0.728045 0.040343
vt 0.693523 0.040342
vt 0.693523 0.036476
vt 0.728045 0.036477
vt 0.762567 0.040345
vt 0.762568 0.036479
vt 0.797089 0.040348
vt 0.797090 0.036482
vt 0.831612 0.040352
vt 0.831612 0.036486
vt 0.866133 0.040357
vt 0.866134 0.036492
vt 0.900656 0.040363
vt 0.900656 0.036497
vt 0.935178 0.040369
vt 0.935178 0.036504
vt 0.969700 0.040376
vt 0.969700 0.036510
vt 0.037604 0.040381
vt 0.003083 0.040376
vt 0.003083 0.036510
vt 0.037605 0.036515
vt 0.072126 0.040386
vt 0.072127 0.036520
vt 0.106648 0.040390
vt 0.106649 0.036525
vt 0.141171 0.040393
vt 0.141171 0.036528
vt 0.175693 0.040395
vt 0.175692 0.036530
vt 0.210215 0.040396
vt 0.210215 0.036530
vt 0.244737 0.040395
vt 0.244737 0.036530
vt 0.279259 0.040393
vt 0.279259 0.036528
vt 0.313781 0.040391
vt 0.313781 0.036524
vt 0.348303 0.040386
vt 0.348303 0.036520
vt 0.382825 0.040381
vt 0.382825 0.036515
vt 0.417347 0.040375
vt 0.417347 0.036509
vt 0.451869 0.040369
vt 0.451869 0.036503
vt 0.486392 0.040363
vt 0.486391 0.036498
vt 0.520913 0.040358
vt 0.520914 0.036492
vt 0.555436 0.040352
vt 0.555436 0.036486
vt 0.589958 0.040348
vt 0.589957 0.036482
vt 0.624480 0.040345
vt 0.624479 0.036479
vt 0.659002 0.040343
vt 0.659002 0.036477
vt 0.334131 0.740813
vt 0.499797 0.778626
vt 0.482616 0.827724
vt 0.329518 0.753996
vt 0.625878 0.055394
vt 0.625878 0.085790
vt 0.655555 0.085792
vt 0.655555 0.055395
vt 0.820745 0.000721
vt 0.785110 0.000720
vt 0.856379 0.000724
vt 0.892014 0.000727
vt 0.927649 0.000731
vt 0.963283 0.000735
vt 0.998918 0.000740
vt 0.036788 0.000745
vt 0.001154 0.000740
vt 0.072423 0.000749
vt 0.108057 0.000753
vt 0.143691 0.000756
vt 0.179325 0.000759
vt 0.214959 0.000760
vt 0.250593 0.000761
vt 0.286227 0.000760
vt 0.321862 0.000759
vt 0.357496 0.000756
vt 0.393130 0.000753
vt 0.428764 0.000749
vt 0.464399 0.000745
vt 0.500033 0.000740
vt 0.535668 0.000735
vt 0.571302 0.000731
vt 0.606937 0.000727
vt 0.642571 0.000724
vt 0.678206 0.000721
vt 0.713841 0.000720
vt 0.749475 0.000719
vt 0.454941 0.871769
vt 0.322088 0.765822
vt 0.685231 0.085794
vt 0.685232 0.055398
vt 0.418159 0.908551
vt 0.312212 0.775697
vt 0.714907 0.085797
vt 0.714909 0.055401
vt 0.374115 0.936226
vt 0.300386 0.783128
vt 0.744584 0.085802
vt 0.744586 0.055405
vt 0.325016 0.953407
vt 0.287204 0.787741
vt 0.774261 0.085805
vt 0.774263 0.055409
vt 0.273325 0.959231
vt 0.273325 0.789304
vt 0.803937 0.085811
vt 0.803939 0.055414
vt 0.221635 0.953407
vt 0.259447 0.787741
vt 0.833614 0.085815
vt 0.833616 0.055419
vt 0.172536 0.936226
vt 0.246264 0.783128
vt 0.032344 0.055423
vt 0.002667 0.055419
vt 0.002665 0.085815
vt 0.032342 0.085820
vt 0.128491 0.908551
vt 0.234438 0.775697
vt 0.062019 0.085823
vt 0.062020 0.055427
vt 0.091709 0.871769
vt 0.224563 0.765822
vt 0.091696 0.085827
vt 0.091697 0.055431
vt 0.064034 0.827724
vt 0.217132 0.753996
vt 0.121373 0.085829
vt 0.121373 0.055433
vt 0.046854 0.778626
vt 0.212519 0.740813
vt 0.151050 0.085831
vt 0.151050 0.055435
vt 0.041029 0.726935
vt 0.210956 0.726935
vt 0.180727 0.085831
vt 0.180727 0.055435
vt 0.046854 0.675245
vt 0.212519 0.713057
vt 0.210404 0.085831
vt 0.210403 0.055434
vt 0.064034 0.626146
vt 0.217132 0.699874
vt 0.240081 0.085829
vt 0.240080 0.055433
vt 0.091709 0.582101
vt 0.224563 0.688048
vt 0.269758 0.085827
vt 0.269757 0.055431
vt 0.128491 0.545319
vt 0.234438 0.678173
vt 0.299435 0.085823
vt 0.299433 0.055427
vt 0.172536 0.517644
vt 0.246264 0.670742
vt 0.329112 0.085820
vt 0.329110 0.055423
vt 0.221635 0.500464
vt 0.259447 0.666129
vt 0.358789 0.085815
vt 0.358787 0.055419
vt 0.273325 0.494639
vt 0.273325 0.664566
vt 0.388465 0.085811
vt 0.388463 0.055414
vt 0.325016 0.500464
vt 0.287204 0.666129
vt 0.418142 0.085806
vt 0.418140 0.055410
vt 0.374115 0.517644
vt 0.300386 0.670742
vt 0.447819 0.085802
vt 0.447817 0.055405
vt 0.418159 0.545319
vt 0.312212 0.678173
vt 0.477495 0.085797
vt 0.477494 0.055401
vt 0.454941 0.582101
vt 0.322088 0.688048
vt 0.507172 0.085794
vt 0.507171 0.055398
vt 0.482616 0.626146
vt 0.329518 0.699874
vt 0.536848 0.085792
vt 0.536848 0.055395
vt 0.499797 0.675244
vt 0.334131 0.713056
vt 0.566525 0.085790
vt 0.566525 0.055394
vt 0.505621 0.726935
vt 0.335695 0.726935
vt 0.596201 0.085790
vt 0.596201 0.055394
vt 0.002894 0.042581
vt 0.002893 0.052947
vt 0.032570 0.052952
vt 0.032571 0.042586
vt 0.804167 0.042576
vt 0.804166 0.052943
vt 0.833843 0.052947
vt 0.833843 0.042581
vt 0.774490 0.042572
vt 0.774489 0.052938
vt 0.744813 0.042568
vt 0.744812 0.052934
vt 0.715136 0.042565
vt 0.715135 0.052932
vt 0.685459 0.042563
vt 0.685458 0.052929
vt 0.655782 0.042561
vt 0.655782 0.052927
vt 0.626104 0.052927
vt 0.626104 0.042561
vt 0.596428 0.042561
vt 0.596428 0.052927
vt 0.566751 0.042563
vt 0.566751 0.052929
vt 0.537074 0.042565
vt 0.537074 0.052932
vt 0.507397 0.042568
vt 0.507397 0.052935
vt 0.477720 0.042572
vt 0.477720 0.052939
vt 0.448042 0.042576
vt 0.448044 0.052943
vt 0.418366 0.042581
vt 0.418367 0.052947
vt 0.388689 0.042586
vt 0.388690 0.052952
vt 0.359013 0.042590
vt 0.359013 0.052956
vt 0.329335 0.042593
vt 0.329336 0.052960
vt 0.299659 0.042596
vt 0.299660 0.052963
vt 0.269983 0.042599
vt 0.269983 0.052966
vt 0.240306 0.042601
vt 0.240307 0.052967
vt 0.210630 0.042601
vt 0.210630 0.052968
vt 0.180953 0.042601
vt 0.180954 0.052967
vt 0.151278 0.042599
vt 0.151277 0.052966
vt 0.121601 0.042597
vt 0.121600 0.052963
vt 0.091924 0.042593
vt 0.091923 0.052960
vt 0.062247 0.042589
vt 0.062247 0.052956
vt 0.906603 0.465523
vt 0.891034 0.510015
vt 0.894536 0.511701
vt 0.910391 0.466388
vt 0.924991 0.520479
vt 0.943279 0.468215
vt 0.950633 0.469894
vt 0.931788 0.523751
vt 0.865957 0.549926
vt 0.868996 0.552350
vt 0.895532 0.567362
vt 0.901430 0.572065
vt 0.832625 0.583257
vt 0.835049 0.586296
vt 0.856380 0.606515
vt 0.861082 0.612412
vt 0.792714 0.608335
vt 0.794401 0.611837
vt 0.809496 0.635974
vt 0.812769 0.642770
vt 0.748223 0.623903
vt 0.749087 0.627692
vt 0.757233 0.654261
vt 0.758912 0.661615
vt 0.701383 0.629182
vt 0.701383 0.633067
vt 0.702211 0.660461
vt 0.702211 0.668004
vt 0.654542 0.623903
vt 0.653676 0.627692
vt 0.647189 0.654262
vt 0.645510 0.661615
vt 0.594925 0.635974
vt 0.591653 0.642770
vt 0.610051 0.608335
vt 0.608365 0.611837
vt 0.570139 0.583257
vt 0.567716 0.586296
vt 0.548042 0.606515
vt 0.543339 0.612412
vt 0.536808 0.549926
vt 0.533770 0.552350
vt 0.508889 0.567362
vt 0.502992 0.572065
vt 0.511730 0.510015
vt 0.508229 0.511701
vt 0.479430 0.520479
vt 0.472635 0.523751
vt 0.496162 0.465523
vt 0.492373 0.466388
vt 0.461142 0.468215
vt 0.453789 0.469894
vt 0.490884 0.418683
vt 0.486998 0.418683
vt 0.454943 0.413193
vt 0.447400 0.413193
vt 0.496162 0.371843
vt 0.492373 0.370978
vt 0.461142 0.358171
vt 0.453789 0.356492
vt 0.511730 0.327351
vt 0.508229 0.325665
vt 0.479430 0.305907
vt 0.472635 0.302635
vt 0.536808 0.287439
vt 0.533770 0.285016
vt 0.508889 0.259024
vt 0.502992 0.254321
vt 0.570139 0.254109
vt 0.567716 0.251071
vt 0.548042 0.219871
vt 0.543339 0.213974
vt 0.610051 0.229030
vt 0.608365 0.225529
vt 0.594925 0.190412
vt 0.591653 0.183617
vt 0.654542 0.213462
vt 0.653677 0.209673
vt 0.647189 0.172125
vt 0.645510 0.164771
vt 0.701383 0.208185
vt 0.701383 0.204298
vt 0.702211 0.165925
vt 0.702211 0.158382
vt 0.748223 0.213462
vt 0.749087 0.209673
vt 0.757233 0.172125
vt 0.758912 0.164771
vt 0.792714 0.229030
vt 0.794401 0.225529
vt 0.809496 0.190412
vt 0.812769 0.183617
vt 0.832625 0.254109
vt 0.835049 0.251071
vt 0.856380 0.219871
vt 0.861082 0.213974
vt 0.865957 0.287439
vt 0.868995 0.285016
vt 0.895533 0.259024
vt 0.901430 0.254321
vt 0.891034 0.327351
vt 0.894537 0.325665
vt 0.924991 0.305907
vt 0.931788 0.302635
vt 0.906603 0.371843
vt 0.910393 0.370978
vt 0.943280 0.358171
vt 0.950633 0.356492
vt 0.911881 0.418683
vt 0.915768 0.418683
vt 0.949479 0.413193
vt 0.957022 0.413193
vt 0.237289 0.161977
vt 0.226674 0.161977
vt 0.226675 0.156775
vt 0.237289 0.156776
vt 0.324760 0.751555
vt 0.286174 0.732973
vt 0.287209 0.730013
vt 0.328963 0.739543
vt 0.107662 0.254004
vt 0.105458 0.260298
vt 0.078623 0.247381
vt 0.101904 0.265954
vt 0.097188 0.270671
vt 0.091545 0.274216
vt 0.085250 0.276419
vt 0.078622 0.277166
vt 0.071994 0.276419
vt 0.065704 0.274218
vt 0.060054 0.270666
vt 0.055332 0.265947
vt 0.051788 0.260309
vt 0.049586 0.254008
vt 0.048837 0.247381
vt 0.049586 0.240754
vt 0.051789 0.234454
vt 0.055335 0.228810
vt 0.060048 0.224097
vt 0.065700 0.220547
vt 0.072000 0.218341
vt 0.078621 0.217596
vt 0.085250 0.218342
vt 0.091546 0.220545
vt 0.097193 0.224093
vt 0.101909 0.228810
vt 0.105457 0.234458
vt 0.107661 0.240753
vt 0.108407 0.247381
vt 0.317990 0.762330
vt 0.284505 0.735627
vt 0.247903 0.161978
vt 0.247903 0.156777
vt 0.308991 0.771328
vt 0.282288 0.737844
vt 0.258517 0.161980
vt 0.258517 0.156778
vt 0.298216 0.778098
vt 0.279634 0.739512
vt 0.269131 0.161981
vt 0.269132 0.156779
vt 0.286205 0.782301
vt 0.276675 0.740548
vt 0.279746 0.161982
vt 0.279746 0.156781
vt 0.273559 0.783726
vt 0.273559 0.740898
vt 0.290360 0.161983
vt 0.290360 0.156783
vt 0.260914 0.782301
vt 0.270444 0.740548
vt 0.300974 0.161986
vt 0.300974 0.156784
vt 0.248902 0.778098
vt 0.267484 0.739512
vt 0.014391 0.161987
vt 0.003776 0.161986
vt 0.003777 0.156784
vt 0.014391 0.156786
vt 0.238127 0.771328
vt 0.264830 0.737844
vt 0.025005 0.161988
vt 0.025005 0.156788
vt 0.229129 0.762330
vt 0.262613 0.735627
vt 0.035619 0.161990
vt 0.035619 0.156788
vt 0.222359 0.751555
vt 0.260945 0.732973
vt 0.046234 0.161990
vt 0.046234 0.156790
vt 0.218156 0.739543
vt 0.259909 0.730013
vt 0.056848 0.161991
vt 0.056847 0.156790
vt 0.216731 0.726898
vt 0.259558 0.726898
vt 0.067462 0.161991
vt 0.067462 0.156791
vt 0.218156 0.714252
vt 0.259909 0.723782
vt 0.078076 0.161991
vt 0.078076 0.156790
vt 0.222359 0.702241
vt 0.260945 0.720823
vt 0.088690 0.161990
vt 0.088690 0.156790
vt 0.229129 0.691466
vt 0.262613 0.718168
vt 0.099305 0.161990
vt 0.099304 0.156788
vt 0.238127 0.682468
vt 0.264830 0.715951
vt 0.109918 0.161988
vt 0.109919 0.156788
vt 0.248902 0.675697
vt 0.267484 0.714283
vt 0.120533 0.161987
vt 0.120533 0.156786
vt 0.260914 0.671494
vt 0.270444 0.713248
vt 0.131147 0.161986
vt 0.131147 0.156784
vt 0.273559 0.670069
vt 0.273559 0.712897
vt 0.141761 0.161983
vt 0.141761 0.156783
vt 0.286205 0.671494
vt 0.276675 0.713248
vt 0.152376 0.161982
vt 0.152375 0.156781
vt 0.298216 0.675697
vt 0.279634 0.714283
vt 0.162990 0.161981
vt 0.162989 0.156779
vt 0.308991 0.682468
vt 0.282288 0.715951
vt 0.173604 0.161980
vt 0.173604 0.156778
vt 0.317990 0.691466
vt 0.284505 0.718168
vt 0.184218 0.161978
vt 0.184218 0.156777
vt 0.324760 0.702241
vt 0.286174 0.720823
vt 0.194832 0.161977
vt 0.194832 0.156776
vt 0.328963 0.714252
vt 0.287209 0.723782
vt 0.205447 0.161977
vt 0.205446 0.156775
vt 0.330388 0.726898
vt 0.287560 0.726898
vt 0.216060 0.161976
vt 0.216060 0.156775
vt 0.969545 0.039816
vt 0.973573 0.039816
vt 0.973571 0.100919
vt 0.969544 0.100919
vt 0.977601 0.039817
vt 0.977598 0.100919
vt 0.981629 0.039817
vt 0.981625 0.100920
vt 0.985657 0.039817
vt 0.985652 0.100920
vt 0.989684 0.039818
vt 0.989679 0.100921
vt 0.993712 0.039819
vt 0.993707 0.100921
vt 0.997739 0.039819
vt 0.997734 0.100921
vt 0.884970 0.039819
vt 0.888998 0.039819
vt 0.888994 0.100922
vt 0.884966 0.100921
vt 0.893025 0.039820
vt 0.893021 0.100922
vt 0.897052 0.039820
vt 0.897049 0.100923
vt 0.901079 0.039820
vt 0.901077 0.100923
vt 0.905106 0.039821
vt 0.905105 0.100923
vt 0.909133 0.039821
vt 0.909133 0.100923
vt 0.913159 0.039821
vt 0.913160 0.100923
vt 0.917186 0.039820
vt 0.917189 0.100923
vt 0.921214 0.039820
vt 0.921217 0.100923
vt 0.925240 0.039820
vt 0.925244 0.100922
vt 0.929268 0.039819
vt 0.929272 0.100922
vt 0.933295 0.039819
vt 0.933300 0.100921
vt 0.937322 0.039819
vt 0.937327 0.100921
vt 0.941350 0.039818
vt 0.941355 0.100921
vt 0.945378 0.039818
vt 0.945382 0.100920
vt 0.949405 0.039817
vt 0.949409 0.100920
vt 0.953433 0.039817
vt 0.953436 0.100919
vt 0.957461 0.039817
vt 0.957463 0.100919
vt 0.961489 0.039816
vt 0.961490 0.100919
vt 0.965517 0.039816
vt 0.965517 0.100919
vt 0.362549 0.183037
vt 0.370991 0.183037
vt 0.370989 0.235518
vt 0.362548 0.235518
vt 0.379434 0.183038
vt 0.379432 0.235519
vt 0.387877 0.183038
vt 0.387874 0.235519
vt 0.396319 0.183039
vt 0.396314 0.235520
vt 0.404761 0.183040
vt 0.404756 0.235521
vt 0.413203 0.183041
vt 0.413198 0.235522
vt 0.421645 0.183042
vt 0.421641 0.235523
vt 0.185272 0.183042
vt 0.193713 0.183043
vt 0.193709 0.235524
vt 0.185268 0.235523
vt 0.202155 0.183044
vt 0.202151 0.235525
vt 0.210597 0.183045
vt 0.210594 0.235526
vt 0.219038 0.183045
vt 0.219035 0.235526
vt 0.227479 0.183045
vt 0.227478 0.235527
vt 0.235921 0.183045
vt 0.235921 0.235527
vt 0.244362 0.183045
vt 0.244363 0.235527
vt 0.252804 0.183045
vt 0.252806 0.235526
vt 0.261245 0.183045
vt 0.261248 0.235526
vt 0.269686 0.183044
vt 0.269689 0.235525
vt 0.278128 0.183043
vt 0.278132 0.235524
vt 0.286570 0.183042
vt 0.286575 0.235523
vt 0.295012 0.183041
vt 0.295016 0.235522
vt 0.303454 0.183040
vt 0.303458 0.235521
vt 0.311896 0.183039
vt 0.311899 0.235520
vt 0.320338 0.183038
vt 0.320341 0.235519
vt 0.328780 0.183038
vt 0.328783 0.235519
vt 0.337222 0.183037
vt 0.337224 0.235518
vt 0.345665 0.183037
vt 0.345666 0.235518
vt 0.354107 0.183037
vt 0.354107 0.235518
vt 0.487981 0.208525
vt 0.486761 0.212012
vt 0.508205 0.222339
vt 0.511186 0.213821
vt 0.950748 0.200308
vt 0.952161 0.196269
vt 0.989205 0.204723
vt 0.984981 0.216793
vt 0.484795 0.215140
vt 0.503404 0.229980
vt 0.948471 0.203931
vt 0.978177 0.227621
vt 0.482183 0.217753
vt 0.497023 0.236361
vt 0.945445 0.206956
vt 0.969135 0.236663
vt 0.479055 0.219718
vt 0.489382 0.241163
vt 0.941823 0.209233
vt 0.958309 0.243466
vt 0.475568 0.220939
vt 0.480864 0.244143
vt 0.937784 0.210646
vt 0.946239 0.247689
vt 0.471896 0.221352
vt 0.471896 0.245153
vt 0.933532 0.211125
vt 0.933532 0.249120
vt 0.468225 0.220939
vt 0.462929 0.244143
vt 0.929280 0.210646
vt 0.920825 0.247689
vt 0.464738 0.219718
vt 0.454411 0.241163
vt 0.925242 0.209233
vt 0.908756 0.243466
vt 0.461609 0.217753
vt 0.446770 0.236361
vt 0.921618 0.206956
vt 0.897929 0.236662
vt 0.458997 0.215140
vt 0.440388 0.229980
vt 0.918593 0.203930
vt 0.888886 0.227620
vt 0.457031 0.212012
vt 0.435587 0.222339
vt 0.916317 0.200308
vt 0.882084 0.216795
vt 0.455811 0.208525
vt 0.432607 0.213821
vt 0.914903 0.196269
vt 0.877861 0.204724
vt 0.455397 0.204854
vt 0.431597 0.204854
vt 0.914424 0.192017
vt 0.876429 0.192017
vt 0.455811 0.201182
vt 0.432607 0.195886
vt 0.914903 0.187766
vt 0.877860 0.179310
vt 0.457031 0.197695
vt 0.435588 0.187368
vt 0.916316 0.183726
vt 0.882084 0.167240
vt 0.458997 0.194567
vt 0.440389 0.179727
vt 0.918593 0.180104
vt 0.888887 0.156414
vt 0.461609 0.191954
vt 0.446770 0.173346
vt 0.921618 0.177078
vt 0.897928 0.147372
vt 0.464738 0.189989
vt 0.454411 0.168545
vt 0.925242 0.174802
vt 0.908756 0.140569
vt 0.468225 0.188768
vt 0.462929 0.165564
vt 0.929281 0.173388
vt 0.920827 0.136345
vt 0.471896 0.188355
vt 0.471896 0.164554
vt 0.933532 0.172910
vt 0.933533 0.134913
vt 0.475568 0.188768
vt 0.480864 0.165564
vt 0.937784 0.173388
vt 0.946239 0.136345
vt 0.479055 0.189989
vt 0.489382 0.168545
vt 0.941823 0.174802
vt 0.958308 0.140568
vt 0.482183 0.191954
vt 0.497023 0.173346
vt 0.945446 0.177078
vt 0.969136 0.147372
vt 0.484795 0.194567
vt 0.503404 0.179727
vt 0.948472 0.180104
vt 0.978178 0.156414
vt 0.486761 0.197695
vt 0.508205 0.187368
vt 0.950748 0.183726
vt 0.984981 0.167241
vt 0.487981 0.201182
vt 0.511186 0.195886
vt 0.952161 0.187766
vt 0.989204 0.179310
vt 0.488395 0.204854
vt 0.512196 0.204854
vt 0.952640 0.192017
vt 0.990636 0.192017
vt 0.551238 0.828620
vt 0.551238 0.820538
vt 0.637127 0.820546
vt 0.637126 0.828626
vt 0.551239 0.812454
vt 0.637127 0.812456
vt 0.551239 0.804373
vt 0.637127 0.804375
vt 0.551240 0.796292
vt 0.637128 0.796299
vt 0.551241 0.788210
vt 0.637129 0.788218
vt 0.551241 0.780129
vt 0.637130 0.780138
vt 0.551242 0.772047
vt 0.637130 0.772056
vt 0.551242 0.998319
vt 0.551243 0.990239
vt 0.637131 0.990252
vt 0.637130 0.998328
vt 0.551244 0.982158
vt 0.637132 0.982166
vt 0.551244 0.974077
vt 0.637132 0.974078
vt 0.551244 0.965998
vt 0.637133 0.966006
vt 0.551245 0.957917
vt 0.637133 0.957919
vt 0.551245 0.949837
vt 0.637133 0.949837
vt 0.551245 0.941757
vt 0.637133 0.941755
vt 0.551244 0.933676
vt 0.637133 0.933668
vt 0.551244 0.925597
vt 0.637132 0.925591
vt 0.551244 0.917517
vt 0.637132 0.917513
vt 0.551243 0.909436
vt 0.637131 0.909427
vt 0.551242 0.901354
vt 0.637130 0.901341
vt 0.551241 0.893273
vt 0.637130 0.893267
vt 0.551241 0.885193
vt 0.637129 0.885185
vt 0.551240 0.877111
vt 0.637128 0.877102
vt 0.551239 0.869030
vt 0.637127 0.869022
vt 0.551239 0.860947
vt 0.637127 0.860942
vt 0.551238 0.852866
vt 0.637127 0.852862
vt 0.551238 0.844783
vt 0.637126 0.844781
vt 0.551238 0.836701
vt 0.637126 0.836701
vt 0.103274 0.454578
vt 0.100929 0.461280
vt 0.130848 0.475697
vt 0.135651 0.461971
vt 0.097146 0.467299
vt 0.123115 0.488004
vt 0.092125 0.472321
vt 0.112834 0.498283
vt 0.086115 0.476096
vt 0.100524 0.506019
vt 0.079413 0.478441
vt 0.086803 0.510820
vt 0.072357 0.479237
vt 0.072357 0.512448
vt 0.065300 0.478441
vt 0.057911 0.510820
vt 0.058602 0.476099
vt 0.044185 0.506016
vt 0.052587 0.472317
vt 0.031879 0.498285
vt 0.047561 0.467294
vt 0.021605 0.488010
vt 0.043786 0.461288
vt 0.013863 0.475691
vt 0.041442 0.454582
vt 0.009061 0.461970
vt 0.040645 0.447526
vt 0.007436 0.447524
vt 0.041442 0.440469
vt 0.009063 0.433075
vt 0.043788 0.433763
vt 0.013864 0.419358
vt 0.047564 0.427754
vt 0.021597 0.407048
vt 0.052582 0.422735
vt 0.031881 0.396767
vt 0.058599 0.418956
vt 0.044188 0.389033
vt 0.065305 0.416608
vt 0.057908 0.384233
vt 0.072355 0.415814
vt 0.072357 0.382604
vt 0.079413 0.416609
vt 0.086800 0.384231
vt 0.086117 0.418955
vt 0.100527 0.389034
vt 0.092129 0.422733
vt 0.112837 0.396769
vt 0.097150 0.427754
vt 0.123116 0.407049
vt 0.100927 0.433767
vt 0.130850 0.419357
vt 0.103273 0.440469
vt 0.135651 0.433077
vt 0.104069 0.447526
vt 0.137279 0.447523
vt 0.129108 0.164376
vt 0.134830 0.164376
vt 0.134830 0.169273
vt 0.129108 0.169273
vt 0.140562 0.164376
vt 0.140561 0.169273
vt 0.146284 0.164377
vt 0.146283 0.169273
vt 0.152002 0.164378
vt 0.152002 0.169274
vt 0.157724 0.164379
vt 0.157724 0.169275
vt 0.163447 0.164380
vt 0.163446 0.169276
vt 0.003223 0.164380
vt 0.008946 0.164380
vt 0.008945 0.169277
vt 0.003222 0.169276
vt 0.014663 0.164381
vt 0.014662 0.169278
vt 0.020389 0.164382
vt 0.020388 0.169279
vt 0.026116 0.164383
vt 0.026115 0.169279
vt 0.031829 0.164383
vt 0.031829 0.169280
vt 0.037556 0.164383
vt 0.037556 0.169280
vt 0.043278 0.164384
vt 0.043278 0.169281
vt 0.049001 0.164384
vt 0.049000 0.169280
vt 0.054727 0.164383
vt 0.054727 0.169280
vt 0.060445 0.164383
vt 0.060445 0.169279
vt 0.066163 0.164382
vt 0.066163 0.169278
vt 0.071890 0.164381
vt 0.071890 0.169278
vt 0.077616 0.164381
vt 0.077616 0.169277
vt 0.083333 0.164380
vt 0.083333 0.169276
vt 0.089056 0.164379
vt 0.089056 0.169275
vt 0.094779 0.164378
vt 0.094779 0.169275
vt 0.100501 0.164377
vt 0.100501 0.169274
vt 0.106223 0.164376
vt 0.106223 0.169273
vt 0.111945 0.164376
vt 0.111945 0.169273
vt 0.117668 0.164376
vt 0.117668 0.169273
vt 0.123390 0.164376
vt 0.123390 0.169272
vt 0.147861 0.280729
vt 0.130417 0.272327
vt 0.134671 0.260172
vt 0.153547 0.264480
vt 0.121047 0.267814
vt 0.124531 0.257857
vt 0.106932 0.261008
vt 0.109257 0.254368
vt 0.138707 0.295298
vt 0.123569 0.283226
vt 0.115437 0.276741
vt 0.103182 0.266974
vt 0.126537 0.307466
vt 0.114466 0.292328
vt 0.107981 0.284197
vt 0.098208 0.271950
vt 0.111965 0.316623
vt 0.103564 0.299179
vt 0.099052 0.289808
vt 0.092255 0.275690
vt 0.095723 0.322305
vt 0.091415 0.303430
vt 0.089101 0.293290
vt 0.085614 0.278014
vt 0.078622 0.324232
vt 0.078622 0.304871
vt 0.078622 0.294471
vt 0.078622 0.278802
vt 0.061522 0.322306
vt 0.065830 0.303430
vt 0.068145 0.293291
vt 0.071629 0.278015
vt 0.045273 0.316618
vt 0.053675 0.299175
vt 0.058188 0.289805
vt 0.064993 0.275693
vt 0.030705 0.307467
vt 0.042777 0.292330
vt 0.049262 0.284197
vt 0.059033 0.271945
vt 0.018543 0.295305
vt 0.033679 0.283232
vt 0.041810 0.276746
vt 0.054052 0.266967
vt 0.009380 0.280722
vt 0.026824 0.272322
vt 0.036194 0.267809
vt 0.050313 0.261019
vt 0.003694 0.264479
vt 0.022571 0.260172
vt 0.032711 0.257858
vt 0.047989 0.254372
vt 0.001771 0.247380
vt 0.021132 0.247380
vt 0.031533 0.247381
vt 0.047200 0.247381
vt 0.003697 0.230276
vt 0.022572 0.234584
vt 0.032713 0.236899
vt 0.047990 0.240390
vt 0.009380 0.214037
vt 0.026824 0.222437
vt 0.036195 0.226950
vt 0.050314 0.233743
vt 0.018534 0.199466
vt 0.033672 0.211537
vt 0.041804 0.218022
vt 0.054055 0.227790
vt 0.030708 0.187295
vt 0.042779 0.202433
vt 0.049263 0.210564
vt 0.059026 0.222818
vt 0.045277 0.178139
vt 0.053677 0.195584
vt 0.058190 0.204954
vt 0.064989 0.219073
vt 0.061518 0.172457
vt 0.065827 0.191333
vt 0.068142 0.201473
vt 0.071635 0.216746
vt 0.078621 0.170529
vt 0.078622 0.189890
vt 0.078623 0.200291
vt 0.078620 0.215959
vt 0.095719 0.172455
vt 0.091412 0.191331
vt 0.089098 0.201471
vt 0.085614 0.216747
vt 0.111967 0.178141
vt 0.103567 0.195584
vt 0.099054 0.204955
vt 0.092256 0.219071
vt 0.126540 0.187297
vt 0.114468 0.202434
vt 0.107983 0.210565
vt 0.098213 0.222814
vt 0.138708 0.199466
vt 0.123571 0.211537
vt 0.115439 0.218022
vt 0.103188 0.227790
vt 0.147863 0.214035
vt 0.130419 0.222436
vt 0.121048 0.226948
vt 0.106931 0.233748
vt 0.153546 0.230276
vt 0.134670 0.234586
vt 0.124531 0.236900
vt 0.109256 0.240389
vt 0.155474 0.247378
vt 0.136113 0.247378
vt 0.125712 0.247379
vt 0.110043 0.247381
vt 0.893193 0.462462
vt 0.891221 0.462013
vt 0.876819 0.503169
vt 0.878642 0.504046
vt 0.898125 0.418683
vt 0.896103 0.418683
vt 0.853621 0.540089
vt 0.855202 0.541350
vt 0.822789 0.570921
vt 0.824049 0.572503
vt 0.785868 0.594120
vt 0.786746 0.595941
vt 0.744712 0.608521
vt 0.745162 0.610493
vt 0.701383 0.613403
vt 0.701383 0.615425
vt 0.658053 0.608521
vt 0.657603 0.610493
vt 0.616897 0.594120
vt 0.616019 0.595941
vt 0.579977 0.570921
vt 0.578716 0.572503
vt 0.549145 0.540089
vt 0.547563 0.541350
vt 0.525946 0.503169
vt 0.524124 0.504046
vt 0.511545 0.462013
vt 0.509573 0.462462
vt 0.506663 0.418683
vt 0.504640 0.418683
vt 0.511545 0.375354
vt 0.509573 0.374904
vt 0.525946 0.334197
vt 0.524124 0.333320
vt 0.549144 0.297277
vt 0.547563 0.296015
vt 0.579977 0.266444
vt 0.578716 0.264863
vt 0.616897 0.243246
vt 0.616019 0.241424
vt 0.658053 0.228845
vt 0.657603 0.226873
vt 0.701383 0.223963
vt 0.701383 0.221940
vt 0.744712 0.228845
vt 0.745162 0.226873
vt 0.785868 0.243246
vt 0.786746 0.241424
vt 0.822789 0.266444
vt 0.824050 0.264863
vt 0.853621 0.297277
vt 0.855202 0.296015
vt 0.876819 0.334197
vt 0.878642 0.333319
vt 0.891221 0.375354
vt 0.893193 0.374904
vt 0.701383 0.418683
vt 0.921359 0.465023
vt 0.923606 0.465528
vt 0.929286 0.415103
vt 0.926984 0.415096
vt 0.923602 0.465542
vt 0.904764 0.512446
vt 0.906842 0.513439
vt 0.906835 0.513452
vt 0.878034 0.554988
vt 0.879839 0.556418
vt 0.879829 0.556429
vt 0.842507 0.590515
vt 0.843948 0.592311
vt 0.843936 0.592319
vt 0.799965 0.617246
vt 0.800971 0.619317
vt 0.800957 0.619323
vt 0.752540 0.633833
vt 0.753058 0.636084
vt 0.753043 0.636086
vt 0.702614 0.639445
vt 0.702622 0.641768
vt 0.702607 0.641768
vt 0.652689 0.633834
vt 0.652186 0.636087
vt 0.652171 0.636084
vt 0.605264 0.617246
vt 0.604272 0.619324
vt 0.604258 0.619317
vt 0.562722 0.590515
vt 0.561292 0.592320
vt 0.561281 0.592310
vt 0.527195 0.554988
vt 0.525400 0.556430
vt 0.525391 0.556417
vt 0.500464 0.512446
vt 0.498393 0.513452
vt 0.498387 0.513438
vt 0.483870 0.465023
vt 0.481627 0.465542
vt 0.481624 0.465527
vt 0.478245 0.415096
vt 0.475942 0.415103
vt 0.475943 0.415088
vt 0.483870 0.365169
vt 0.481624 0.364664
vt 0.481628 0.364649
vt 0.500464 0.317745
vt 0.498387 0.316753
vt 0.498394 0.316740
vt 0.527195 0.275204
vt 0.525390 0.273774
vt 0.525400 0.273763
vt 0.562722 0.239676
vt 0.561281 0.237881
vt 0.561293 0.237872
vt 0.605264 0.212946
vt 0.604258 0.210875
vt 0.604272 0.210869
vt 0.652688 0.196355
vt 0.652172 0.194107
vt 0.652187 0.194106
vt 0.702614 0.190744
vt 0.702607 0.188424
vt 0.702622 0.188425
vt 0.752540 0.196358
vt 0.753043 0.194105
vt 0.753058 0.194108
vt 0.799965 0.212946
vt 0.800957 0.210868
vt 0.800971 0.210875
vt 0.842507 0.239676
vt 0.843936 0.237872
vt 0.843948 0.237882
vt 0.878034 0.275204
vt 0.879829 0.273762
vt 0.879838 0.273775
vt 0.904765 0.317746
vt 0.906836 0.316739
vt 0.906842 0.316753
vt 0.921359 0.365169
vt 0.923602 0.364649
vt 0.923605 0.364664
vt 0.929287 0.415088
vt 0.919072 0.464501
vt 0.902651 0.511428
vt 0.876200 0.553525
vt 0.841044 0.588681
vt 0.798947 0.615133
vt 0.752020 0.631553
vt 0.702614 0.637120
vt 0.653209 0.631553
vt 0.606282 0.615133
vt 0.564185 0.588681
vt 0.529029 0.553525
vt 0.502578 0.511428
vt 0.486157 0.464501
vt 0.480591 0.415096
vt 0.486157 0.365691
vt 0.502578 0.318763
vt 0.529029 0.276666
vt 0.564185 0.241510
vt 0.606282 0.215059
vt 0.653209 0.198638
vt 0.702614 0.193071
vt 0.752020 0.198638
vt 0.798947 0.215059
vt 0.841044 0.241510
vt 0.876200 0.276666
vt 0.902651 0.318764
vt 0.919072 0.365691
vt 0.924639 0.415096
vt 0.901379 0.464331
vt 0.903454 0.464812
vt 0.888129 0.508607
vt 0.886207 0.507690
vt 0.903457 0.464798
vt 0.906523 0.418683
vt 0.908653 0.418690
vt 0.888123 0.508620
vt 0.863437 0.547908
vt 0.861767 0.546585
vt 0.863428 0.547919
vt 0.830618 0.580728
vt 0.829285 0.579068
vt 0.830608 0.580738
vt 0.791320 0.605423
vt 0.790389 0.603507
vt 0.791307 0.605430
vt 0.747511 0.620754
vt 0.747031 0.618679
vt 0.747498 0.620758
vt 0.701390 0.625952
vt 0.701383 0.623823
vt 0.701376 0.625953
vt 0.655268 0.620757
vt 0.655735 0.618679
vt 0.655254 0.620754
vt 0.611458 0.605429
vt 0.612376 0.603507
vt 0.611445 0.605424
vt 0.572158 0.580737
vt 0.573480 0.579068
vt 0.572147 0.580729
vt 0.539338 0.547919
vt 0.540998 0.546585
vt 0.539329 0.547908
vt 0.514643 0.508620
vt 0.516558 0.507690
vt 0.514636 0.508607
vt 0.499312 0.464812
vt 0.501386 0.464331
vt 0.499308 0.464798
vt 0.494113 0.418690
vt 0.496243 0.418683
vt 0.494113 0.418676
vt 0.499309 0.372568
vt 0.501386 0.373035
vt 0.499311 0.372554
vt 0.514637 0.328759
vt 0.516558 0.329676
vt 0.514642 0.328746
vt 0.539329 0.289458
vt 0.540998 0.290780
vt 0.539337 0.289446
vt 0.572147 0.256638
vt 0.573480 0.258298
vt 0.572158 0.256628
vt 0.611446 0.231943
vt 0.612376 0.233859
vt 0.611458 0.231937
vt 0.655254 0.216611
vt 0.655735 0.218686
vt 0.655268 0.216608
vt 0.701376 0.211413
vt 0.701383 0.213543
vt 0.701390 0.211413
vt 0.747498 0.216608
vt 0.747031 0.218686
vt 0.747511 0.216611
vt 0.791307 0.231937
vt 0.790389 0.233859
vt 0.791320 0.231943
vt 0.830608 0.256629
vt 0.829285 0.258298
vt 0.830619 0.256637
vt 0.863428 0.289447
vt 0.861768 0.290780
vt 0.863437 0.289458
vt 0.888123 0.328746
vt 0.886207 0.329676
vt 0.888130 0.328758
vt 0.903454 0.372554
vt 0.901379 0.373035
vt 0.903457 0.372568
vt 0.908652 0.418676
vt 0.883333 0.506306
vt 0.898269 0.463621
vt 0.859273 0.544596
vt 0.827296 0.576574
vt 0.789005 0.600633
vt 0.746321 0.615570
vt 0.701383 0.620633
vt 0.656445 0.615570
vt 0.613760 0.600633
vt 0.575469 0.576574
vt 0.543492 0.544596
vt 0.519433 0.506306
vt 0.504497 0.463621
vt 0.499433 0.418683
vt 0.504497 0.373745
vt 0.519433 0.331060
vt 0.543492 0.292769
vt 0.575469 0.260792
vt 0.613760 0.236733
vt 0.656445 0.221797
vt 0.701383 0.216734
vt 0.746321 0.221797
vt 0.789005 0.236733
vt 0.827296 0.260792
vt 0.859273 0.292769
vt 0.883333 0.331060
vt 0.898269 0.373745
vt 0.903332 0.418683
vt 0.003667 0.144533
vt 0.030147 0.144533
vt 0.030147 0.154477
vt 0.003667 0.154477
vt 0.056627 0.144533
vt 0.056627 0.154477
vt 0.083107 0.144533
vt 0.083107 0.154477
vt 0.109586 0.144533
vt 0.109586 0.154477
vt 0.136066 0.144533
vt 0.136066 0.154477
vt 0.162546 0.144533
vt 0.162546 0.154477
vt 0.189026 0.144533
vt 0.189026 0.154477
vt 0.215506 0.144533
vt 0.215506 0.154477
vt 0.241986 0.144533
vt 0.241986 0.154477
vt 0.268466 0.144533
vt 0.268466 0.154477
vt 0.294945 0.144533
vt 0.294945 0.154477
vt 0.321425 0.144533
vt 0.321425 0.154477
vt 0.347905 0.144533
vt 0.347905 0.154477
vt 0.374385 0.144533
vt 0.374385 0.154477
vt 0.400865 0.144533
vt 0.400865 0.154477
vt 0.427345 0.144533
vt 0.427345 0.154477
vt 0.453825 0.144533
vt 0.453825 0.154477
vt 0.480305 0.144533
vt 0.480305 0.154477
vt 0.506785 0.144533
vt 0.506785 0.154477
vt 0.533265 0.144533
vt 0.533265 0.154477
vt 0.559745 0.144533
vt 0.559745 0.154477
vt 0.586225 0.144533
vt 0.586225 0.154477
vt 0.612705 0.144533
vt 0.612705 0.154477
vt 0.639184 0.144533
vt 0.639184 0.154477
vt 0.665664 0.144533
vt 0.665664 0.154477
vt 0.692144 0.144533
vt 0.692144 0.154477
vt 0.718624 0.144533
vt 0.718624 0.154477
vt 0.745104 0.144533
vt 0.745104 0.154477
vt 0.910319 0.516751
vt 0.915871 0.519465
vt 0.887284 0.564543
vt 0.882475 0.560661
vt 0.927696 0.467730
vt 0.933713 0.469141
vt 0.849389 0.602115
vt 0.845564 0.597260
vt 0.933736 0.416062
vt 0.939917 0.416099
vt 0.928130 0.364327
vt 0.934164 0.362988
vt 0.804088 0.630298
vt 0.801445 0.624711
vt 0.753529 0.647513
vt 0.752235 0.641474
vt 0.700616 0.653102
vt 0.700636 0.647069
vt 0.647717 0.647209
vt 0.649088 0.641043
vt 0.597381 0.629354
vt 0.600124 0.623676
vt 0.552321 0.600920
vt 0.556249 0.595989
vt 0.514695 0.563131
vt 0.519624 0.559201
vt 0.486418 0.517889
vt 0.492100 0.515156
vt 0.468917 0.467470
vt 0.475064 0.466071
vt 0.463083 0.414407
vt 0.469388 0.414412
vt 0.469203 0.361358
vt 0.475348 0.362768
vt 0.486974 0.310987
vt 0.492650 0.313732
vt 0.515505 0.265822
vt 0.520427 0.269762
vt 0.553417 0.228215
vt 0.557339 0.233152
vt 0.598788 0.199927
vt 0.601514 0.205634
vt 0.649372 0.182408
vt 0.650690 0.188647
vt 0.702373 0.176936
vt 0.702345 0.183025
vt 0.755289 0.182989
vt 0.753944 0.189018
vt 0.805780 0.200580
vt 0.803071 0.206159
vt 0.850910 0.229190
vt 0.847025 0.233997
vt 0.888507 0.267066
vt 0.883651 0.270889
vt 0.916738 0.312467
vt 0.911154 0.315115
vt 0.927475 0.467679
vt 0.933510 0.416060
vt 0.910115 0.516651
vt 0.882298 0.560518
vt 0.845423 0.597082
vt 0.801342 0.624510
vt 0.802965 0.206358
vt 0.846883 0.234174
vt 0.883473 0.271029
vt 0.910949 0.315212
vt 0.927908 0.364376
vt 0.002135 0.090373
vt 0.030552 0.090373
vt 0.030552 0.111819
vt 0.002135 0.111819
vt 0.058969 0.090373
vt 0.058969 0.111819
vt 0.087385 0.090373
vt 0.087385 0.111819
vt 0.115802 0.090373
vt 0.115802 0.111819
vt 0.144219 0.090377
vt 0.144219 0.111824
vt 0.172636 0.090374
vt 0.172636 0.111737
vt 0.201053 0.090384
vt 0.201053 0.111870
vt 0.229470 0.090373
vt 0.229470 0.111819
vt 0.257887 0.090373
vt 0.257887 0.111819
vt 0.286304 0.090373
vt 0.286304 0.111819
vt 0.314721 0.090373
vt 0.314721 0.111819
vt 0.343138 0.090373
vt 0.343138 0.111819
vt 0.371554 0.090373
vt 0.371554 0.111819
vt 0.399971 0.090373
vt 0.399971 0.111819
vt 0.428388 0.090373
vt 0.428388 0.111819
vt 0.456806 0.090373
vt 0.456806 0.111819
vt 0.485222 0.090373
vt 0.485222 0.111819
vt 0.513640 0.090373
vt 0.513640 0.111819
vt 0.542056 0.090382
vt 0.542056 0.111865
vt 0.570473 0.090372
vt 0.570473 0.111737
vt 0.598890 0.090377
vt 0.598890 0.111824
vt 0.627307 0.090373
vt 0.627307 0.111819
vt 0.655724 0.090373
vt 0.655724 0.111819
vt 0.684142 0.090373
vt 0.684142 0.111819
vt 0.712558 0.090373
vt 0.712558 0.111819
vt 0.740975 0.090373
vt 0.740975 0.111819
vt 0.769392 0.090373
vt 0.769392 0.111819
vt 0.797809 0.090373
vt 0.797809 0.111819
vn 0.974928 0.222522 -0.000000
vn 0.974928 0.222522 -0.000000
vn 0.900969 0.433884 0.000000
vn 0.900969 0.433884 0.000000
vn 0.900969 0.433884 0.000000
vn 0.900969 0.433884 0.000000
vn 0.781832 0.623490 0.000000
vn 0.781832 0.623490 0.000000
vn 0.781832 0.623490 0.000000
vn 0.781832 0.623490 0.000000
vn 0.623490 0.781832 0.000000
vn 0.623490 0.781832 0.000000
vn 0.623490 0.781832 0.000000
vn 0.623490 0.781832 0.000000
vn 0.433884 0.900969 0.000000
vn 0.433884 0.900969 0.000000
vn 0.433884 0.900969 0.000000
vn 0.433884 0.900969 0.000000
vn 0.222521 0.974928 0.000000
vn 0.222521 0.974928 0.000000
vn 0.222521 0.974928 0.000000
vn 0.222521 0.974928 0.000000
vn 0.000000 1.000000 0.000000
vn 0.000000 1.000000 0.000000
vn 0.000000 1.000000 0.000000
vn 0.000000 1.000000 0.000000
vn -0.222521 0.974928 0.000000
vn -0.222521 0.974928 0.000000
vn -0.222521 0.974928 0.000000
vn -0.222521 0.974928 0.000000
vn -0.433884 0.900969 0.000000
vn -0.433884 0.900969 0.000000
vn -0.433884 0.900969 0.000000
vn -0.433884 0.900969 0.000000
vn -0.623490 0.781832 0.000000
vn -0.623490 0.781832 0.000000
vn -0.623490 0.781832 0.000000
vn -0.623490 0.781832 0.000000
vn -0.781832 0.623490 0.000000
vn -0.781832 0.623490 0.000000
vn -0.781832 0.623490 0.000000
vn -0.781832 0.623490 0.000000
vn -0.900969 0.433884 0.000000
vn -0.900969 0.433884 0.000000
vn -0.900969 0.433884 0.000000
vn -0.900969 0.433884 0.000000
vn -0.974928 0.222521 0.000000
vn -0.974928 0.222521 0.000000
vn -0.974928 0.222521 0.000000
vn -0.974928 0.222521 0.000000
vn -1.000000 0.000000 0.000000
vn -1.000000 0.000000 0.000000
vn -0.974928 -0.222521 0.000000
vn -0.974928 -0.222521 0.000000
vn -1.000000 0.000000 0.000000
vn -1.000000 0.000000 0.000000
vn -0.900969 -0.433884 0.000000
vn -0.900969 -0.433884 0.000000
vn -0.974928 -0.222521 0.000000
vn -0.974928 -0.222521 0.000000
vn -0.781832 -0.623489 0.000000
vn -0.781832 -0.623489 0.000000
vn -0.900969 -0.433884 0.000000
vn -0.900969 -0.433884 0.000000
vn -0.623490 -0.781831 0.000000
vn -0.623490 -0.781831 0.000000
vn -0.781832 -0.623489 0.000000
vn -0.781832 -0.623489 0.000000
vn -0.433884 -0.900969 0.000000
vn -0.433884 -0.900969 0.000000
vn -0.623490 -0.781831 0.000000
vn -0.623490 -0.781831 0.000000
vn -0.222521 -0.974928 0.000000
vn -0.222521 -0.974928 0.000000
vn -0.433884 -0.900969 0.000000
vn -0.433884 -0.900969 0.000000
vn -0.000000 -1.000000 0.000000
vn -0.000000 -1.000000 0.000000
vn -0.222521 -0.974928 0.000000
vn -0.222521 -0.974928 0.000000
vn 0.222521 -0.974928 0.000000
vn 0.222521 -0.974928 0.000000
vn -0.000000 -1.000000 0.000000
vn -0.000000 -1.000000 0.000000
vn 0.433884 -0.900969 0.000000
vn 0.433884 -0.900969 0.000000
vn 0.222521 -0.974928 0.000000
vn 0.222521 -0.974928 0.000000
vn 0.623490 -0.781832 0.000000
vn 0.623490 -0.781832 0.000000
vn 0.433884 -0.900969 0.000000
vn 0.433884 -0.900969 0.000000
vn 0.781831 -0.623490 0.000000
vn 0.781831 -0.623490 0.000000
vn 0.623490 -0.781832 0.000000
vn 0.623490 -0.781832 0.000000
vn 0.900969 -0.433884 0.000000
vn 0.900969 -0.433884 0.000000
vn 0.781831 -0.623490 0.000000
vn 0.781831 -0.623490 0.000000
vn 0.974928 -0.222521 0.000000
vn 0.974928 -0.222521 0.000000
vn 0.900969 -0.433884 0.000000
vn 0.900969 -0.433884 0.000000
vn 1.000000 0.000001 -0.000000
vn 1.000000 0.000001 -0.000000
vn 0.974928 -0.222521 0.000000
vn 0.974928 -0.222521 0.000000
vn 1.000000 0.000001 -0.000000
vn 1.000000 0.000001 -0.000000
vn 0.974928 0.222522 -0.000000
vn 0.974928 0.222522 -0.000000
vn -0.601206 -0.137222 0.787224
vn -0.555596 -0.267561 0.787225
vn -0.555596 -0.267561 0.787225
vn -0.601206 -0.137222 0.787224
vn -0.555596 -0.267561 0.787225
vn -0.555596 -0.267561 0.787225
vn -0.482129 -0.384485 0.787225
vn -0.482129 -0.384485 0.787225
vn -0.482129 -0.384485 0.787225
vn -0.482129 -0.384485 0.787225
vn -0.384485 -0.482129 0.787224
vn -0.384485 -0.482129 0.787224
vn -0.384485 -0.482129 0.787224
vn -0.384485 -0.482129 0.787224
vn -0.267561 -0.555597 0.787225
vn -0.267561 -0.555597 0.787225
vn -0.267561 -0.555597 0.787225
vn -0.267561 -0.555597 0.787225
vn -0.137221 -0.601206 0.787224
vn -0.137221 -0.601206 0.787224
vn -0.137221 -0.601206 0.787224
vn -0.137221 -0.601206 0.787224
vn -0.000000 -0.616669 0.787222
vn -0.000000 -0.616669 0.787222
vn -0.000000 -0.616669 0.787222
vn -0.000000 -0.616669 0.787222
vn 0.137221 -0.601206 0.787224
vn 0.137221 -0.601206 0.787224
vn 0.137221 -0.601206 0.787224
vn 0.137221 -0.601206 0.787224
vn 0.267561 -0.555596 0.787225
vn 0.267561 -0.555596 0.787225
vn 0.267561 -0.555596 0.787225
vn 0.267561 -0.555596 0.787225
vn 0.384485 -0.482129 0.787225
vn 0.384485 -0.482129 0.787225
vn 0.384485 -0.482129 0.787225
vn 0.384485 -0.482129 0.787225
vn 0.482129 -0.384485 0.787224
vn 0.482129 -0.384485 0.787225
vn 0.482129 -0.384485 0.787225
vn 0.482129 -0.384485 0.787224
vn 0.555597 -0.267561 0.787225
vn 0.555596 -0.267561 0.787225
vn 0.601205 -0.137221 0.787224
vn 0.555596 -0.267561 0.787225
vn 0.555597 -0.267561 0.787225
vn 0.601205 -0.137222 0.787224
vn 0.616668 -0.000000 0.787223
vn 0.601205 -0.137221 0.787224
vn 0.601205 -0.137222 0.787224
vn 0.616668 -0.000000 0.787223
vn 0.601206 0.137221 0.787224
vn 0.616668 -0.000000 0.787223
vn 0.616668 -0.000000 0.787223
vn 0.601206 0.137221 0.787224
vn 0.555597 0.267561 0.787225
vn 0.601206 0.137221 0.787224
vn 0.601206 0.137221 0.787224
vn 0.555597 0.267561 0.787225
vn 0.482130 0.384485 0.787224
vn 0.482130 0.384485 0.787224
vn 0.555597 0.267561 0.787225
vn 0.555597 0.267561 0.787225
vn 0.384485 0.482129 0.787225
vn 0.384485 0.482129 0.787225
vn 0.482130 0.384485 0.787224
vn 0.482130 0.384485 0.787224
vn 0.267561 0.555596 0.787225
vn 0.267561 0.555596 0.787225
vn 0.384485 0.482129 0.787225
vn 0.384485 0.482129 0.787225
vn 0.137222 0.601206 0.787224
vn 0.137222 0.601206 0.787224
vn 0.267561 0.555596 0.787225
vn 0.267561 0.555596 0.787225
vn 0.000000 0.616669 0.787222
vn -0.000000 0.616669 0.787222
vn 0.137222 0.601206 0.787224
vn 0.137222 0.601206 0.787224
vn -0.137222 0.601206 0.787224
vn -0.137222 0.601206 0.787224
vn -0.000000 0.616669 0.787222
vn 0.000000 0.616669 0.787222
vn -0.267561 0.555597 0.787225
vn -0.267561 0.555597 0.787225
vn -0.137222 0.601206 0.787224
vn -0.137222 0.601206 0.787224
vn -0.384485 0.482130 0.787224
vn -0.384485 0.482130 0.787224
vn -0.267561 0.555597 0.787225
vn -0.267561 0.555597 0.787225
vn -0.482129 0.384486 0.787224
vn -0.482129 0.384485 0.787224
vn -0.384485 0.482130 0.787224
vn -0.384485 0.482130 0.787224
vn -0.555597 0.267561 0.787225
vn -0.555597 0.267561 0.787225
vn -0.482129 0.384485 0.787224
vn -0.482129 0.384486 0.787224
vn -0.555597 0.267561 0.787225
vn -0.601206 0.137222 0.787224
vn -0.601206 0.137222 0.787224
vn -0.555597 0.267561 0.787225
vn -0.601206 0.137222 0.787224
vn -0.616669 -0.000001 0.787223
vn -0.616669 -0.000001 0.787223
vn -0.601206 0.137222 0.787224
vn -0.616669 -0.000001 0.787223
vn -0.601206 -0.137222 0.787224
vn -0.601206 -0.137222 0.787224
vn -0.616669 -0.000001 0.787223
vn 0.001530 -0.000000 0.999999
vn 0.001492 0.000341 0.999999
vn 0.001492 0.000341 0.999999
vn 0.001530 -0.000000 0.999999
vn -0.997989 -0.000001 0.063389
vn -0.997989 -0.000001 0.063389
vn -0.972968 -0.222073 0.063385
vn -0.972968 -0.222073 0.063385
vn -0.972968 -0.222073 0.063385
vn -0.972968 -0.222073 0.063385
vn -0.899158 -0.433011 0.063382
vn -0.899158 -0.433011 0.063382
vn 0.001492 0.000341 0.999999
vn 0.001379 0.000664 0.999999
vn 0.001379 0.000664 0.999999
vn 0.001492 0.000341 0.999999
vn -0.899158 -0.433011 0.063382
vn -0.899158 -0.433011 0.063382
vn -0.780259 -0.622237 0.063385
vn -0.780259 -0.622237 0.063385
vn 0.001379 0.000664 0.999999
vn 0.001196 0.000954 0.999999
vn 0.001196 0.000954 0.999999
vn 0.001379 0.000664 0.999999
vn -0.780259 -0.622237 0.063385
vn -0.780259 -0.622237 0.063385
vn -0.622236 -0.780259 0.063387
vn -0.622236 -0.780259 0.063387
vn 0.001196 0.000954 0.999999
vn 0.001196 0.000954 0.999999
vn 0.000954 0.001197 0.999999
vn 0.000954 0.001197 0.999999
vn -0.622236 -0.780259 0.063387
vn -0.622236 -0.780259 0.063387
vn -0.433012 -0.899157 0.063386
vn -0.433011 -0.899157 0.063386
vn 0.000954 0.001197 0.999999
vn 0.000954 0.001197 0.999999
vn 0.000664 0.001379 0.999999
vn 0.000664 0.001379 0.999999
vn -0.433011 -0.899157 0.063386
vn -0.433012 -0.899157 0.063386
vn -0.222071 -0.972968 0.063386
vn -0.222071 -0.972968 0.063386
vn 0.000664 0.001379 0.999999
vn 0.000664 0.001379 0.999999
vn 0.000341 0.001492 0.999999
vn 0.000341 0.001492 0.999999
vn -0.222071 -0.972968 0.063386
vn -0.222071 -0.972968 0.063386
vn -0.000001 -0.997989 0.063386
vn -0.000001 -0.997989 0.063386
vn 0.000341 0.001492 0.999999
vn 0.000341 0.001492 0.999999
vn 0.000000 0.001530 0.999999
vn 0.000000 0.001530 0.999999
vn -0.000001 -0.997989 0.063386
vn -0.000001 -0.997989 0.063386
vn 0.222071 -0.972968 0.063386
vn 0.222071 -0.972968 0.063386
vn 0.000000 0.001530 0.999999
vn 0.000000 0.001530 0.999999
vn -0.000341 0.001492 0.999999
vn -0.000341 0.001492 0.999999
vn 0.222071 -0.972968 0.063386
vn 0.222071 -0.972968 0.063386
vn 0.433011 -0.899157 0.063385
vn 0.433011 -0.899157 0.063385
vn -0.000341 0.001492 0.999999
vn -0.000341 0.001492 0.999999
vn -0.000664 0.001379 0.999999
vn -0.000664 0.001379 0.999999
vn 0.433011 -0.899157 0.063385
vn 0.433011 -0.899157 0.063385
vn 0.622236 -0.780259 0.063386
vn 0.622236 -0.780259 0.063386
vn -0.000664 0.001379 0.999999
vn -0.000664 0.001379 0.999999
vn -0.000954 0.001196 0.999999
vn -0.000954 0.001196 0.999999
vn 0.622236 -0.780259 0.063386
vn 0.622236 -0.780259 0.063386
vn 0.780259 -0.622237 0.063387
vn 0.780259 -0.622237 0.063387
vn -0.000954 0.001196 0.999999
vn -0.000954 0.001196 0.999999
vn -0.001196 0.000954 0.999999
vn -0.001196 0.000954 0.999999
vn 0.780259 -0.622237 0.063387
vn 0.780259 -0.622237 0.063387
vn 0.899157 -0.433011 0.063387
vn 0.899157 -0.433011 0.063387
vn -0.001379 0.000664 0.999999
vn -0.001196 0.000954 0.999999
vn -0.001196 0.000954 0.999999
vn -0.001379 0.000664 0.999999
vn 0.899157 -0.433011 0.063387
vn 0.899157 -0.433011 0.063387
vn 0.972968 -0.222072 0.063388
vn 0.972968 -0.222072 0.063388
vn -0.001492 0.000341 0.999999
vn -0.001379 0.000664 0.999999
vn -0.001379 0.000664 0.999999
vn -0.001492 0.000341 0.999999
vn 0.972968 -0.222072 0.063388
vn 0.972968 -0.222072 0.063388
vn 0.997989 -0.000000 0.063389
vn 0.997989 -0.000000 0.063389
vn -0.001530 0.000000 0.999999
vn -0.001492 0.000341 0.999999
vn -0.001492 0.000341 0.999999
vn -0.001530 -0.000000 0.999999
vn 0.972968 0.222072 0.063388
vn 0.972968 0.222072 0.063388
vn 0.997989 -0.000000 0.063389
vn 0.997989 -0.000000 0.063389
vn -0.001492 -0.000341 0.999999
vn -0.001530 0.000000 0.999999
vn -0.001530 -0.000000 0.999999
vn -0.001492 -0.000341 0.999999
vn 0.899157 0.433011 0.063386
vn 0.899157 0.433011 0.063386
vn 0.972968 0.222072 0.063388
vn 0.972968 0.222072 0.063388
vn -0.001379 -0.000664 0.999999
vn -0.001492 -0.000341 0.999999
vn -0.001492 -0.000341 0.999999
vn -0.001379 -0.000664 0.999999
vn 0.780259 0.622236 0.063387
vn 0.780259 0.622236 0.063387
vn 0.899157 0.433011 0.063386
vn 0.899157 0.433011 0.063386
vn -0.001196 -0.000954 0.999999
vn -0.001379 -0.000664 0.999999
vn -0.001379 -0.000664 0.999999
vn -0.001196 -0.000954 0.999999
vn 0.622237 0.780259 0.063387
vn 0.622237 0.780259 0.063387
vn 0.780259 0.622236 0.063387
vn 0.780259 0.622236 0.063387
vn -0.000954 -0.001196 0.999999
vn -0.000954 -0.001196 0.999999
vn -0.001196 -0.000954 0.999999
vn -0.001196 -0.000954 0.999999
vn 0.433011 0.899157 0.063386
vn 0.433011 0.899157 0.063386
vn 0.622237 0.780259 0.063387
vn 0.622237 0.780259 0.063387
vn -0.000664 -0.001379 0.999999
vn -0.000664 -0.001379 0.999999
vn -0.000954 -0.001196 0.999999
vn -0.000954 -0.001196 0.999999
vn 0.222072 0.972968 0.063386
vn 0.222072 0.972968 0.063386
vn 0.433011 0.899157 0.063386
vn 0.433011 0.899157 0.063386
vn -0.000341 -0.001492 0.999999
vn -0.000341 -0.001492 0.999999
vn -0.000664 -0.001379 0.999999
vn -0.000664 -0.001379 0.999999
vn 0.000000 0.997989 0.063386
vn -0.000000 0.997989 0.063386
vn 0.222072 0.972968 0.063386
vn 0.222072 0.972968 0.063386
vn 0.000000 -0.001530 0.999999
vn -0.000000 -0.001530 0.999999
vn -0.000341 -0.001492 0.999999
vn -0.000341 -0.001492 0.999999
vn -0.222072 0.972968 0.063386
vn -0.222072 0.972968 0.063386
vn -0.000000 0.997989 0.063386
vn 0.000000 0.997989 0.063386
vn 0.000341 -0.001492 0.999999
vn 0.000341 -0.001492 0.999999
vn -0.000000 -0.001530 0.999999
vn 0.000000 -0.001530 0.999999
vn -0.433011 0.899157 0.063386
vn -0.433011 0.899157 0.063386
vn -0.222072 0.972968 0.063386
vn -0.222072 0.972968 0.063386
vn 0.000664 -0.001379 0.999999
vn 0.000664 -0.001379 0.999999
vn 0.000341 -0.001492 0.999999
vn 0.000341 -0.001492 0.999999
vn -0.622236 0.780259 0.063388
vn -0.622236 0.780259 0.063388
vn -0.433011 0.899157 0.063386
vn -0.433011 0.899157 0.063386
vn 0.000954 -0.001197 0.999999
vn 0.000954 -0.001197 0.999999
vn 0.000664 -0.001379 0.999999
vn 0.000664 -0.001379 0.999999
vn -0.780258 0.622237 0.063388
vn -0.780258 0.622237 0.063388
vn -0.622236 0.780259 0.063388
vn -0.622236 0.780259 0.063388
vn 0.001196 -0.000954 0.999999
vn 0.001196 -0.000954 0.999999
vn 0.000954 -0.001197 0.999999
vn 0.000954 -0.001197 0.999999
vn -0.899157 0.433011 0.063387
vn -0.899157 0.433011 0.063387
vn -0.780258 0.622237 0.063388
vn -0.780258 0.622237 0.063388
vn 0.001196 -0.000954 0.999999
vn 0.001379 -0.000664 0.999999
vn 0.001379 -0.000664 0.999999
vn 0.001196 -0.000954 0.999999
vn -0.972968 0.222072 0.063388
vn -0.972968 0.222072 0.063388
vn -0.899157 0.433011 0.063387
vn -0.899157 0.433011 0.063387
vn 0.001379 -0.000664 0.999999
vn 0.001492 -0.000341 0.999999
vn 0.001492 -0.000341 0.999999
vn 0.001379 -0.000664 0.999999
vn -0.997989 -0.000001 0.063389
vn -0.997989 -0.000001 0.063389
vn -0.972968 0.222072 0.063388
vn -0.972968 0.222072 0.063388
vn 0.001492 -0.000341 0.999999
vn 0.001530 -0.000000 0.999999
vn 0.001530 -0.000000 0.999999
vn 0.001492 -0.000341 0.999999
vn 0.999873 0.000001 -0.015909
vn 0.999873 0.000001 -0.015909
vn 0.974804 0.222493 -0.015908
vn 0.974804 0.222493 -0.015908
vn 0.974804 0.222493 -0.015908
vn 0.974804 0.222493 -0.015908
vn 0.900855 0.433829 -0.015910
vn 0.900855 0.433829 -0.015910
vn 0.900855 0.433829 -0.015910
vn 0.900855 0.433829 -0.015910
vn 0.781733 0.623411 -0.015910
vn 0.781733 0.623411 -0.015910
vn 0.781733 0.623411 -0.015910
vn 0.781733 0.623411 -0.015910
vn 0.623411 0.781732 -0.015909
vn 0.623411 0.781732 -0.015909
vn 0.623411 0.781732 -0.015909
vn 0.623411 0.781732 -0.015909
vn 0.433839 0.900853 -0.015736
vn 0.433839 0.900853 -0.015736
vn 0.433839 0.900853 -0.015736
vn 0.433839 0.900853 -0.015736
vn 0.222493 0.974810 -0.015561
vn 0.222494 0.974810 -0.015561
vn 0.222494 0.974810 -0.015561
vn 0.222493 0.974810 -0.015561
vn -0.000010 0.999876 -0.015734
vn -0.000010 0.999876 -0.015734
vn -0.000010 0.999876 -0.015734
vn -0.000010 0.999876 -0.015734
vn -0.222493 0.974805 -0.015910
vn -0.222493 0.974805 -0.015910
vn -0.222493 0.974805 -0.015910
vn -0.222493 0.974805 -0.015910
vn -0.433829 0.900855 -0.015910
vn -0.433829 0.900855 -0.015910
vn -0.433829 0.900855 -0.015910
vn -0.433829 0.900855 -0.015910
vn -0.623411 0.781732 -0.015909
vn -0.623411 0.781732 -0.015909
vn -0.623411 0.781732 -0.015909
vn -0.623411 0.781732 -0.015909
vn -0.781732 0.623411 -0.015907
vn -0.781732 0.623411 -0.015907
vn -0.781732 0.623411 -0.015907
vn -0.781732 0.623411 -0.015907
vn -0.900855 0.433829 -0.015906
vn -0.900855 0.433829 -0.015906
vn -0.900855 0.433829 -0.015906
vn -0.900855 0.433829 -0.015906
vn -0.974805 0.222493 -0.015909
vn -0.974805 0.222493 -0.015909
vn -0.974805 0.222493 -0.015909
vn -0.974805 0.222493 -0.015909
vn -0.999873 -0.000000 -0.015910
vn -0.999873 -0.000000 -0.015910
vn -0.974805 -0.222493 -0.015910
vn -0.974805 -0.222493 -0.015910
vn -0.999873 -0.000000 -0.015910
vn -0.999873 -0.000000 -0.015910
vn -0.900855 -0.433828 -0.015911
vn -0.900855 -0.433828 -0.015911
vn -0.974805 -0.222493 -0.015910
vn -0.974805 -0.222493 -0.015910
vn -0.781733 -0.623411 -0.015912
vn -0.781733 -0.623411 -0.015912
vn -0.900855 -0.433828 -0.015911
vn -0.900855 -0.433828 -0.015911
vn -0.623411 -0.781732 -0.015910
vn -0.623411 -0.781732 -0.015910
vn -0.781733 -0.623411 -0.015912
vn -0.781733 -0.623411 -0.015912
vn -0.433829 -0.900855 -0.015910
vn -0.433829 -0.900855 -0.015910
vn -0.623411 -0.781732 -0.015910
vn -0.623411 -0.781732 -0.015910
vn -0.222493 -0.974805 -0.015910
vn -0.222493 -0.974805 -0.015910
vn -0.433829 -0.900855 -0.015910
vn -0.433829 -0.900855 -0.015910
vn -0.000001 -0.999874 -0.015898
vn -0.000001 -0.999874 -0.015898
vn -0.222493 -0.974805 -0.015910
vn -0.222493 -0.974805 -0.015910
vn 0.222493 -0.974805 -0.015886
vn 0.222493 -0.974805 -0.015886
vn -0.000001 -0.999874 -0.015898
vn -0.000001 -0.999874 -0.015898
vn 0.433830 -0.900855 -0.015899
vn 0.433830 -0.900855 -0.015899
vn 0.222493 -0.974805 -0.015886
vn 0.222493 -0.974805 -0.015886
vn 0.623411 -0.781733 -0.015910
vn 0.623411 -0.781733 -0.015910
vn 0.433830 -0.900855 -0.015899
vn 0.433830 -0.900855 -0.015899
vn 0.781732 -0.623411 -0.015906
vn 0.781732 -0.623411 -0.015906
vn 0.623411 -0.781733 -0.015910
vn 0.623411 -0.781733 -0.015910
vn 0.900855 -0.433829 -0.015910
vn 0.900855 -0.433829 -0.015910
vn 0.781732 -0.623411 -0.015906
vn 0.781732 -0.623411 -0.015906
vn 0.974805 -0.222493 -0.015912
vn 0.974805 -0.222493 -0.015912
vn 0.900855 -0.433829 -0.015910
vn 0.900855 -0.433829 -0.015910
vn 0.999873 0.000001 -0.015909
vn 0.999873 0.000001 -0.015909
vn 0.974805 -0.222493 -0.015912
vn 0.974805 -0.222493 -0.015912
vn 0.000394 0.000090 1.000000
vn 0.000364 0.000175 1.000000
vn 0.000364 0.000175 1.000000
vn 0.000394 0.000090 1.000000
vn -0.974928 -0.222522 0.000000
vn -0.974928 -0.222522 0.000000
vn -0.900969 -0.433883 0.000000
vn -0.900969 -0.433883 0.000000
vn -0.974787 -0.222492 -0.016982
vn -0.974787 -0.222492 -0.016982
vn -0.900839 -0.433821 -0.016981
vn -0.900839 -0.433821 -0.016981
vn -0.900839 -0.433821 -0.016981
vn -0.900839 -0.433821 -0.016981
vn -0.781719 -0.623399 -0.016982
vn -0.781719 -0.623399 -0.016982
vn -0.781719 -0.623399 -0.016982
vn -0.781719 -0.623399 -0.016982
vn -0.623399 -0.781719 -0.016982
vn -0.623399 -0.781719 -0.016982
vn -0.623399 -0.781719 -0.016982
vn -0.623399 -0.781719 -0.016982
vn -0.433822 -0.900839 -0.016982
vn -0.433822 -0.900839 -0.016982
vn -0.433822 -0.900839 -0.016982
vn -0.433822 -0.900839 -0.016982
vn -0.222490 -0.974787 -0.016982
vn -0.222490 -0.974787 -0.016982
vn -0.222490 -0.974787 -0.016982
vn -0.222490 -0.974787 -0.016982
vn -0.000000 -0.999856 -0.016982
vn -0.000000 -0.999856 -0.016982
vn -0.000000 -0.999856 -0.016982
vn -0.000000 -0.999856 -0.016982
vn 0.222491 -0.974787 -0.016982
vn 0.222491 -0.974787 -0.016982
vn 0.222491 -0.974787 -0.016982
vn 0.222491 -0.974787 -0.016982
vn 0.433822 -0.900839 -0.016982
vn 0.433822 -0.900839 -0.016982
vn 0.433822 -0.900839 -0.016982
vn 0.433822 -0.900839 -0.016982
vn 0.623399 -0.781720 -0.016981
vn 0.623399 -0.781720 -0.016981
vn 0.623399 -0.781720 -0.016981
vn 0.623399 -0.781720 -0.016981
vn 0.781719 -0.623399 -0.016981
vn 0.781719 -0.623399 -0.016981
vn 0.781719 -0.623399 -0.016981
vn 0.781719 -0.623399 -0.016981
vn 0.900839 -0.433820 -0.016982
vn 0.900839 -0.433820 -0.016982
vn 0.900839 -0.433820 -0.016982
vn 0.900839 -0.433820 -0.016982
vn 0.974787 -0.222491 -0.016982
vn 0.974787 -0.222491 -0.016982
vn 0.974787 -0.222491 -0.016982
vn 0.974787 -0.222491 -0.016982
vn 0.999856 -0.000000 -0.016981
vn 0.999856 -0.000000 -0.016981
vn 0.974787 0.222491 -0.016982
vn 0.974787 0.222491 -0.016982
vn 0.999856 -0.000000 -0.016981
vn 0.999856 -0.000000 -0.016981
vn 0.900839 0.433820 -0.016982
vn 0.900839 0.433820 -0.016982
vn 0.974787 0.222491 -0.016982
vn 0.974787 0.222491 -0.016982
vn 0.781720 0.623399 -0.016982
vn 0.781720 0.623399 -0.016982
vn 0.900839 0.433820 -0.016982
vn 0.900839 0.433820 -0.016982
vn 0.623399 0.781720 -0.016982
vn 0.623399 0.781720 -0.016982
vn 0.781720 0.623399 -0.016982
vn 0.781720 0.623399 -0.016982
vn 0.433822 0.900839 -0.016982
vn 0.433822 0.900839 -0.016982
vn 0.623399 0.781720 -0.016982
vn 0.623399 0.781720 -0.016982
vn 0.222491 0.974787 -0.016982
vn 0.222491 0.974787 -0.016982
vn 0.433822 0.900839 -0.016982
vn 0.433822 0.900839 -0.016982
vn 0.000000 0.999856 -0.016982
vn 0.000000 0.999856 -0.016982
vn 0.222491 0.974787 -0.016982
vn 0.222491 0.974787 -0.016982
vn -0.222491 0.974787 -0.016982
vn -0.222491 0.974787 -0.016982
vn 0.000000 0.999856 -0.016982
vn 0.000000 0.999856 -0.016982
vn -0.433821 0.900839 -0.016982
vn -0.433821 0.900839 -0.016982
vn -0.222491 0.974787 -0.016982
vn -0.222491 0.974787 -0.016982
vn -0.623398 0.781720 -0.016981
vn -0.623398 0.781720 -0.016981
vn -0.433821 0.900839 -0.016982
vn -0.433821 0.900839 -0.016982
vn -0.781719 0.623399 -0.016981
vn -0.781719 0.623399 -0.016981
vn -0.623398 0.781720 -0.016981
vn -0.623398 0.781720 -0.016981
vn -0.900839 0.433820 -0.016982
vn -0.900839 0.433820 -0.016982
vn -0.781719 0.623399 -0.016981
vn -0.781719 0.623399 -0.016981
vn -0.974787 0.222491 -0.016982
vn -0.974787 0.222491 -0.016982
vn -0.900839 0.433820 -0.016982
vn -0.900839 0.433820 -0.016982
vn -0.999856 -0.000001 -0.016982
vn -0.999856 -0.000001 -0.016982
vn -0.974787 0.222491 -0.016982
vn -0.974787 0.222491 -0.016982
vn -0.999856 -0.000001 -0.016982
vn -0.999856 -0.000001 -0.016982
vn -0.974787 -0.222492 -0.016982
vn -0.974787 -0.222492 -0.016982
vn 0.000364 0.000175 1.000000
vn 0.000316 0.000252 1.000000
vn 0.000316 0.000252 1.000000
vn 0.000364 0.000175 1.000000
vn -0.900969 -0.433883 0.000000
vn -0.900969 -0.433883 0.000000
vn -0.781832 -0.623490 0.000000
vn -0.781832 -0.623490 0.000000
vn 0.000316 0.000252 1.000000
vn 0.000252 0.000316 1.000000
vn 0.000252 0.000316 1.000000
vn 0.000316 0.000252 1.000000
vn -0.781832 -0.623490 0.000000
vn -0.781832 -0.623490 0.000000
vn -0.623490 -0.781831 0.000000
vn -0.623490 -0.781831 0.000000
vn 0.000252 0.000316 1.000000
vn 0.000175 0.000364 1.000000
vn 0.000175 0.000364 1.000000
vn 0.000252 0.000316 1.000000
vn -0.623490 -0.781831 0.000000
vn -0.623490 -0.781831 0.000000
vn -0.433883 -0.900969 0.000000
vn -0.433883 -0.900969 0.000000
vn 0.000175 0.000364 1.000000
vn 0.000090 0.000394 1.000000
vn 0.000090 0.000394 1.000000
vn 0.000175 0.000364 1.000000
vn -0.433883 -0.900969 0.000000
vn -0.433883 -0.900969 0.000000
vn -0.222521 -0.974928 0.000000
vn -0.222521 -0.974928 0.000000
vn 0.000090 0.000394 1.000000
vn 0.000090 0.000394 1.000000
vn -0.000000 0.000404 1.000000
vn -0.000000 0.000404 1.000000
vn -0.222521 -0.974928 0.000000
vn -0.222521 -0.974928 0.000000
vn -0.000001 -1.000000 0.000000
vn -0.000001 -1.000000 0.000000
vn -0.000000 0.000404 1.000000
vn -0.000000 0.000404 1.000000
vn -0.000090 0.000394 1.000000
vn -0.000090 0.000394 1.000000
vn -0.000001 -1.000000 0.000000
vn -0.000001 -1.000000 0.000000
vn 0.222521 -0.974928 0.000000
vn 0.222521 -0.974928 0.000000
vn -0.000175 0.000364 1.000000
vn -0.000090 0.000394 1.000000
vn -0.000090 0.000394 1.000000
vn -0.000175 0.000364 1.000000
vn 0.222521 -0.974928 0.000000
vn 0.222521 -0.974928 0.000000
vn 0.433884 -0.900969 0.000000
vn 0.433884 -0.900969 0.000000
vn -0.000252 0.000316 1.000000
vn -0.000175 0.000364 1.000000
vn -0.000175 0.000364 1.000000
vn -0.000252 0.000316 1.000000
vn 0.433884 -0.900969 0.000000
vn 0.433884 -0.900969 0.000000
vn 0.623490 -0.781831 0.000000
vn 0.623490 -0.781831 0.000000
vn -0.000316 0.000252 1.000000
vn -0.000252 0.000316 1.000000
vn -0.000252 0.000316 1.000000
vn -0.000316 0.000252 1.000000
vn 0.623490 -0.781831 0.000000
vn 0.623490 -0.781831 0.000000
vn 0.781831 -0.623490 0.000000
vn 0.781831 -0.623490 0.000000
vn -0.000364 0.000175 1.000000
vn -0.000316 0.000252 1.000000
vn -0.000316 0.000252 1.000000
vn -0.000364 0.000175 1.000000
vn 0.781831 -0.623490 0.000000
vn 0.781831 -0.623490 0.000000
vn 0.900969 -0.433883 0.000000
vn 0.900969 -0.433883 0.000000
vn -0.000394 0.000090 1.000000
vn -0.000364 0.000175 1.000000
vn -0.000364 0.000175 1.000000
vn -0.000394 0.000090 1.000000
vn 0.900969 -0.433883 0.000000
vn 0.900969 -0.433883 0.000000
vn 0.974928 -0.222521 0.000000
vn 0.974928 -0.222521 0.000000
vn -0.000404 -0.000000 1.000000
vn -0.000394 0.000090 1.000000
vn -0.000394 0.000090 1.000000
vn -0.000404 0.000000 1.000000
vn 0.974928 -0.222521 0.000000
vn 0.974928 -0.222521 0.000000
vn 1.000000 0.000000 0.000000
vn 1.000000 0.000000 0.000000
vn -0.000394 -0.000090 1.000000
vn -0.000404 -0.000000 1.000000
vn -0.000404 0.000000 1.000000
vn -0.000394 -0.000090 1.000000
vn 0.974928 0.222521 0.000000
vn 0.974928 0.222521 0.000000
vn 1.000000 0.000000 0.000000
vn 1.000000 0.000000 0.000000
vn -0.000364 -0.000175 1.000000
vn -0.000394 -0.000090 1.000000
vn -0.000394 -0.000090 1.000000
vn -0.000364 -0.000175 1.000000
vn 0.900969 0.433883 0.000000
vn 0.900969 0.433883 0.000000
vn 0.974928 0.222521 0.000000
vn 0.974928 0.222521 0.000000
vn -0.000316 -0.000252 1.000000
vn -0.000364 -0.000175 1.000000
vn -0.000364 -0.000175 1.000000
vn -0.000316 -0.000252 1.000000
vn 0.781831 0.623490 0.000000
vn 0.781831 0.623490 0.000000
vn 0.900969 0.433883 0.000000
vn 0.900969 0.433883 0.000000
vn -0.000252 -0.000316 1.000000
vn -0.000316 -0.000252 1.000000
vn -0.000316 -0.000252 1.000000
vn -0.000252 -0.000316 1.000000
vn 0.623490 0.781832 0.000000
vn 0.623490 0.781832 0.000000
vn 0.781831 0.623490 0.000000
vn 0.781831 0.623490 0.000000
vn -0.000175 -0.000364 1.000000
vn -0.000252 -0.000316 1.000000
vn -0.000252 -0.000316 1.000000
vn -0.000175 -0.000364 1.000000
vn 0.433883 0.900969 0.000000
vn 0.433883 0.900969 0.000000
vn 0.623490 0.781832 0.000000
vn 0.623490 0.781832 0.000000
vn -0.000090 -0.000394 1.000000
vn -0.000175 -0.000364 1.000000
vn -0.000175 -0.000364 1.000000
vn -0.000090 -0.000394 1.000000
vn 0.222522 0.974928 0.000000
vn 0.222522 0.974928 0.000000
vn 0.433883 0.900969 0.000000
vn 0.433883 0.900969 0.000000
vn 0.000000 -0.000404 1.000000
vn 0.000000 -0.000404 1.000000
vn -0.000090 -0.000394 1.000000
vn -0.000090 -0.000394 1.000000
vn 0.000000 1.000000 0.000000
vn 0.000000 1.000000 0.000000
vn 0.222522 0.974928 0.000000
vn 0.222522 0.974928 0.000000
vn 0.000090 -0.000394 1.000000
vn 0.000090 -0.000394 1.000000
vn 0.000000 -0.000404 1.000000
vn 0.000000 -0.000404 1.000000
vn -0.222521 0.974928 0.000000
vn -0.222521 0.974928 0.000000
vn 0.000000 1.000000 0.000000
vn 0.000000 1.000000 0.000000
vn 0.000090 -0.000394 1.000000
vn 0.000175 -0.000364 1.000000
vn 0.000175 -0.000364 1.000000
vn 0.000090 -0.000394 1.000000
vn -0.433883 0.900969 0.000000
vn -0.433883 0.900969 0.000000
vn -0.222521 0.974928 0.000000
vn -0.222521 0.974928 0.000000
vn 0.000175 -0.000364 1.000000
vn 0.000252 -0.000316 1.000000
vn 0.000252 -0.000316 1.000000
vn 0.000175 -0.000364 1.000000
vn -0.623490 0.781832 0.000000
vn -0.623490 0.781832 0.000000
vn -0.433883 0.900969 0.000000
vn -0.433883 0.900969 0.000000
vn 0.000252 -0.000316 1.000000
vn 0.000316 -0.000252 1.000000
vn 0.000316 -0.000252 1.000000
vn 0.000252 -0.000316 1.000000
vn -0.781831 0.623491 0.000000
vn -0.781831 0.623491 0.000000
vn -0.623490 0.781832 0.000000
vn -0.623490 0.781832 0.000000
vn 0.000316 -0.000252 1.000000
vn 0.000364 -0.000175 1.000000
vn 0.000364 -0.000175 1.000000
vn 0.000316 -0.000252 1.000000
vn -0.900969 0.433883 0.000000
vn -0.900969 0.433883 0.000000
vn -0.781831 0.623491 0.000000
vn -0.781831 0.623491 0.000000
vn 0.000364 -0.000175 1.000000
vn 0.000394 -0.000090 1.000000
vn 0.000394 -0.000090 1.000000
vn 0.000364 -0.000175 1.000000
vn -0.974928 0.222521 0.000000
vn -0.974928 0.222521 0.000000
vn -0.900969 0.433883 0.000000
vn -0.900969 0.433883 0.000000
vn 0.000394 -0.000090 1.000000
vn 0.000404 -0.000000 1.000000
vn 0.000404 -0.000000 1.000000
vn 0.000394 -0.000090 1.000000
vn -1.000000 -0.000001 0.000000
vn -1.000000 -0.000001 0.000000
vn -0.974928 0.222521 0.000000
vn -0.974928 0.222521 0.000000
vn -1.000000 -0.000001 0.000000
vn -1.000000 -0.000001 0.000000
vn -0.974928 -0.222522 0.000000
vn -0.974928 -0.222522 0.000000
vn 0.000404 -0.000000 1.000000
vn 0.000394 0.000090 1.000000
vn 0.000394 0.000090 1.000000
vn 0.000404 -0.000000 1.000000
vn -0.000000 -0.999984 0.005674
vn -0.000000 -0.999984 0.005674
vn 0.222519 -0.974912 0.005674
vn 0.222519 -0.974912 0.005674
vn -0.222519 -0.974912 0.005673
vn -0.222519 -0.974912 0.005673
vn -0.000000 -0.999984 0.005674
vn -0.000000 -0.999984 0.005674
vn -0.433877 -0.900954 0.005673
vn -0.433877 -0.900954 0.005673
vn -0.222519 -0.974912 0.005673
vn -0.222519 -0.974912 0.005673
vn -0.623479 -0.781820 0.005673
vn -0.623479 -0.781820 0.005673
vn -0.433877 -0.900954 0.005673
vn -0.433877 -0.900954 0.005673
vn -0.781820 -0.623479 0.005674
vn -0.781820 -0.623479 0.005674
vn -0.623479 -0.781820 0.005673
vn -0.623479 -0.781820 0.005673
vn -0.900955 -0.433876 0.005673
vn -0.900955 -0.433876 0.005673
vn -0.781820 -0.623479 0.005674
vn -0.781820 -0.623479 0.005674
vn -0.974912 -0.222520 0.005673
vn -0.974912 -0.222520 0.005673
vn -0.900955 -0.433876 0.005673
vn -0.900955 -0.433876 0.005673
vn -0.999984 -0.000001 0.005674
vn -0.999984 -0.000001 0.005674
vn -0.974912 -0.222520 0.005673
vn -0.974912 -0.222520 0.005673
vn -0.999984 -0.000001 0.005674
vn -0.999984 -0.000001 0.005674
vn -0.974912 0.222519 0.005673
vn -0.974912 0.222519 0.005673
vn -0.974912 0.222519 0.005673
vn -0.974912 0.222519 0.005673
vn -0.900955 0.433876 0.005672
vn -0.900955 0.433876 0.005672
vn -0.900955 0.433876 0.005672
vn -0.900955 0.433876 0.005672
vn -0.781819 0.623479 0.005673
vn -0.781819 0.623479 0.005673
vn -0.781819 0.623479 0.005673
vn -0.781819 0.623479 0.005673
vn -0.623478 0.781820 0.005674
vn -0.623478 0.781820 0.005674
vn -0.623478 0.781820 0.005674
vn -0.623478 0.781820 0.005674
vn -0.433877 0.900954 0.005674
vn -0.433877 0.900954 0.005674
vn -0.433877 0.900954 0.005674
vn -0.433877 0.900954 0.005674
vn -0.222519 0.974912 0.005673
vn -0.222519 0.974912 0.005673
vn -0.222519 0.974912 0.005673
vn -0.222519 0.974912 0.005673
vn -0.000000 0.999984 0.005673
vn -0.000000 0.999984 0.005673
vn -0.000000 0.999984 0.005673
vn -0.000000 0.999984 0.005673
vn 0.222519 0.974912 0.005674
vn 0.222519 0.974912 0.005674
vn 0.222519 0.974912 0.005674
vn 0.222519 0.974912 0.005674
vn 0.433877 0.900954 0.005674
vn 0.433877 0.900954 0.005674
vn 0.433877 0.900954 0.005674
vn 0.433877 0.900954 0.005674
vn 0.623479 0.781820 0.005674
vn 0.623479 0.781820 0.005674
vn 0.623479 0.781820 0.005674
vn 0.623479 0.781820 0.005674
vn 0.781820 0.623479 0.005673
vn 0.781820 0.623479 0.005673
vn 0.781820 0.623479 0.005673
vn 0.781820 0.623479 0.005673
vn 0.900955 0.433876 0.005673
vn 0.900955 0.433876 0.005673
vn 0.900955 0.433876 0.005673
vn 0.900955 0.433876 0.005673
vn 0.974912 0.222519 0.005674
vn 0.974912 0.222519 0.005674
vn 0.974912 0.222519 0.005674
vn 0.974912 0.222519 0.005674
vn 0.999984 0.000000 0.005674
vn 0.999984 0.000000 0.005674
vn 0.974912 -0.222519 0.005674
vn 0.974912 -0.222519 0.005674
vn 0.999984 0.000000 0.005674
vn 0.999984 0.000000 0.005674
vn 0.900955 -0.433876 0.005673
vn 0.900955 -0.433876 0.005673
vn 0.974912 -0.222519 0.005674
vn 0.974912 -0.222519 0.005674
vn 0.781820 -0.623479 0.005673
vn 0.781820 -0.623479 0.005673
vn 0.900955 -0.433876 0.005673
vn 0.900955 -0.433876 0.005673
vn 0.623478 -0.781820 0.005674
vn 0.623478 -0.781820 0.005674
vn 0.781820 -0.623479 0.005673
vn 0.781820 -0.623479 0.005673
vn 0.433877 -0.900954 0.005674
vn 0.433877 -0.900954 0.005674
vn 0.623478 -0.781820 0.005674
vn 0.623478 -0.781820 0.005674
vn 0.222519 -0.974912 0.005674
vn 0.222519 -0.974912 0.005674
vn 0.433877 -0.900954 0.005674
vn 0.433877 -0.900954 0.005674
vn 0.036883 0.008418 -0.999284
vn 0.036883 0.008417 -0.999284
vn 0.034081 0.016412 -0.999284
vn 0.034081 0.016412 -0.999284
vn 0.009435 0.002153 0.999953
vn 0.009435 0.002153 0.999953
vn 0.008717 0.004198 0.999953
vn 0.008717 0.004198 0.999953
vn 0.034081 0.016412 -0.999284
vn 0.034081 0.016412 -0.999284
vn 0.029577 0.023587 -0.999284
vn 0.029577 0.023587 -0.999284
vn 0.008717 0.004198 0.999953
vn 0.008717 0.004198 0.999953
vn 0.007564 0.006033 0.999953
vn 0.007564 0.006033 0.999953
vn 0.029577 0.023587 -0.999284
vn 0.029577 0.023587 -0.999284
vn 0.023588 0.029580 -0.999284
vn 0.023589 0.029580 -0.999284
vn 0.007564 0.006033 0.999953
vn 0.007564 0.006033 0.999953
vn 0.006034 0.007567 0.999953
vn 0.006034 0.007567 0.999953
vn 0.023589 0.029580 -0.999284
vn 0.023588 0.029580 -0.999284
vn 0.016416 0.034088 -0.999284
vn 0.016416 0.034088 -0.999284
vn 0.006034 0.007567 0.999953
vn 0.006034 0.007567 0.999953
vn 0.004200 0.008721 0.999953
vn 0.004200 0.008721 0.999953
vn 0.016416 0.034088 -0.999284
vn 0.016416 0.034088 -0.999284
vn 0.008419 0.036886 -0.999284
vn 0.008419 0.036886 -0.999284
vn 0.004200 0.008721 0.999953
vn 0.004200 0.008721 0.999953
vn 0.002154 0.009436 0.999953
vn 0.002154 0.009436 0.999953
vn 0.008419 0.036886 -0.999284
vn 0.008419 0.036886 -0.999284
vn 0.000000 0.037833 -0.999284
vn 0.000000 0.037833 -0.999284
vn 0.002154 0.009436 0.999953
vn 0.002154 0.009436 0.999953
vn 0.000000 0.009679 0.999953
vn 0.000000 0.009679 0.999953
vn 0.000000 0.037833 -0.999284
vn 0.000000 0.037833 -0.999284
vn -0.008418 0.036881 -0.999284
vn -0.008418 0.036881 -0.999284
vn 0.000000 0.009679 0.999953
vn 0.000000 0.009679 0.999953
vn -0.002154 0.009436 0.999953
vn -0.002154 0.009436 0.999953
vn -0.002154 0.009436 0.999953
vn -0.002154 0.009436 0.999953
vn -0.004199 0.008720 0.999953
vn -0.004199 0.008720 0.999953
vn -0.008418 0.036881 -0.999284
vn -0.008418 0.036881 -0.999284
vn -0.016413 0.034080 -0.999284
vn -0.016412 0.034080 -0.999284
vn -0.016412 0.034080 -0.999284
vn -0.016413 0.034080 -0.999284
vn -0.023585 0.029575 -0.999284
vn -0.023585 0.029575 -0.999284
vn -0.004199 0.008720 0.999953
vn -0.004199 0.008720 0.999953
vn -0.006033 0.007565 0.999953
vn -0.006033 0.007566 0.999953
vn -0.023585 0.029575 -0.999284
vn -0.023585 0.029575 -0.999284
vn -0.029577 0.023587 -0.999284
vn -0.029577 0.023587 -0.999284
vn -0.006033 0.007566 0.999953
vn -0.006033 0.007565 0.999953
vn -0.007567 0.006034 0.999953
vn -0.007567 0.006034 0.999953
vn -0.029577 0.023587 -0.999284
vn -0.029577 0.023587 -0.999284
vn -0.034083 0.016414 -0.999284
vn -0.034083 0.016413 -0.999284
vn -0.007567 0.006034 0.999953
vn -0.007567 0.006034 0.999953
vn -0.008719 0.004199 0.999953
vn -0.008719 0.004199 0.999953
vn -0.034083 0.016413 -0.999284
vn -0.034083 0.016414 -0.999284
vn -0.036883 0.008418 -0.999284
vn -0.036883 0.008418 -0.999284
vn -0.008719 0.004199 0.999953
vn -0.008719 0.004199 0.999953
vn -0.009434 0.002153 0.999953
vn -0.009434 0.002153 0.999953
vn -0.036883 0.008418 -0.999284
vn -0.036883 0.008418 -0.999284
vn -0.037838 -0.000000 -0.999284
vn -0.037838 -0.000000 -0.999284
vn -0.009677 0.000000 0.999953
vn -0.009434 0.002153 0.999953
vn -0.009434 0.002153 0.999953
vn -0.009677 0.000000 0.999953
vn -0.036888 -0.008419 -0.999284
vn -0.036888 -0.008419 -0.999284
vn -0.037838 -0.000000 -0.999284
vn -0.037838 -0.000000 -0.999284
vn -0.009434 -0.002153 0.999953
vn -0.009677 0.000000 0.999953
vn -0.009677 0.000000 0.999953
vn -0.009434 -0.002153 0.999953
vn -0.034085 -0.016415 -0.999284
vn -0.034085 -0.016414 -0.999284
vn -0.036888 -0.008419 -0.999284
vn -0.036888 -0.008419 -0.999284
vn -0.008719 -0.004199 0.999953
vn -0.008719 -0.004199 0.999953
vn -0.009434 -0.002153 0.999953
vn -0.009434 -0.002153 0.999953
vn -0.029578 -0.023587 -0.999284
vn -0.029578 -0.023587 -0.999284
vn -0.034085 -0.016414 -0.999284
vn -0.034085 -0.016415 -0.999284
vn -0.007567 -0.006035 0.999953
vn -0.007567 -0.006035 0.999953
vn -0.008719 -0.004199 0.999953
vn -0.008719 -0.004199 0.999953
vn -0.023588 -0.029577 -0.999284
vn -0.023588 -0.029577 -0.999284
vn -0.029578 -0.023587 -0.999284
vn -0.029578 -0.023587 -0.999284
vn -0.006034 -0.007566 0.999953
vn -0.006034 -0.007566 0.999953
vn -0.007567 -0.006035 0.999953
vn -0.007567 -0.006035 0.999953
vn -0.016414 -0.034084 -0.999284
vn -0.016414 -0.034084 -0.999284
vn -0.023588 -0.029577 -0.999284
vn -0.023588 -0.029577 -0.999284
vn -0.004199 -0.008718 0.999953
vn -0.004199 -0.008718 0.999953
vn -0.006034 -0.007566 0.999953
vn -0.006034 -0.007566 0.999953
vn -0.008419 -0.036885 -0.999284
vn -0.008419 -0.036885 -0.999284
vn -0.016414 -0.034084 -0.999284
vn -0.016414 -0.034084 -0.999284
vn -0.002153 -0.009435 0.999953
vn -0.002153 -0.009435 0.999953
vn -0.004199 -0.008718 0.999953
vn -0.004199 -0.008718 0.999953
vn 0.000000 -0.037838 -0.999284
vn -0.000000 -0.037838 -0.999284
vn -0.008419 -0.036885 -0.999284
vn -0.008419 -0.036885 -0.999284
vn -0.000000 -0.009679 0.999953
vn 0.000000 -0.009679 0.999953
vn -0.002153 -0.009435 0.999953
vn -0.002153 -0.009435 0.999953
vn 0.008419 -0.036887 -0.999284
vn 0.008419 -0.036887 -0.999284
vn -0.000000 -0.037838 -0.999284
vn 0.000000 -0.037838 -0.999284
vn 0.002154 -0.009436 0.999953
vn 0.002154 -0.009436 0.999953
vn 0.000000 -0.009679 0.999953
vn -0.000000 -0.009679 0.999953
vn 0.016414 -0.034084 -0.999284
vn 0.016414 -0.034084 -0.999284
vn 0.008419 -0.036887 -0.999284
vn 0.008419 -0.036887 -0.999284
vn 0.004200 -0.008721 0.999953
vn 0.004200 -0.008721 0.999953
vn 0.002154 -0.009436 0.999953
vn 0.002154 -0.009436 0.999953
vn 0.023587 -0.029578 -0.999284
vn 0.023587 -0.029578 -0.999284
vn 0.016414 -0.034084 -0.999284
vn 0.016414 -0.034084 -0.999284
vn 0.006035 -0.007567 0.999953
vn 0.006035 -0.007567 0.999953
vn 0.004200 -0.008721 0.999953
vn 0.004200 -0.008721 0.999953
vn 0.029579 -0.023588 -0.999284
vn 0.029579 -0.023588 -0.999284
vn 0.023587 -0.029578 -0.999284
vn 0.023587 -0.029578 -0.999284
vn 0.007567 -0.006035 0.999953
vn 0.007567 -0.006035 0.999953
vn 0.006035 -0.007567 0.999953
vn 0.006035 -0.007567 0.999953
vn 0.034085 -0.016415 -0.999284
vn 0.034085 -0.016414 -0.999284
vn 0.029579 -0.023588 -0.999284
vn 0.029579 -0.023588 -0.999284
vn 0.008720 -0.004200 0.999953
vn 0.008720 -0.004200 0.999953
vn 0.007567 -0.006035 0.999953
vn 0.007567 -0.006035 0.999953
vn 0.036884 -0.008418 -0.999284
vn 0.036884 -0.008419 -0.999284
vn 0.034085 -0.016414 -0.999284
vn 0.034085 -0.016415 -0.999284
vn 0.009436 -0.002154 0.999953
vn 0.009436 -0.002154 0.999953
vn 0.008720 -0.004200 0.999953
vn 0.008720 -0.004200 0.999953
vn 0.037835 0.000000 -0.999284
vn 0.037835 0.000000 -0.999284
vn 0.036884 -0.008419 -0.999284
vn 0.036884 -0.008418 -0.999284
vn 0.009436 -0.002154 0.999953
vn 0.009679 0.000000 0.999953
vn 0.009679 0.000000 0.999953
vn 0.009436 -0.002154 0.999953
vn 0.009679 0.000000 0.999953
vn 0.009435 0.002153 0.999953
vn 0.009435 0.002153 0.999953
vn 0.009679 0.000000 0.999953
vn 0.037835 0.000000 -0.999284
vn 0.037835 0.000000 -0.999284
vn 0.036883 0.008417 -0.999284
vn 0.036883 0.008418 -0.999284
vn 0.974806 0.222491 -0.015857
vn 0.974806 0.222491 -0.015857
vn 0.900855 0.433831 -0.015857
vn 0.900855 0.433831 -0.015857
vn 0.001407 0.000320 0.999999
vn 0.001300 0.000626 0.999999
vn 0.001300 0.000626 0.999999
vn 0.001407 0.000320 0.999999
vn 0.029202 0.006664 0.999551
vn 0.026987 0.012984 0.999551
vn 0.000000 0.000000 1.000000
vn 0.026987 0.012984 0.999551
vn 0.023408 0.018680 0.999551
vn 0.000000 0.000000 1.000000
vn 0.023408 0.018680 0.999551
vn 0.018670 0.023423 0.999551
vn 0.000000 0.000000 1.000000
vn 0.018670 0.023423 0.999551
vn 0.012995 0.026983 0.999551
vn 0.000000 0.000000 1.000000
vn 0.012995 0.026983 0.999551
vn 0.006662 0.029202 0.999551
vn 0.000000 0.000000 1.000000
vn 0.006662 0.029202 0.999551
vn 0.000003 0.029950 0.999551
vn 0.000000 0.000000 1.000000
vn 0.000003 0.029950 0.999551
vn -0.006670 0.029197 0.999551
vn 0.000000 0.000000 1.000000
vn -0.006670 0.029197 0.999551
vn -0.012982 0.026992 0.999551
vn 0.000000 0.000000 1.000000
vn -0.012982 0.026992 0.999551
vn -0.018665 0.023413 0.999552
vn 0.000000 0.000000 1.000000
vn -0.018665 0.023413 0.999552
vn -0.023432 0.018655 0.999551
vn 0.000000 0.000000 1.000000
vn -0.023432 0.018655 0.999551
vn -0.026980 0.013014 0.999551
vn 0.000000 0.000000 1.000000
vn -0.026980 0.013014 0.999551
vn -0.029192 0.006663 0.999552
vn 0.000000 0.000000 1.000000
vn -0.029192 0.006663 0.999552
vn -0.029956 -0.000008 0.999551
vn 0.000000 0.000000 1.000000
vn -0.029956 -0.000008 0.999551
vn -0.029197 -0.006658 0.999552
vn 0.000000 0.000000 1.000000
vn -0.029197 -0.006658 0.999552
vn -0.026982 -0.013002 0.999551
vn 0.000000 0.000000 1.000000
vn -0.026982 -0.013002 0.999551
vn -0.023412 -0.018678 0.999551
vn 0.000000 0.000000 1.000000
vn -0.023412 -0.018678 0.999551
vn -0.018683 -0.023411 0.999551
vn 0.000000 0.000000 1.000000
vn -0.018683 -0.023411 0.999551
vn -0.012993 -0.026976 0.999552
vn 0.000000 0.000000 1.000000
vn -0.012993 -0.026976 0.999552
vn -0.006657 -0.029206 0.999551
vn 0.000000 0.000000 1.000000
vn -0.006657 -0.029206 0.999551
vn -0.000006 -0.029950 0.999551
vn 0.000000 0.000000 1.000000
vn -0.000006 -0.029950 0.999551
vn 0.006669 -0.029198 0.999551
vn 0.000000 0.000000 1.000000
vn 0.006669 -0.029198 0.999551
vn 0.012993 -0.026987 0.999551
vn 0.000000 0.000000 1.000000
vn 0.012993 -0.026987 0.999551
vn 0.018674 -0.023415 0.999551
vn 0.000000 0.000000 1.000000
vn 0.018674 -0.023415 0.999551
vn 0.023416 -0.018674 0.999551
vn 0.000000 0.000000 1.000000
vn 0.023416 -0.018674 0.999551
vn 0.026983 -0.012993 0.999551
vn 0.000000 0.000000 1.000000
vn 0.026983 -0.012993 0.999551
vn 0.029201 -0.006665 0.999551
vn 0.000000 0.000000 1.000000
vn 0.029201 -0.006665 0.999551
vn 0.029949 0.000000 0.999551
vn 0.000000 0.000000 1.000000
vn 0.029949 0.000000 0.999551
vn 0.029202 0.006664 0.999551
vn 0.000000 0.000000 1.000000
vn 0.001300 0.000626 0.999999
vn 0.001128 0.000900 0.999999
vn 0.001128 0.000900 0.999999
vn 0.001300 0.000626 0.999999
vn 0.900855 0.433831 -0.015857
vn 0.900855 0.433831 -0.015857
vn 0.781733 0.623412 -0.015857
vn 0.781733 0.623412 -0.015857
vn 0.001128 0.000900 0.999999
vn 0.000900 0.001128 0.999999
vn 0.000900 0.001128 0.999999
vn 0.001128 0.000900 0.999999
vn 0.781733 0.623412 -0.015857
vn 0.781733 0.623412 -0.015857
vn 0.623411 0.781733 -0.015857
vn 0.623411 0.781733 -0.015857
vn 0.000900 0.001128 0.999999
vn 0.000627 0.001300 0.999999
vn 0.000627 0.001300 0.999999
vn 0.000900 0.001128 0.999999
vn 0.623411 0.781733 -0.015857
vn 0.623411 0.781733 -0.015857
vn 0.433833 0.900854 -0.015857
vn 0.433833 0.900854 -0.015857
vn 0.000627 0.001300 0.999999
vn 0.000320 0.001407 0.999999
vn 0.000320 0.001407 0.999999
vn 0.000627 0.001300 0.999999
vn 0.433833 0.900854 -0.015857
vn 0.433833 0.900854 -0.015857
vn 0.222489 0.974806 -0.015857
vn 0.222489 0.974806 -0.015857
vn 0.000320 0.001407 0.999999
vn 0.000320 0.001407 0.999999
vn -0.000000 0.001443 0.999999
vn -0.000000 0.001443 0.999999
vn 0.222489 0.974806 -0.015857
vn 0.222489 0.974806 -0.015857
vn -0.000001 0.999874 -0.015856
vn -0.000001 0.999874 -0.015856
vn -0.000000 0.001443 0.999999
vn -0.000000 0.001443 0.999999
vn -0.000320 0.001407 0.999999
vn -0.000320 0.001407 0.999999
vn -0.000001 0.999874 -0.015856
vn -0.000001 0.999874 -0.015856
vn -0.222489 0.974806 -0.015857
vn -0.222489 0.974806 -0.015857
vn -0.000626 0.001300 0.999999
vn -0.000320 0.001407 0.999999
vn -0.000320 0.001407 0.999999
vn -0.000626 0.001300 0.999999
vn -0.222489 0.974806 -0.015857
vn -0.222489 0.974806 -0.015857
vn -0.433831 0.900855 -0.015858
vn -0.433831 0.900855 -0.015858
vn -0.000900 0.001128 0.999999
vn -0.000626 0.001300 0.999999
vn -0.000626 0.001300 0.999999
vn -0.000900 0.001128 0.999999
vn -0.433831 0.900855 -0.015858
vn -0.433831 0.900855 -0.015858
vn -0.623411 0.781733 -0.015857
vn -0.623411 0.781733 -0.015857
vn -0.001128 0.000899 0.999999
vn -0.000900 0.001128 0.999999
vn -0.000900 0.001128 0.999999
vn -0.001128 0.000899 0.999999
vn -0.623411 0.781733 -0.015857
vn -0.623411 0.781733 -0.015857
vn -0.781734 0.623410 -0.015857
vn -0.781734 0.623410 -0.015857
vn -0.001300 0.000626 0.999999
vn -0.001128 0.000899 0.999999
vn -0.001128 0.000899 0.999999
vn -0.001300 0.000626 0.999999
vn -0.781734 0.623410 -0.015857
vn -0.781734 0.623410 -0.015857
vn -0.900856 0.433829 -0.015858
vn -0.900856 0.433829 -0.015858
vn -0.001406 0.000321 0.999999
vn -0.001300 0.000626 0.999999
vn -0.001300 0.000626 0.999999
vn -0.001406 0.000321 0.999999
vn -0.900856 0.433829 -0.015858
vn -0.900856 0.433829 -0.015858
vn -0.974806 0.222492 -0.015858
vn -0.974806 0.222492 -0.015858
vn -0.001443 -0.000000 0.999999
vn -0.001406 0.000321 0.999999
vn -0.001406 0.000321 0.999999
vn -0.001443 0.000000 0.999999
vn -0.974806 0.222492 -0.015858
vn -0.974806 0.222492 -0.015858
vn -0.999874 0.000000 -0.015857
vn -0.999874 -0.000000 -0.015857
vn -0.001406 -0.000321 0.999999
vn -0.001443 -0.000000 0.999999
vn -0.001443 0.000000 0.999999
vn -0.001406 -0.000321 0.999999
vn -0.974806 -0.222492 -0.015857
vn -0.974806 -0.222492 -0.015857
vn -0.999874 -0.000000 -0.015857
vn -0.999874 0.000000 -0.015857
vn -0.001300 -0.000626 0.999999
vn -0.001406 -0.000321 0.999999
vn -0.001406 -0.000321 0.999999
vn -0.001300 -0.000626 0.999999
vn -0.900855 -0.433830 -0.015857
vn -0.900855 -0.433830 -0.015857
vn -0.974806 -0.222492 -0.015857
vn -0.974806 -0.222492 -0.015857
vn -0.001128 -0.000899 0.999999
vn -0.001300 -0.000626 0.999999
vn -0.001300 -0.000626 0.999999
vn -0.001128 -0.000899 0.999999
vn -0.781734 -0.623410 -0.015857
vn -0.781734 -0.623410 -0.015857
vn -0.900855 -0.433830 -0.015857
vn -0.900855 -0.433830 -0.015857
vn -0.000900 -0.001128 0.999999
vn -0.001128 -0.000899 0.999999
vn -0.001128 -0.000899 0.999999
vn -0.000900 -0.001128 0.999999
vn -0.623413 -0.781732 -0.015857
vn -0.623413 -0.781732 -0.015857
vn -0.781734 -0.623410 -0.015857
vn -0.781734 -0.623410 -0.015857
vn -0.000627 -0.001300 0.999999
vn -0.000900 -0.001128 0.999999
vn -0.000900 -0.001128 0.999999
vn -0.000627 -0.001300 0.999999
vn -0.433832 -0.900854 -0.015857
vn -0.433832 -0.900854 -0.015857
vn -0.623413 -0.781732 -0.015857
vn -0.623413 -0.781732 -0.015857
vn -0.000320 -0.001407 0.999999
vn -0.000627 -0.001300 0.999999
vn -0.000627 -0.001300 0.999999
vn -0.000320 -0.001407 0.999999
vn -0.222491 -0.974806 -0.015857
vn -0.222490 -0.974806 -0.015857
vn -0.433832 -0.900854 -0.015857
vn -0.433832 -0.900854 -0.015857
vn 0.000000 -0.001443 0.999999
vn 0.000000 -0.001443 0.999999
vn -0.000320 -0.001407 0.999999
vn -0.000320 -0.001407 0.999999
vn 0.000002 -0.999874 -0.015856
vn 0.000002 -0.999874 -0.015856
vn -0.222490 -0.974806 -0.015857
vn -0.222491 -0.974806 -0.015857
vn 0.000320 -0.001407 0.999999
vn 0.000320 -0.001407 0.999999
vn 0.000000 -0.001443 0.999999
vn 0.000000 -0.001443 0.999999
vn 0.222492 -0.974806 -0.015856
vn 0.222492 -0.974806 -0.015856
vn 0.000002 -0.999874 -0.015856
vn 0.000002 -0.999874 -0.015856
vn 0.000320 -0.001407 0.999999
vn 0.000627 -0.001300 0.999999
vn 0.000627 -0.001300 0.999999
vn 0.000320 -0.001407 0.999999
vn 0.433832 -0.900854 -0.015856
vn 0.433832 -0.900855 -0.015856
vn 0.222492 -0.974806 -0.015856
vn 0.222492 -0.974806 -0.015856
vn 0.000627 -0.001300 0.999999
vn 0.000900 -0.001128 0.999999
vn 0.000900 -0.001128 0.999999
vn 0.000627 -0.001300 0.999999
vn 0.623412 -0.781733 -0.015856
vn 0.623412 -0.781733 -0.015856
vn 0.433832 -0.900855 -0.015856
vn 0.433832 -0.900854 -0.015856
vn 0.000900 -0.001128 0.999999
vn 0.001128 -0.000900 0.999999
vn 0.001128 -0.000900 0.999999
vn 0.000900 -0.001128 0.999999
vn 0.781734 -0.623411 -0.015855
vn 0.781734 -0.623411 -0.015855
vn 0.623412 -0.781733 -0.015856
vn 0.623412 -0.781733 -0.015856
vn 0.001128 -0.000900 0.999999
vn 0.001300 -0.000627 0.999999
vn 0.001300 -0.000627 0.999999
vn 0.001128 -0.000900 0.999999
vn 0.900854 -0.433832 -0.015856
vn 0.900854 -0.433832 -0.015856
vn 0.781734 -0.623411 -0.015855
vn 0.781734 -0.623411 -0.015855
vn 0.001300 -0.000627 0.999999
vn 0.001407 -0.000320 0.999999
vn 0.001407 -0.000320 0.999999
vn 0.001300 -0.000627 0.999999
vn 0.974806 -0.222490 -0.015857
vn 0.974806 -0.222490 -0.015857
vn 0.900854 -0.433832 -0.015856
vn 0.900854 -0.433832 -0.015856
vn 0.001407 -0.000320 0.999999
vn 0.001443 -0.000000 0.999999
vn 0.001443 -0.000000 0.999999
vn 0.001407 -0.000320 0.999999
vn 0.999874 0.000001 -0.015856
vn 0.999874 0.000001 -0.015856
vn 0.974806 -0.222490 -0.015857
vn 0.974806 -0.222490 -0.015857
vn 0.999874 0.000001 -0.015856
vn 0.999874 0.000001 -0.015856
vn 0.974806 0.222491 -0.015857
vn 0.974806 0.222491 -0.015857
vn 0.001443 -0.000000 0.999999
vn 0.001407 0.000320 0.999999
vn 0.001407 0.000320 0.999999
vn 0.001443 -0.000000 0.999999
vn 0.974930 0.222513 -0.000004
vn 0.974930 0.222513 -0.000004
vn 0.900968 0.433885 -0.000003
vn 0.900968 0.433885 -0.000003
vn 0.900968 0.433885 -0.000003
vn 0.900968 0.433885 -0.000003
vn 0.781832 0.623489 -0.000004
vn 0.781832 0.623489 -0.000004
vn 0.781832 0.623489 -0.000004
vn 0.781832 0.623489 -0.000004
vn 0.623493 0.781829 -0.000004
vn 0.623493 0.781829 -0.000004
vn 0.623493 0.781829 -0.000004
vn 0.623493 0.781829 -0.000004
vn 0.433882 0.900970 -0.000004
vn 0.433881 0.900970 -0.000004
vn 0.433881 0.900970 -0.000004
vn 0.433882 0.900970 -0.000004
vn 0.222510 0.974930 -0.000004
vn 0.222511 0.974930 -0.000004
vn 0.222511 0.974930 -0.000004
vn 0.222510 0.974930 -0.000004
vn 0.000000 1.000000 -0.000004
vn 0.000000 1.000000 -0.000004
vn 0.000000 1.000000 -0.000004
vn 0.000000 1.000000 -0.000004
vn -0.222508 0.974931 -0.000004
vn -0.222508 0.974931 -0.000004
vn -0.222508 0.974931 -0.000004
vn -0.222508 0.974931 -0.000004
vn -0.433889 0.900966 -0.000004
vn -0.433889 0.900966 -0.000004
vn -0.433889 0.900966 -0.000004
vn -0.433889 0.900966 -0.000004
vn -0.623495 0.781827 -0.000004
vn -0.623496 0.781827 -0.000004
vn -0.623496 0.781827 -0.000004
vn -0.623495 0.781827 -0.000004
vn -0.781830 0.623492 -0.000004
vn -0.781830 0.623492 -0.000004
vn -0.781830 0.623492 -0.000004
vn -0.781830 0.623492 -0.000004
vn -0.900971 0.433879 -0.000004
vn -0.900971 0.433879 -0.000004
vn -0.900971 0.433879 -0.000004
vn -0.900971 0.433879 -0.000004
vn -0.974929 0.222517 -0.000003
vn -0.974929 0.222517 -0.000003
vn -0.974929 0.222517 -0.000003
vn -0.974929 0.222517 -0.000003
vn -1.000000 0.000002 -0.000003
vn -1.000000 0.000002 -0.000003
vn -0.974929 -0.222518 -0.000004
vn -0.974929 -0.222518 -0.000004
vn -1.000000 0.000002 -0.000003
vn -1.000000 0.000002 -0.000003
vn -0.900968 -0.433885 -0.000004
vn -0.900969 -0.433884 -0.000004
vn -0.974929 -0.222518 -0.000004
vn -0.974929 -0.222518 -0.000004
vn -0.781829 -0.623493 -0.000004
vn -0.781829 -0.623493 -0.000004
vn -0.900969 -0.433884 -0.000004
vn -0.900968 -0.433885 -0.000004
vn -0.623489 -0.781832 -0.000003
vn -0.623488 -0.781833 -0.000003
vn -0.781829 -0.623493 -0.000004
vn -0.781829 -0.623493 -0.000004
vn -0.433888 -0.900967 -0.000003
vn -0.433888 -0.900967 -0.000003
vn -0.623488 -0.781833 -0.000003
vn -0.623489 -0.781832 -0.000003
vn -0.222517 -0.974929 -0.000003
vn -0.222518 -0.974929 -0.000003
vn -0.433888 -0.900967 -0.000003
vn -0.433888 -0.900967 -0.000003
vn 0.000001 -1.000000 -0.000004
vn 0.000002 -1.000000 -0.000004
vn -0.222518 -0.974929 -0.000003
vn -0.222517 -0.974929 -0.000003
vn 0.222514 -0.974929 -0.000004
vn 0.222514 -0.974929 -0.000004
vn 0.000002 -1.000000 -0.000004
vn 0.000001 -1.000000 -0.000004
vn 0.433886 -0.900968 -0.000004
vn 0.433886 -0.900968 -0.000004
vn 0.222514 -0.974929 -0.000004
vn 0.222514 -0.974929 -0.000004
vn 0.623491 -0.781830 -0.000004
vn 0.623491 -0.781830 -0.000004
vn 0.433886 -0.900968 -0.000004
vn 0.433886 -0.900968 -0.000004
vn 0.781830 -0.623492 -0.000004
vn 0.781830 -0.623491 -0.000004
vn 0.623491 -0.781830 -0.000004
vn 0.623491 -0.781830 -0.000004
vn 0.900968 -0.433885 -0.000004
vn 0.900968 -0.433884 -0.000004
vn 0.781830 -0.623491 -0.000004
vn 0.781830 -0.623492 -0.000004
vn 0.974930 -0.222513 -0.000004
vn 0.974930 -0.222513 -0.000004
vn 0.900968 -0.433884 -0.000004
vn 0.900968 -0.433885 -0.000004
vn 1.000000 -0.000001 -0.000004
vn 1.000000 -0.000001 -0.000004
vn 0.974930 -0.222513 -0.000004
vn 0.974930 -0.222513 -0.000004
vn 1.000000 -0.000001 -0.000004
vn 1.000000 -0.000001 -0.000004
vn 0.974930 0.222513 -0.000004
vn 0.974930 0.222513 -0.000004
vn 0.974929 0.222516 -0.000005
vn 0.974929 0.222516 -0.000005
vn 0.900962 0.433898 -0.000001
vn 0.900962 0.433898 -0.000001
vn 0.900962 0.433898 -0.000001
vn 0.900962 0.433898 -0.000001
vn 0.781838 0.623482 0.000001
vn 0.781838 0.623482 0.000001
vn 0.781838 0.623482 0.000001
vn 0.781838 0.623482 0.000001
vn 0.623503 0.781821 -0.000003
vn 0.623503 0.781821 -0.000003
vn 0.623503 0.781821 -0.000003
vn 0.623503 0.781821 -0.000003
vn 0.433877 0.900972 -0.000007
vn 0.433878 0.900972 -0.000007
vn 0.433878 0.900972 -0.000007
vn 0.433877 0.900972 -0.000007
vn 0.222508 0.974931 -0.000006
vn 0.222508 0.974931 -0.000006
vn 0.222508 0.974931 -0.000006
vn 0.222508 0.974931 -0.000006
vn 0.000000 1.000000 -0.000005
vn 0.000000 1.000000 -0.000005
vn 0.000000 1.000000 -0.000005
vn 0.000000 1.000000 -0.000005
vn -0.222501 0.974933 -0.000006
vn -0.222501 0.974933 -0.000006
vn -0.222501 0.974933 -0.000006
vn -0.222501 0.974933 -0.000006
vn -0.433900 0.900961 -0.000004
vn -0.433900 0.900961 -0.000004
vn -0.433900 0.900961 -0.000004
vn -0.433900 0.900961 -0.000004
vn -0.623502 0.781822 -0.000000
vn -0.623502 0.781822 -0.000000
vn -0.623502 0.781822 -0.000000
vn -0.623502 0.781822 -0.000000
vn -0.781820 0.623504 -0.000001
vn -0.781820 0.623504 -0.000001
vn -0.781820 0.623504 -0.000001
vn -0.781820 0.623504 -0.000001
vn -0.900974 0.433873 -0.000003
vn -0.900974 0.433873 -0.000003
vn -0.900974 0.433873 -0.000003
vn -0.900974 0.433873 -0.000003
vn -0.974928 0.222520 -0.000003
vn -0.974928 0.222520 -0.000003
vn -0.974928 0.222520 -0.000003
vn -0.974928 0.222520 -0.000003
vn -1.000000 0.000002 -0.000003
vn -1.000000 0.000002 -0.000003
vn -0.974928 -0.222520 -0.000003
vn -0.974928 -0.222520 -0.000003
vn -1.000000 0.000002 -0.000003
vn -1.000000 0.000002 -0.000003
vn -0.900971 -0.433880 -0.000004
vn -0.900971 -0.433880 -0.000004
vn -0.974928 -0.222520 -0.000003
vn -0.974928 -0.222520 -0.000003
vn -0.781827 -0.623496 -0.000005
vn -0.781827 -0.623496 -0.000005
vn -0.900971 -0.433880 -0.000004
vn -0.900971 -0.433880 -0.000004
vn -0.623482 -0.781838 -0.000003
vn -0.623482 -0.781838 -0.000003
vn -0.781827 -0.623496 -0.000005
vn -0.781827 -0.623496 -0.000005
vn -0.433886 -0.900968 -0.000002
vn -0.433886 -0.900968 -0.000002
vn -0.623482 -0.781838 -0.000003
vn -0.623482 -0.781838 -0.000003
vn -0.222523 -0.974927 -0.000003
vn -0.222522 -0.974928 -0.000003
vn -0.433886 -0.900968 -0.000002
vn -0.433886 -0.900968 -0.000002
vn 0.000007 -1.000000 -0.000004
vn 0.000007 -1.000000 -0.000004
vn -0.222522 -0.974928 -0.000003
vn -0.222523 -0.974927 -0.000003
vn 0.222517 -0.974929 -0.000004
vn 0.222516 -0.974929 -0.000004
vn 0.000007 -1.000000 -0.000004
vn 0.000007 -1.000000 -0.000004
vn 0.433882 -0.900970 -0.000003
vn 0.433881 -0.900970 -0.000003
vn 0.222516 -0.974929 -0.000004
vn 0.222517 -0.974929 -0.000004
vn 0.623485 -0.781835 -0.000003
vn 0.623485 -0.781835 -0.000003
vn 0.433881 -0.900970 -0.000003
vn 0.433882 -0.900970 -0.000003
vn 0.781828 -0.623495 -0.000005
vn 0.781828 -0.623495 -0.000005
vn 0.623485 -0.781835 -0.000003
vn 0.623485 -0.781835 -0.000003
vn 0.900970 -0.433882 -0.000007
vn 0.900970 -0.433882 -0.000007
vn 0.781828 -0.623495 -0.000005
vn 0.781828 -0.623495 -0.000005
vn 0.974931 -0.222508 -0.000005
vn 0.974931 -0.222508 -0.000005
vn 0.900970 -0.433882 -0.000007
vn 0.900970 -0.433882 -0.000007
vn 1.000000 -0.000007 -0.000005
vn 1.000000 -0.000007 -0.000005
vn 0.974931 -0.222508 -0.000005
vn 0.974931 -0.222508 -0.000005
vn 1.000000 -0.000007 -0.000005
vn 1.000000 -0.000007 -0.000005
vn 0.974929 0.222516 -0.000005
vn 0.974929 0.222516 -0.000005
vn 0.002900 0.001018 -0.999995
vn 0.002900 0.001018 -0.999995
vn 0.002900 0.001018 -0.999995
vn 0.002900 0.001018 -0.999995
vn 0.002579 0.000892 0.999996
vn 0.002579 0.000892 0.999996
vn 0.002579 0.000892 0.999996
vn 0.002579 0.000892 0.999996
vn 0.002602 0.001636 -0.999995
vn 0.002602 0.001636 -0.999995
vn 0.002602 0.001636 -0.999995
vn 0.002602 0.001636 -0.999995
vn 0.002310 0.001452 0.999996
vn 0.002310 0.001452 0.999996
vn 0.002310 0.001452 0.999996
vn 0.002310 0.001452 0.999996
vn 0.002176 0.002171 -0.999995
vn 0.002176 0.002171 -0.999995
vn 0.002176 0.002171 -0.999995
vn 0.002176 0.002171 -0.999995
vn 0.001922 0.001937 0.999996
vn 0.001922 0.001937 0.999996
vn 0.001922 0.001937 0.999996
vn 0.001922 0.001937 0.999996
vn 0.001635 0.002602 -0.999995
vn 0.001635 0.002602 -0.999995
vn 0.001635 0.002602 -0.999995
vn 0.001635 0.002602 -0.999995
vn 0.001452 0.002311 0.999996
vn 0.001452 0.002311 0.999996
vn 0.001452 0.002311 0.999996
vn 0.001452 0.002311 0.999996
vn 0.001015 0.002900 -0.999995
vn 0.001015 0.002900 -0.999995
vn 0.001015 0.002900 -0.999995
vn 0.001015 0.002900 -0.999995
vn 0.000903 0.002576 0.999996
vn 0.000903 0.002576 0.999996
vn 0.000903 0.002576 0.999996
vn 0.000903 0.002576 0.999996
vn 0.000344 0.003054 -0.999995
vn 0.000344 0.003054 -0.999995
vn 0.000344 0.003054 -0.999995
vn 0.000344 0.003054 -0.999995
vn 0.000302 0.002711 0.999996
vn 0.000302 0.002711 0.999996
vn 0.000302 0.002711 0.999996
vn 0.000302 0.002711 0.999996
vn -0.000344 0.003054 -0.999995
vn -0.000344 0.003054 -0.999995
vn -0.000344 0.003054 -0.999995
vn -0.000344 0.003054 -0.999995
vn -0.000302 0.002711 0.999996
vn -0.000302 0.002711 0.999996
vn -0.000302 0.002711 0.999996
vn -0.000302 0.002711 0.999996
vn -0.001014 0.002901 -0.999995
vn -0.001014 0.002901 -0.999995
vn -0.001014 0.002901 -0.999995
vn -0.001014 0.002901 -0.999995
vn -0.000903 0.002575 0.999996
vn -0.000903 0.002575 0.999996
vn -0.000903 0.002575 0.999996
vn -0.000903 0.002575 0.999996
vn -0.001640 0.002599 -0.999995
vn -0.001640 0.002599 -0.999995
vn -0.001640 0.002599 -0.999995
vn -0.001640 0.002599 -0.999995
vn -0.001444 0.002315 0.999996
vn -0.001444 0.002315 0.999996
vn -0.001444 0.002315 0.999996
vn -0.001444 0.002315 0.999996
vn -0.002170 0.002176 -0.999995
vn -0.002170 0.002176 -0.999995
vn -0.002170 0.002176 -0.999995
vn -0.002170 0.002176 -0.999995
vn -0.001934 0.001923 0.999996
vn -0.001934 0.001923 0.999996
vn -0.001934 0.001923 0.999996
vn -0.001934 0.001923 0.999996
vn -0.002602 0.001636 -0.999995
vn -0.002602 0.001636 -0.999995
vn -0.002602 0.001636 -0.999995
vn -0.002602 0.001636 -0.999995
vn -0.002312 0.001451 0.999996
vn -0.002312 0.001451 0.999996
vn -0.002312 0.001451 0.999996
vn -0.002312 0.001451 0.999996
vn -0.002902 0.001012 -0.999995
vn -0.002902 0.001012 -0.999995
vn -0.002902 0.001012 -0.999995
vn -0.002902 0.001012 -0.999995
vn -0.002573 0.000908 0.999996
vn -0.002573 0.000908 0.999996
vn -0.002573 0.000908 0.999996
vn -0.002573 0.000908 0.999996
vn -0.003054 0.000348 -0.999995
vn -0.003054 0.000348 -0.999995
vn -0.003054 0.000348 -0.999995
vn -0.003054 0.000348 -0.999995
vn -0.002713 0.000298 0.999996
vn -0.002713 0.000298 0.999996
vn -0.002713 0.000298 0.999996
vn -0.002713 0.000298 0.999996
vn -0.003054 -0.000348 -0.999995
vn -0.003054 -0.000348 -0.999995
vn -0.003054 -0.000348 -0.999995
vn -0.003054 -0.000348 -0.999995
vn -0.002713 -0.000297 0.999996
vn -0.002713 -0.000297 0.999996
vn -0.002713 -0.000297 0.999996
vn -0.002713 -0.000297 0.999996
vn -0.002902 -0.001011 -0.999995
vn -0.002902 -0.001011 -0.999995
vn -0.002902 -0.001011 -0.999995
vn -0.002902 -0.001011 -0.999995
vn -0.002573 -0.000911 0.999996
vn -0.002573 -0.000911 0.999996
vn -0.002573 -0.000911 0.999996
vn -0.002573 -0.000911 0.999996
vn -0.002602 -0.001635 -0.999995
vn -0.002602 -0.001635 -0.999995
vn -0.002602 -0.001635 -0.999995
vn -0.002602 -0.001635 -0.999995
vn -0.002309 -0.001452 0.999996
vn -0.002309 -0.001452 0.999996
vn -0.002309 -0.001452 0.999996
vn -0.002309 -0.001452 0.999996
vn -0.002173 -0.002173 -0.999995
vn -0.002173 -0.002173 -0.999995
vn -0.002173 -0.002173 -0.999995
vn -0.002173 -0.002173 -0.999995
vn -0.001930 -0.001929 0.999996
vn -0.001930 -0.001929 0.999996
vn -0.001930 -0.001929 0.999996
vn -0.001930 -0.001929 0.999996
vn -0.001632 -0.002604 -0.999995
vn -0.001632 -0.002604 -0.999995
vn -0.001632 -0.002604 -0.999995
vn -0.001632 -0.002604 -0.999995
vn -0.001459 -0.002305 0.999996
vn -0.001459 -0.002305 0.999996
vn -0.001459 -0.002305 0.999996
vn -0.001459 -0.002305 0.999996
vn -0.001020 -0.002900 -0.999995
vn -0.001020 -0.002900 -0.999995
vn -0.001020 -0.002900 -0.999995
vn -0.001020 -0.002900 -0.999995
vn -0.000893 -0.002579 0.999996
vn -0.000893 -0.002579 0.999996
vn -0.000893 -0.002579 0.999996
vn -0.000893 -0.002579 0.999996
vn -0.000343 -0.003054 -0.999995
vn -0.000343 -0.003054 -0.999995
vn -0.000343 -0.003054 -0.999995
vn -0.000343 -0.003054 -0.999995
vn -0.000304 -0.002711 0.999996
vn -0.000304 -0.002711 0.999996
vn -0.000304 -0.002711 0.999996
vn -0.000304 -0.002711 0.999996
vn 0.000344 -0.003054 -0.999995
vn 0.000344 -0.003054 -0.999995
vn 0.000344 -0.003054 -0.999995
vn 0.000344 -0.003054 -0.999995
vn 0.000302 -0.002711 0.999996
vn 0.000302 -0.002711 0.999996
vn 0.000302 -0.002711 0.999996
vn 0.000302 -0.002711 0.999996
vn 0.001015 -0.002901 -0.999995
vn 0.001015 -0.002901 -0.999995
vn 0.001015 -0.002901 -0.999995
vn 0.001015 -0.002901 -0.999995
vn 0.000901 -0.002576 0.999996
vn 0.000901 -0.002576 0.999996
vn 0.000901 -0.002576 0.999996
vn 0.000901 -0.002576 0.999996
vn 0.001635 -0.002602 -0.999995
vn 0.001635 -0.002602 -0.999995
vn 0.001635 -0.002602 -0.999995
vn 0.001635 -0.002602 -0.999995
vn 0.001454 -0.002309 0.999996
vn 0.001454 -0.002309 0.999996
vn 0.001454 -0.002309 0.999996
vn 0.001454 -0.002309 0.999996
vn 0.002173 -0.002173 -0.999995
vn 0.002173 -0.002173 -0.999995
vn 0.002173 -0.002173 -0.999995
vn 0.002173 -0.002173 -0.999995
vn 0.001927 -0.001930 0.999996
vn 0.001927 -0.001930 0.999996
vn 0.001927 -0.001930 0.999996
vn 0.001927 -0.001930 0.999996
vn 0.002602 -0.001635 -0.999995
vn 0.002602 -0.001635 -0.999995
vn 0.002602 -0.001635 -0.999995
vn 0.002602 -0.001635 -0.999995
vn 0.002311 -0.001450 0.999996
vn 0.002311 -0.001450 0.999996
vn 0.002311 -0.001450 0.999996
vn 0.002311 -0.001450 0.999996
vn 0.002901 -0.001015 -0.999995
vn 0.002901 -0.001015 -0.999995
vn 0.002901 -0.001015 -0.999995
vn 0.002901 -0.001015 -0.999995
vn 0.002576 -0.000900 0.999996
vn 0.002576 -0.000900 0.999996
vn 0.002576 -0.000900 0.999996
vn 0.002576 -0.000900 0.999996
vn 0.003054 -0.000344 -0.999995
vn 0.003054 -0.000344 -0.999995
vn 0.003054 -0.000344 -0.999995
vn 0.003054 -0.000344 -0.999995
vn 0.002710 -0.000306 0.999996
vn 0.002710 -0.000306 0.999996
vn 0.002710 -0.000306 0.999996
vn 0.002710 -0.000306 0.999996
vn 0.003054 0.000344 -0.999995
vn 0.003054 0.000344 -0.999995
vn 0.003054 0.000344 -0.999995
vn 0.003054 0.000344 -0.999995
vn 0.002711 0.000303 0.999996
vn 0.002711 0.000303 0.999996
vn 0.002711 0.000303 0.999996
vn 0.002711 0.000303 0.999996
vn 0.974924 0.222539 -0.000021
vn 0.974924 0.222540 -0.000021
vn 0.900932 0.433960 -0.000006
vn 0.900933 0.433959 -0.000006
vn 0.900933 0.433959 -0.000006
vn 0.900932 0.433960 -0.000006
vn 0.781854 0.623461 -0.000003
vn 0.781853 0.623463 -0.000003
vn 0.781853 0.623463 -0.000003
vn 0.781854 0.623461 -0.000003
vn 0.623519 0.781808 -0.000014
vn 0.623518 0.781809 -0.000014
vn 0.623518 0.781809 -0.000014
vn 0.623519 0.781808 -0.000014
vn 0.433858 0.900981 -0.000020
vn 0.433857 0.900982 -0.000020
vn 0.433857 0.900982 -0.000020
vn 0.433858 0.900981 -0.000020
vn 0.222513 0.974930 -0.000020
vn 0.222513 0.974930 -0.000020
vn 0.222513 0.974930 -0.000020
vn 0.222513 0.974930 -0.000020
vn 0.000001 1.000000 -0.000021
vn 0.000001 1.000000 -0.000021
vn 0.000001 1.000000 -0.000021
vn 0.000001 1.000000 -0.000021
vn -0.222487 0.974936 -0.000021
vn -0.222487 0.974936 -0.000021
vn -0.222487 0.974936 -0.000021
vn -0.222487 0.974936 -0.000021
vn -0.433957 0.900934 -0.000012
vn -0.433955 0.900935 -0.000012
vn -0.433955 0.900935 -0.000012
vn -0.433957 0.900934 -0.000012
vn -0.623491 0.781830 -0.000003
vn -0.623491 0.781831 -0.000003
vn -0.623491 0.781831 -0.000003
vn -0.623491 0.781830 -0.000003
vn -0.781747 0.623595 -0.000016
vn -0.781747 0.623596 -0.000016
vn -0.781747 0.623596 -0.000016
vn -0.781747 0.623595 -0.000016
vn -0.901000 0.433819 -0.000021
vn -0.901000 0.433819 -0.000021
vn -0.901000 0.433819 -0.000021
vn -0.901000 0.433819 -0.000021
vn -0.974928 0.222522 -0.000011
vn -0.974928 0.222522 -0.000011
vn -0.974928 0.222522 -0.000011
vn -0.974928 0.222522 -0.000011
vn -1.000000 -0.000014 -0.000008
vn -1.000000 -0.000013 -0.000008
vn -0.974917 -0.222570 -0.000004
vn -0.974917 -0.222571 -0.000004
vn -1.000000 -0.000013 -0.000008
vn -1.000000 -0.000014 -0.000008
vn -0.900993 -0.433834 -0.000009
vn -0.900992 -0.433835 -0.000009
vn -0.974917 -0.222571 -0.000004
vn -0.974917 -0.222570 -0.000004
vn -0.781835 -0.623485 -0.000020
vn -0.781836 -0.623484 -0.000020
vn -0.900992 -0.433835 -0.000009
vn -0.900993 -0.433834 -0.000009
vn -0.623430 -0.781879 -0.000012
vn -0.623430 -0.781879 -0.000012
vn -0.781836 -0.623484 -0.000020
vn -0.781835 -0.623485 -0.000020
vn -0.433885 -0.900968 -0.000004
vn -0.433884 -0.900969 -0.000004
vn -0.623430 -0.781879 -0.000012
vn -0.623430 -0.781879 -0.000012
vn -0.222593 -0.974911 -0.000016
vn -0.222593 -0.974912 -0.000016
vn -0.433884 -0.900969 -0.000004
vn -0.433885 -0.900968 -0.000004
vn 0.000031 -1.000000 -0.000023
vn 0.000029 -1.000000 -0.000023
vn -0.222593 -0.974912 -0.000016
vn -0.222593 -0.974911 -0.000016
vn 0.222497 -0.974933 -0.000022
vn 0.222497 -0.974933 -0.000022
vn 0.000029 -1.000000 -0.000023
vn 0.000031 -1.000000 -0.000023
vn 0.433873 -0.900974 -0.000025
vn 0.433874 -0.900974 -0.000025
vn 0.222497 -0.974933 -0.000022
vn 0.222497 -0.974933 -0.000022
vn 0.623507 -0.781818 -0.000024
vn 0.623507 -0.781818 -0.000024
vn 0.433874 -0.900974 -0.000025
vn 0.433873 -0.900974 -0.000025
vn 0.781839 -0.623481 -0.000019
vn 0.781839 -0.623480 -0.000019
vn 0.623507 -0.781818 -0.000024
vn 0.623507 -0.781818 -0.000024
vn 0.900968 -0.433885 -0.000016
vn 0.900968 -0.433886 -0.000016
vn 0.781839 -0.623480 -0.000019
vn 0.781839 -0.623481 -0.000019
vn 0.974923 -0.222541 -0.000020
vn 0.974923 -0.222542 -0.000020
vn 0.900968 -0.433886 -0.000016
vn 0.900968 -0.433885 -0.000016
vn 1.000000 -0.000047 -0.000026
vn 1.000000 -0.000046 -0.000026
vn 0.974923 -0.222542 -0.000020
vn 0.974923 -0.222541 -0.000020
vn 1.000000 -0.000046 -0.000026
vn 1.000000 -0.000047 -0.000026
vn 0.974924 0.222540 -0.000021
vn 0.974924 0.222539 -0.000021
vn 0.013764 0.006650 -0.999883
vn 0.014888 0.003422 -0.999883
vn 0.014888 0.003421 -0.999883
vn 0.013764 0.006650 -0.999883
vn 0.011962 0.009512 -0.999883
vn 0.013764 0.006650 -0.999883
vn 0.013764 0.006650 -0.999883
vn 0.011962 0.009512 -0.999883
vn 0.009536 0.011931 -0.999883
vn 0.011962 0.009512 -0.999883
vn 0.011962 0.009512 -0.999883
vn 0.009536 0.011931 -0.999883
vn 0.006624 0.013763 -0.999883
vn 0.009536 0.011931 -0.999883
vn 0.009536 0.011931 -0.999883
vn 0.006624 0.013763 -0.999883
vn 0.003399 0.014890 -0.999883
vn 0.006624 0.013763 -0.999883
vn 0.006624 0.013763 -0.999883
vn 0.003399 0.014890 -0.999883
vn 0.003399 0.014890 -0.999883
vn 0.003399 0.014890 -0.999883
vn 0.000004 0.015271 -0.999883
vn 0.000004 0.015271 -0.999883
vn 0.000004 0.015271 -0.999883
vn 0.000004 0.015271 -0.999883
vn -0.003394 0.014889 -0.999883
vn -0.003394 0.014889 -0.999883
vn -0.003394 0.014889 -0.999883
vn -0.006646 0.013748 -0.999883
vn -0.006647 0.013748 -0.999883
vn -0.003394 0.014889 -0.999883
vn -0.006646 0.013748 -0.999883
vn -0.009529 0.011945 -0.999883
vn -0.009529 0.011945 -0.999883
vn -0.006647 0.013748 -0.999883
vn -0.009529 0.011945 -0.999883
vn -0.011923 0.009545 -0.999883
vn -0.011922 0.009546 -0.999883
vn -0.009529 0.011945 -0.999883
vn -0.011923 0.009545 -0.999883
vn -0.013766 0.006608 -0.999883
vn -0.013766 0.006608 -0.999883
vn -0.011922 0.009546 -0.999883
vn -0.013766 0.006608 -0.999883
vn -0.014899 0.003393 -0.999883
vn -0.014899 0.003393 -0.999883
vn -0.013766 0.006608 -0.999883
vn -0.014899 0.003393 -0.999883
vn -0.015274 0.000004 -0.999883
vn -0.015274 0.000004 -0.999883
vn -0.014899 0.003393 -0.999883
vn -0.015274 0.000004 -0.999883
vn -0.014895 -0.003397 -0.999883
vn -0.014895 -0.003397 -0.999883
vn -0.015274 0.000004 -0.999883
vn -0.014895 -0.003397 -0.999883
vn -0.013761 -0.006612 -0.999884
vn -0.013761 -0.006612 -0.999884
vn -0.014895 -0.003397 -0.999883
vn -0.013761 -0.006612 -0.999884
vn -0.011939 -0.009523 -0.999883
vn -0.011939 -0.009523 -0.999883
vn -0.013761 -0.006612 -0.999884
vn -0.011939 -0.009523 -0.999883
vn -0.009510 -0.011949 -0.999883
vn -0.009510 -0.011949 -0.999883
vn -0.011939 -0.009523 -0.999883
vn -0.009510 -0.011949 -0.999883
vn -0.006628 -0.013764 -0.999883
vn -0.006628 -0.013764 -0.999883
vn -0.009510 -0.011949 -0.999883
vn -0.006628 -0.013764 -0.999883
vn -0.003414 -0.014884 -0.999883
vn -0.003415 -0.014884 -0.999883
vn -0.006628 -0.013764 -0.999883
vn -0.000002 -0.015270 -0.999883
vn -0.000001 -0.015270 -0.999883
vn -0.003415 -0.014884 -0.999883
vn -0.003414 -0.014884 -0.999883
vn 0.003400 -0.014886 -0.999883
vn 0.003400 -0.014886 -0.999883
vn -0.000001 -0.015270 -0.999883
vn -0.000002 -0.015270 -0.999883
vn 0.006630 -0.013760 -0.999883
vn 0.003400 -0.014886 -0.999883
vn 0.003400 -0.014886 -0.999883
vn 0.006630 -0.013760 -0.999883
vn 0.009518 -0.011946 -0.999883
vn 0.006630 -0.013760 -0.999883
vn 0.006630 -0.013760 -0.999883
vn 0.009518 -0.011946 -0.999883
vn 0.011934 -0.009521 -0.999884
vn 0.009518 -0.011946 -0.999883
vn 0.009518 -0.011946 -0.999883
vn 0.011934 -0.009522 -0.999884
vn 0.013756 -0.006622 -0.999884
vn 0.011934 -0.009521 -0.999884
vn 0.011934 -0.009522 -0.999884
vn 0.013756 -0.006622 -0.999884
vn 0.014885 -0.003396 -0.999884
vn 0.013756 -0.006622 -0.999884
vn 0.013756 -0.006622 -0.999884
vn 0.014885 -0.003396 -0.999884
vn 0.015271 0.000004 -0.999883
vn 0.014885 -0.003396 -0.999884
vn 0.014885 -0.003396 -0.999884
vn 0.015271 0.000004 -0.999883
vn 0.014888 0.003422 -0.999883
vn 0.015271 0.000004 -0.999883
vn 0.015271 0.000004 -0.999883
vn 0.014888 0.003421 -0.999883
vn 0.943470 0.330300 0.027671
vn 0.943470 0.330300 0.027671
vn 0.943470 0.330300 0.027671
vn 0.943470 0.330300 0.027671
vn 0.846359 0.531892 0.027705
vn 0.846359 0.531892 0.027705
vn 0.846359 0.531892 0.027705
vn 0.846359 0.531892 0.027705
vn 0.706949 0.706722 0.027684
vn 0.706949 0.706722 0.027684
vn 0.706949 0.706722 0.027684
vn 0.706949 0.706722 0.027684
vn 0.531754 0.846447 0.027678
vn 0.531754 0.846446 0.027678
vn 0.531754 0.846447 0.027678
vn 0.531754 0.846446 0.027678
vn 0.330173 0.943514 0.027696
vn 0.330173 0.943514 0.027696
vn 0.330173 0.943514 0.027696
vn 0.330173 0.943514 0.027696
vn 0.111919 0.993331 0.027689
vn 0.111919 0.993331 0.027689
vn 0.111919 0.993331 0.027689
vn 0.111919 0.993331 0.027689
vn -0.111895 0.993334 0.027692
vn -0.111895 0.993334 0.027692
vn -0.111895 0.993334 0.027692
vn -0.111895 0.993334 0.027692
vn -0.330120 0.943534 0.027664
vn -0.330120 0.943534 0.027664
vn -0.330120 0.943534 0.027664
vn -0.330120 0.943534 0.027664
vn -0.532085 0.846238 0.027705
vn -0.532085 0.846238 0.027705
vn -0.532085 0.846238 0.027705
vn -0.532085 0.846238 0.027705
vn -0.706600 0.707070 0.027720
vn -0.706600 0.707070 0.027720
vn -0.706600 0.707070 0.027720
vn -0.706600 0.707070 0.027720
vn -0.846306 0.531980 0.027639
vn -0.846306 0.531980 0.027639
vn -0.846306 0.531980 0.027639
vn -0.846306 0.531980 0.027639
vn -0.943638 0.329820 0.027693
vn -0.943638 0.329820 0.027693
vn -0.943638 0.329820 0.027693
vn -0.943638 0.329820 0.027693
vn -0.993306 0.112141 0.027693
vn -0.993306 0.112141 0.027693
vn -0.993306 0.112141 0.027693
vn -0.993306 0.112141 0.027693
vn -0.993303 -0.112176 0.027679
vn -0.993303 -0.112176 0.027679
vn -0.993303 -0.112176 0.027679
vn -0.993303 -0.112176 0.027679
vn -0.943569 -0.330014 0.027704
vn -0.943569 -0.330014 0.027704
vn -0.943569 -0.330014 0.027704
vn -0.943569 -0.330014 0.027704
vn -0.846376 -0.531866 0.027685
vn -0.846376 -0.531866 0.027685
vn -0.846376 -0.531866 0.027685
vn -0.846376 -0.531866 0.027685
vn -0.706897 -0.706775 0.027674
vn -0.706897 -0.706775 0.027674
vn -0.706897 -0.706775 0.027674
vn -0.706897 -0.706775 0.027674
vn -0.531623 -0.846528 0.027699
vn -0.531623 -0.846528 0.027699
vn -0.531623 -0.846528 0.027699
vn -0.531623 -0.846528 0.027699
vn -0.330394 -0.943437 0.027699
vn -0.330394 -0.943437 0.027699
vn -0.330394 -0.943437 0.027699
vn -0.330394 -0.943437 0.027699
vn -0.111841 -0.993341 0.027671
vn -0.111841 -0.993341 0.027671
vn -0.111841 -0.993341 0.027671
vn -0.111841 -0.993341 0.027671
vn 0.111889 -0.993335 0.027698
vn 0.111889 -0.993335 0.027698
vn 0.111889 -0.993335 0.027698
vn 0.111889 -0.993335 0.027698
vn 0.330110 -0.943537 0.027681
vn 0.330110 -0.943537 0.027681
vn 0.330110 -0.943537 0.027681
vn 0.330110 -0.943537 0.027681
vn 0.531891 -0.846360 0.027687
vn 0.531891 -0.846360 0.027687
vn 0.531891 -0.846360 0.027687
vn 0.531891 -0.846360 0.027687
vn 0.706825 -0.706847 0.027688
vn 0.706825 -0.706847 0.027688
vn 0.706825 -0.706847 0.027688
vn 0.706825 -0.706847 0.027688
vn 0.846441 -0.531762 0.027693
vn 0.846441 -0.531762 0.027693
vn 0.846441 -0.531762 0.027693
vn 0.846441 -0.531762 0.027693
vn 0.943491 -0.330239 0.027694
vn 0.943491 -0.330239 0.027694
vn 0.943491 -0.330239 0.027694
vn 0.943491 -0.330239 0.027694
vn 0.993331 -0.111922 0.027689
vn 0.993331 -0.111922 0.027689
vn 0.993331 -0.111922 0.027689
vn 0.993331 -0.111922 0.027689
vn 0.993343 0.111818 0.027677
vn 0.993343 0.111818 0.027677
vn 0.993343 0.111818 0.027677
vn 0.993343 0.111818 0.027677
vn 0.875804 0.199921 0.439317
vn 0.955028 0.218006 0.200986
vn 0.882587 0.425019 0.200994
vn 0.809364 0.389756 0.439340
vn 0.875804 0.199921 0.439317
vn 0.809364 0.389756 0.439340
vn 0.474115 0.228318 0.850345
vn 0.513115 0.117124 0.850291
vn 0.513115 0.117124 0.850291
vn 0.474115 0.228318 0.850345
vn 0.176651 0.085072 0.980590
vn 0.191182 0.043627 0.980585
vn 0.809364 0.389756 0.439340
vn 0.882587 0.425019 0.200994
vn 0.765851 0.610798 0.200993
vn 0.702312 0.560126 0.439336
vn 0.474115 0.228318 0.850345
vn 0.411398 0.328109 0.850350
vn 0.153284 0.122253 0.980591
vn 0.176651 0.085072 0.980590
vn 0.809364 0.389756 0.439340
vn 0.702312 0.560126 0.439336
vn 0.411398 0.328109 0.850350
vn 0.474115 0.228318 0.850345
vn 0.702312 0.560126 0.439336
vn 0.765851 0.610798 0.200993
vn 0.610762 0.765882 0.200984
vn 0.560095 0.702350 0.439316
vn 0.411398 0.328109 0.850350
vn 0.328135 0.411482 0.850300
vn 0.122253 0.153318 0.980585
vn 0.153284 0.122253 0.980591
vn 0.411398 0.328109 0.850350
vn 0.702312 0.560126 0.439336
vn 0.560095 0.702350 0.439316
vn 0.328135 0.411482 0.850300
vn 0.560095 0.702350 0.439316
vn 0.610762 0.765882 0.200984
vn 0.425046 0.882577 0.200983
vn 0.389788 0.809362 0.439315
vn 0.328135 0.411482 0.850300
vn 0.228365 0.474182 0.850295
vn 0.085086 0.176680 0.980584
vn 0.122253 0.153318 0.980585
vn 0.328135 0.411482 0.850300
vn 0.560095 0.702350 0.439316
vn 0.389788 0.809362 0.439315
vn 0.228365 0.474182 0.850295
vn 0.389788 0.809362 0.439315
vn 0.425046 0.882577 0.200983
vn 0.217963 0.955038 0.200983
vn 0.199882 0.875811 0.439321
vn 0.085086 0.176680 0.980584
vn 0.228365 0.474182 0.850295
vn 0.117100 0.513084 0.850313
vn 0.043635 0.191179 0.980585
vn 0.228365 0.474182 0.850295
vn 0.389788 0.809362 0.439315
vn 0.199882 0.875811 0.439321
vn 0.117100 0.513084 0.850313
vn 0.199882 0.875811 0.439321
vn 0.217963 0.955038 0.200983
vn 0.000016 0.979595 0.200983
vn 0.000014 0.898331 0.439319
vn 0.043635 0.191179 0.980585
vn 0.117100 0.513084 0.850313
vn 0.000005 0.526278 0.850313
vn -0.000004 0.196100 0.980584
vn 0.117100 0.513084 0.850313
vn 0.199882 0.875811 0.439321
vn 0.000014 0.898331 0.439319
vn 0.000005 0.526278 0.850313
vn 0.000014 0.898331 0.439319
vn 0.000016 0.979595 0.200983
vn -0.218038 0.955021 0.200982
vn -0.199952 0.875798 0.439314
vn -0.000004 0.196100 0.980584
vn 0.000005 0.526278 0.850313
vn -0.117144 0.513121 0.850284
vn -0.043640 0.191193 0.980582
vn 0.000005 0.526278 0.850313
vn 0.000014 0.898331 0.439319
vn -0.199952 0.875798 0.439314
vn -0.117144 0.513121 0.850284
vn -0.199952 0.875798 0.439314
vn -0.218038 0.955021 0.200982
vn -0.424998 0.882600 0.200982
vn -0.389740 0.809383 0.439321
vn -0.043640 0.191193 0.980582
vn -0.117144 0.513121 0.850284
vn -0.228330 0.474170 0.850311
vn -0.085079 0.176676 0.980585
vn -0.117144 0.513121 0.850284
vn -0.199952 0.875798 0.439314
vn -0.389740 0.809383 0.439321
vn -0.228330 0.474170 0.850311
vn -0.389740 0.809383 0.439321
vn -0.424998 0.882600 0.200982
vn -0.610720 0.765914 0.200990
vn -0.560053 0.702374 0.439330
vn -0.122240 0.153296 0.980590
vn -0.085079 0.176676 0.980585
vn -0.228330 0.474170 0.850311
vn -0.328058 0.411421 0.850359
vn -0.228330 0.474170 0.850311
vn -0.389740 0.809383 0.439321
vn -0.560053 0.702374 0.439330
vn -0.328058 0.411421 0.850359
vn -0.560053 0.702374 0.439330
vn -0.610720 0.765914 0.200990
vn -0.765915 0.610720 0.200984
vn -0.702380 0.560056 0.439318
vn -0.153314 0.122272 0.980584
vn -0.122240 0.153296 0.980590
vn -0.328058 0.411421 0.850359
vn -0.411496 0.328130 0.850295
vn -0.328058 0.411421 0.850359
vn -0.560053 0.702374 0.439330
vn -0.702380 0.560056 0.439318
vn -0.411496 0.328130 0.850295
vn -0.702380 0.560056 0.439318
vn -0.765915 0.610720 0.200984
vn -0.882543 0.425116 0.200981
vn -0.809331 0.389854 0.439314
vn -0.176689 0.085100 0.980581
vn -0.153314 0.122272 0.980584
vn -0.411496 0.328130 0.850295
vn -0.474189 0.228411 0.850278
vn -0.474189 0.228411 0.850278
vn -0.411496 0.328130 0.850295
vn -0.702380 0.560056 0.439318
vn -0.809331 0.389854 0.439314
vn -0.809331 0.389854 0.439314
vn -0.882543 0.425116 0.200981
vn -0.955041 0.217942 0.200991
vn -0.875813 0.199861 0.439326
vn -0.191172 0.043631 0.980586
vn -0.176689 0.085100 0.980581
vn -0.474189 0.228411 0.850278
vn -0.513071 0.117086 0.850323
vn -0.513071 0.117086 0.850323
vn -0.474189 0.228411 0.850278
vn -0.809331 0.389854 0.439314
vn -0.875813 0.199861 0.439326
vn -0.898328 -0.000059 0.439325
vn -0.875813 0.199861 0.439326
vn -0.955041 0.217942 0.200991
vn -0.979594 -0.000063 0.200985
vn -0.196086 -0.000012 0.980587
vn -0.191172 0.043631 0.980586
vn -0.513071 0.117086 0.850323
vn -0.526268 -0.000035 0.850319
vn -0.526268 -0.000035 0.850319
vn -0.513071 0.117086 0.850323
vn -0.875813 0.199861 0.439326
vn -0.898328 -0.000059 0.439325
vn -0.875808 -0.199880 0.439328
vn -0.898328 -0.000059 0.439325
vn -0.979594 -0.000063 0.200985
vn -0.955037 -0.217964 0.200987
vn -0.191166 -0.043641 0.980587
vn -0.196086 -0.000012 0.980587
vn -0.526268 -0.000035 0.850319
vn -0.513063 -0.117100 0.850326
vn -0.513063 -0.117100 0.850326
vn -0.526268 -0.000035 0.850319
vn -0.898328 -0.000059 0.439325
vn -0.875808 -0.199880 0.439328
vn -0.882577 -0.425047 0.200980
vn -0.809363 -0.389789 0.439313
vn -0.875808 -0.199880 0.439328
vn -0.955037 -0.217964 0.200987
vn -0.176670 -0.085086 0.980586
vn -0.191166 -0.043641 0.980587
vn -0.513063 -0.117100 0.850326
vn -0.474145 -0.228347 0.850320
vn -0.474145 -0.228347 0.850320
vn -0.513063 -0.117100 0.850326
vn -0.875808 -0.199880 0.439328
vn -0.809363 -0.389789 0.439313
vn -0.765865 -0.610784 0.200983
vn -0.702332 -0.560118 0.439315
vn -0.809363 -0.389789 0.439313
vn -0.882577 -0.425047 0.200980
vn -0.153324 -0.122275 0.980582
vn -0.176670 -0.085086 0.980586
vn -0.474145 -0.228347 0.850320
vn -0.411502 -0.328177 0.850274
vn -0.411502 -0.328177 0.850274
vn -0.474145 -0.228347 0.850320
vn -0.809363 -0.389789 0.439313
vn -0.702332 -0.560118 0.439315
vn -0.610777 -0.765870 0.200982
vn -0.560111 -0.702335 0.439319
vn -0.702332 -0.560118 0.439315
vn -0.765865 -0.610784 0.200983
vn -0.122265 -0.153314 0.980585
vn -0.153324 -0.122275 0.980582
vn -0.411502 -0.328177 0.850274
vn -0.328134 -0.411458 0.850312
vn -0.560111 -0.702335 0.439319
vn -0.328134 -0.411458 0.850312
vn -0.411502 -0.328177 0.850274
vn -0.702332 -0.560118 0.439315
vn -0.425031 -0.882583 0.200988
vn -0.389771 -0.809364 0.439328
vn -0.560111 -0.702335 0.439319
vn -0.610777 -0.765870 0.200982
vn -0.085077 -0.176663 0.980587
vn -0.122265 -0.153314 0.980585
vn -0.328134 -0.411458 0.850312
vn -0.228324 -0.474118 0.850341
vn -0.389771 -0.809364 0.439328
vn -0.228324 -0.474118 0.850341
vn -0.328134 -0.411458 0.850312
vn -0.560111 -0.702335 0.439319
vn -0.217974 -0.955036 0.200983
vn -0.199890 -0.875808 0.439323
vn -0.389771 -0.809364 0.439328
vn -0.425031 -0.882583 0.200988
vn -0.117107 -0.513086 0.850311
vn -0.043636 -0.191178 0.980585
vn -0.085077 -0.176663 0.980587
vn -0.228324 -0.474118 0.850341
vn -0.199890 -0.875808 0.439323
vn -0.117107 -0.513086 0.850311
vn -0.228324 -0.474118 0.850341
vn -0.389771 -0.809364 0.439328
vn -0.000067 -0.979595 0.200982
vn -0.000063 -0.898332 0.439316
vn -0.199890 -0.875808 0.439323
vn -0.217974 -0.955036 0.200983
vn -0.000031 -0.526309 0.850293
vn -0.000001 -0.196104 0.980583
vn -0.043636 -0.191178 0.980585
vn -0.117107 -0.513086 0.850311
vn -0.000063 -0.898332 0.439316
vn -0.000031 -0.526309 0.850293
vn -0.117107 -0.513086 0.850311
vn -0.199890 -0.875808 0.439323
vn 0.217998 -0.955030 0.200982
vn 0.199917 -0.875806 0.439315
vn -0.000063 -0.898332 0.439316
vn -0.000067 -0.979595 0.200982
vn 0.117118 -0.513084 0.850311
vn 0.043636 -0.191183 0.980584
vn -0.000001 -0.196104 0.980583
vn -0.000031 -0.526309 0.850293
vn 0.199917 -0.875806 0.439315
vn 0.117118 -0.513084 0.850311
vn -0.000031 -0.526309 0.850293
vn -0.000063 -0.898332 0.439316
vn 0.425019 -0.882590 0.200984
vn 0.389761 -0.809372 0.439322
vn 0.199917 -0.875806 0.439315
vn 0.217998 -0.955030 0.200982
vn 0.228345 -0.474177 0.850303
vn 0.085085 -0.176683 0.980583
vn 0.043636 -0.191183 0.980584
vn 0.117118 -0.513084 0.850311
vn 0.389761 -0.809372 0.439322
vn 0.228345 -0.474177 0.850303
vn 0.117118 -0.513084 0.850311
vn 0.199917 -0.875806 0.439315
vn 0.610786 -0.765863 0.200984
vn 0.560117 -0.702329 0.439321
vn 0.389761 -0.809372 0.439322
vn 0.425019 -0.882590 0.200984
vn 0.228345 -0.474177 0.850303
vn 0.328149 -0.411462 0.850304
vn 0.122272 -0.153313 0.980584
vn 0.085085 -0.176683 0.980583
vn 0.560117 -0.702329 0.439321
vn 0.328149 -0.411462 0.850304
vn 0.228345 -0.474177 0.850303
vn 0.389761 -0.809372 0.439322
vn 0.765888 -0.610756 0.200979
vn 0.702353 -0.560090 0.439316
vn 0.560117 -0.702329 0.439321
vn 0.610786 -0.765863 0.200984
vn 0.328149 -0.411462 0.850304
vn 0.411466 -0.328121 0.850313
vn 0.153318 -0.122262 0.980584
vn 0.122272 -0.153313 0.980584
vn 0.702353 -0.560090 0.439316
vn 0.411466 -0.328121 0.850313
vn 0.328149 -0.411462 0.850304
vn 0.560117 -0.702329 0.439321
vn 0.882582 -0.425037 0.200979
vn 0.809368 -0.389778 0.439315
vn 0.702353 -0.560090 0.439316
vn 0.765888 -0.610756 0.200979
vn 0.411466 -0.328121 0.850313
vn 0.474157 -0.228346 0.850313
vn 0.176677 -0.085084 0.980584
vn 0.153318 -0.122262 0.980584
vn 0.702353 -0.560090 0.439316
vn 0.809368 -0.389778 0.439315
vn 0.474157 -0.228346 0.850313
vn 0.411466 -0.328121 0.850313
vn 0.955028 -0.218010 0.200979
vn 0.875802 -0.199924 0.439318
vn 0.809368 -0.389778 0.439315
vn 0.882582 -0.425037 0.200979
vn 0.474157 -0.228346 0.850313
vn 0.513077 -0.117124 0.850314
vn 0.191181 -0.043641 0.980584
vn 0.176677 -0.085084 0.980584
vn 0.809368 -0.389778 0.439315
vn 0.875802 -0.199924 0.439318
vn 0.513077 -0.117124 0.850314
vn 0.474157 -0.228346 0.850313
vn 0.955028 -0.218010 0.200979
vn 0.979595 -0.000021 0.200983
vn 0.898334 -0.000020 0.439314
vn 0.875802 -0.199924 0.439318
vn 0.513077 -0.117124 0.850314
vn 0.526314 -0.000018 0.850290
vn 0.196105 -0.000013 0.980583
vn 0.191181 -0.043641 0.980584
vn 0.875802 -0.199924 0.439318
vn 0.898334 -0.000020 0.439314
vn 0.526314 -0.000018 0.850290
vn 0.513077 -0.117124 0.850314
vn 0.979595 -0.000021 0.200983
vn 0.955028 0.218006 0.200986
vn 0.875804 0.199921 0.439317
vn 0.898334 -0.000020 0.439314
vn 0.898334 -0.000020 0.439314
vn 0.875804 0.199921 0.439317
vn 0.513115 0.117124 0.850291
vn 0.526314 -0.000018 0.850290
vn 0.526314 -0.000018 0.850290
vn 0.513115 0.117124 0.850291
vn 0.191182 0.043627 0.980585
vn 0.196105 -0.000013 0.980583
vn 0.689619 0.157401 -0.706860
vn 0.689619 0.157401 -0.706860
vn 0.637305 0.306910 -0.706859
vn 0.637305 0.306910 -0.706859
vn 0.707356 0.000000 -0.706857
vn 0.707356 0.000000 -0.706857
vn 0.689619 0.157401 -0.706860
vn 0.689619 0.157401 -0.706860
vn 0.637305 0.306910 -0.706859
vn 0.637305 0.306910 -0.706859
vn 0.553034 0.441029 -0.706857
vn 0.553034 0.441029 -0.706857
vn 0.553034 0.441029 -0.706857
vn 0.553034 0.441029 -0.706857
vn 0.441029 0.553033 -0.706858
vn 0.441029 0.553033 -0.706858
vn 0.441029 0.553033 -0.706858
vn 0.441029 0.553033 -0.706858
vn 0.306911 0.637306 -0.706857
vn 0.306910 0.637306 -0.706857
vn 0.306910 0.637306 -0.706857
vn 0.306911 0.637306 -0.706857
vn 0.157402 0.689622 -0.706857
vn 0.157402 0.689622 -0.706857
vn 0.157402 0.689622 -0.706857
vn 0.157402 0.689622 -0.706857
vn 0.000000 0.707356 -0.706857
vn 0.000000 0.707356 -0.706857
vn 0.000000 0.707356 -0.706857
vn 0.000000 0.707356 -0.706857
vn -0.157402 0.689622 -0.706857
vn -0.157401 0.689622 -0.706857
vn -0.157401 0.689622 -0.706857
vn -0.157402 0.689622 -0.706857
vn -0.306911 0.637306 -0.706857
vn -0.306911 0.637306 -0.706857
vn -0.306911 0.637306 -0.706857
vn -0.306911 0.637306 -0.706857
vn -0.441029 0.553033 -0.706857
vn -0.441029 0.553033 -0.706857
vn -0.441029 0.553033 -0.706857
vn -0.441029 0.553033 -0.706857
vn -0.553034 0.441029 -0.706857
vn -0.553034 0.441029 -0.706857
vn -0.553034 0.441029 -0.706857
vn -0.553034 0.441029 -0.706857
vn -0.637306 0.306910 -0.706857
vn -0.637306 0.306910 -0.706857
vn -0.637306 0.306910 -0.706857
vn -0.637306 0.306910 -0.706857
vn -0.689621 0.157401 -0.706857
vn -0.689621 0.157401 -0.706857
vn -0.689621 0.157401 -0.706857
vn -0.689621 0.157401 -0.706857
vn -0.707357 0.000000 -0.706856
vn -0.707357 0.000000 -0.706856
vn -0.689621 -0.157401 -0.706857
vn -0.689621 -0.157401 -0.706857
vn -0.707357 0.000000 -0.706856
vn -0.707357 0.000000 -0.706856
vn -0.637306 -0.306910 -0.706857
vn -0.637306 -0.306910 -0.706857
vn -0.689621 -0.157401 -0.706857
vn -0.689621 -0.157401 -0.706857
vn -0.553034 -0.441030 -0.706857
vn -0.553034 -0.441030 -0.706857
vn -0.637306 -0.306910 -0.706857
vn -0.637306 -0.306910 -0.706857
vn -0.441029 -0.553034 -0.706857
vn -0.441030 -0.553034 -0.706857
vn -0.553034 -0.441030 -0.706857
vn -0.553034 -0.441030 -0.706857
vn -0.306911 -0.637307 -0.706856
vn -0.306911 -0.637307 -0.706856
vn -0.441030 -0.553034 -0.706857
vn -0.441029 -0.553034 -0.706857
vn -0.157402 -0.689622 -0.706856
vn -0.157402 -0.689622 -0.706856
vn -0.306911 -0.637307 -0.706856
vn -0.306911 -0.637307 -0.706856
vn -0.000000 -0.707357 -0.706857
vn -0.000000 -0.707357 -0.706857
vn -0.157402 -0.689622 -0.706856
vn -0.157402 -0.689622 -0.706856
vn 0.157402 -0.689622 -0.706857
vn 0.157402 -0.689622 -0.706857
vn -0.000000 -0.707357 -0.706857
vn -0.000000 -0.707357 -0.706857
vn 0.306911 -0.637307 -0.706857
vn 0.306911 -0.637307 -0.706857
vn 0.157402 -0.689622 -0.706857
vn 0.157402 -0.689622 -0.706857
vn 0.441030 -0.553034 -0.706856
vn 0.441030 -0.553034 -0.706856
vn 0.306911 -0.637307 -0.706857
vn 0.306911 -0.637307 -0.706857
vn 0.553034 -0.441030 -0.706856
vn 0.553034 -0.441030 -0.706856
vn 0.441030 -0.553034 -0.706856
vn 0.441030 -0.553034 -0.706856
vn 0.637305 -0.306910 -0.706859
vn 0.637305 -0.306910 -0.706859
vn 0.553034 -0.441030 -0.706856
vn 0.553034 -0.441030 -0.706856
vn 0.689620 -0.157401 -0.706858
vn 0.689620 -0.157401 -0.706858
vn 0.637305 -0.306910 -0.706859
vn 0.637305 -0.306910 -0.706859
vn 0.707356 0.000000 -0.706857
vn 0.707356 0.000000 -0.706857
vn 0.689620 -0.157401 -0.706858
vn 0.689620 -0.157401 -0.706858
vn 0.000338 0.000163 -1.000000
vn 0.000366 0.000083 -1.000000
vn 0.000000 0.000000 -1.000000
vn 0.000293 0.000234 -1.000000
vn 0.000338 0.000163 -1.000000
vn 0.000000 0.000000 -1.000000
vn 0.000234 0.000293 -1.000000
vn 0.000293 0.000234 -1.000000
vn 0.000000 0.000000 -1.000000
vn 0.000163 0.000338 -1.000000
vn 0.000234 0.000293 -1.000000
vn 0.000000 0.000000 -1.000000
vn 0.000083 0.000366 -1.000000
vn 0.000163 0.000338 -1.000000
vn 0.000000 0.000000 -1.000000
vn 0.000000 0.000375 -1.000000
vn 0.000083 0.000366 -1.000000
vn 0.000000 0.000000 -1.000000
vn -0.000083 0.000366 -1.000000
vn 0.000000 0.000375 -1.000000
vn 0.000000 0.000000 -1.000000
vn -0.000163 0.000338 -1.000000
vn -0.000083 0.000366 -1.000000
vn 0.000000 0.000000 -1.000000
vn -0.000234 0.000293 -1.000000
vn -0.000163 0.000338 -1.000000
vn 0.000000 0.000000 -1.000000
vn -0.000293 0.000234 -1.000000
vn -0.000234 0.000293 -1.000000
vn 0.000000 0.000000 -1.000000
vn -0.000338 0.000163 -1.000000
vn -0.000293 0.000234 -1.000000
vn 0.000000 0.000000 -1.000000
vn -0.000366 0.000083 -1.000000
vn -0.000338 0.000163 -1.000000
vn 0.000000 0.000000 -1.000000
vn -0.000375 0.000000 -1.000000
vn -0.000366 0.000083 -1.000000
vn 0.000000 0.000000 -1.000000
vn -0.000366 -0.000083 -1.000000
vn -0.000375 0.000000 -1.000000
vn 0.000000 0.000000 -1.000000
vn -0.000338 -0.000163 -1.000000
vn -0.000366 -0.000083 -1.000000
vn 0.000000 0.000000 -1.000000
vn -0.000293 -0.000234 -1.000000
vn -0.000338 -0.000163 -1.000000
vn 0.000000 0.000000 -1.000000
vn -0.000234 -0.000293 -1.000000
vn -0.000293 -0.000234 -1.000000
vn 0.000000 0.000000 -1.000000
vn -0.000163 -0.000338 -1.000000
vn -0.000234 -0.000293 -1.000000
vn 0.000000 0.000000 -1.000000
vn -0.000083 -0.000366 -1.000000
vn -0.000163 -0.000338 -1.000000
vn 0.000000 0.000000 -1.000000
vn 0.000000 -0.000375 -1.000000
vn -0.000083 -0.000366 -1.000000
vn 0.000000 0.000000 -1.000000
vn 0.000083 -0.000366 -1.000000
vn 0.000000 -0.000375 -1.000000
vn 0.000000 0.000000 -1.000000
vn 0.000163 -0.000338 -1.000000
vn 0.000083 -0.000366 -1.000000
vn 0.000000 0.000000 -1.000000
vn 0.000234 -0.000293 -1.000000
vn 0.000163 -0.000338 -1.000000
vn 0.000000 0.000000 -1.000000
vn 0.000293 -0.000234 -1.000000
vn 0.000234 -0.000293 -1.000000
vn 0.000000 0.000000 -1.000000
vn 0.000338 -0.000163 -1.000000
vn 0.000293 -0.000234 -1.000000
vn 0.000000 0.000000 -1.000000
vn 0.000366 -0.000083 -1.000000
vn 0.000338 -0.000163 -1.000000
vn 0.000000 0.000000 -1.000000
vn 0.000375 -0.000000 -1.000000
vn 0.000366 -0.000083 -1.000000
vn 0.000000 0.000000 -1.000000
vn 0.000366 0.000083 -1.000000
vn 0.000375 -0.000000 -1.000000
vn 0.000000 0.000000 -1.000000
vn 0.708651 0.000001 -0.705560
vn 0.708651 0.000001 -0.705560
vn 0.690882 0.157690 -0.705561
vn 0.690882 0.157690 -0.705561
vn 0.690882 0.157690 -0.705561
vn 0.690882 0.157690 -0.705561
vn 0.638471 0.307472 -0.705561
vn 0.638471 0.307471 -0.705561
vn 0.638471 0.307471 -0.705561
vn 0.638471 0.307472 -0.705561
vn 0.554045 0.441836 -0.705561
vn 0.554045 0.441836 -0.705560
vn 0.554045 0.441836 -0.705560
vn 0.554045 0.441836 -0.705561
vn 0.441836 0.554045 -0.705560
vn 0.441837 0.554045 -0.705560
vn 0.441837 0.554045 -0.705560
vn 0.441836 0.554045 -0.705560
vn 0.307557 0.639012 -0.705033
vn 0.307557 0.639012 -0.705033
vn 0.307557 0.639012 -0.705033
vn 0.307557 0.639012 -0.705033
vn 0.157845 0.693532 -0.702922
vn 0.157775 0.693549 -0.702920
vn 0.157775 0.693549 -0.702920
vn 0.157845 0.693532 -0.702922
vn 0.000005 0.712860 -0.701306
vn 0.000005 0.712860 -0.701306
vn 0.000005 0.712860 -0.701306
vn 0.000005 0.712860 -0.701306
vn -0.157846 0.693536 -0.702917
vn -0.157776 0.693554 -0.702915
vn -0.157776 0.693554 -0.702915
vn -0.157846 0.693536 -0.702917
vn -0.307563 0.639012 -0.705031
vn -0.307563 0.639012 -0.705031
vn -0.307563 0.639012 -0.705031
vn -0.307563 0.639012 -0.705031
vn -0.441837 0.554045 -0.705559
vn -0.441837 0.554045 -0.705559
vn -0.441837 0.554045 -0.705559
vn -0.441837 0.554045 -0.705559
vn -0.554046 0.441837 -0.705559
vn -0.554046 0.441837 -0.705559
vn -0.554046 0.441837 -0.705559
vn -0.554046 0.441837 -0.705559
vn -0.638472 0.307472 -0.705560
vn -0.638472 0.307472 -0.705560
vn -0.638472 0.307472 -0.705560
vn -0.638472 0.307472 -0.705560
vn -0.690882 0.157689 -0.705561
vn -0.690882 0.157689 -0.705561
vn -0.690882 0.157689 -0.705561
vn -0.690882 0.157689 -0.705561
vn -0.708649 0.000000 -0.705561
vn -0.708649 0.000000 -0.705561
vn -0.690882 -0.157689 -0.705561
vn -0.690882 -0.157689 -0.705561
vn -0.708649 0.000000 -0.705561
vn -0.708649 0.000000 -0.705561
vn -0.638471 -0.307471 -0.705561
vn -0.638471 -0.307471 -0.705561
vn -0.690882 -0.157689 -0.705561
vn -0.690882 -0.157689 -0.705561
vn -0.554045 -0.441836 -0.705560
vn -0.554045 -0.441836 -0.705560
vn -0.638471 -0.307471 -0.705561
vn -0.638471 -0.307471 -0.705561
vn -0.441837 -0.554045 -0.705559
vn -0.441837 -0.554045 -0.705559
vn -0.554045 -0.441836 -0.705560
vn -0.554045 -0.441836 -0.705560
vn -0.307522 -0.638793 -0.705247
vn -0.307522 -0.638793 -0.705247
vn -0.441837 -0.554045 -0.705559
vn -0.441837 -0.554045 -0.705559
vn -0.157776 -0.692861 -0.703598
vn -0.157676 -0.692885 -0.703597
vn -0.307522 -0.638793 -0.705247
vn -0.307522 -0.638793 -0.705247
vn 0.000060 -0.712178 -0.701999
vn 0.000059 -0.712178 -0.701999
vn -0.157676 -0.692885 -0.703597
vn -0.157776 -0.692861 -0.703598
vn 0.157861 -0.693298 -0.703149
vn 0.157791 -0.693315 -0.703148
vn 0.000059 -0.712178 -0.701999
vn 0.000060 -0.712178 -0.701999
vn 0.307562 -0.639009 -0.705034
vn 0.307562 -0.639009 -0.705034
vn 0.157791 -0.693315 -0.703148
vn 0.157861 -0.693298 -0.703149
vn 0.441836 -0.554045 -0.705560
vn 0.441836 -0.554045 -0.705560
vn 0.307562 -0.639009 -0.705034
vn 0.307562 -0.639009 -0.705034
vn 0.554045 -0.441836 -0.705560
vn 0.554045 -0.441836 -0.705560
vn 0.441836 -0.554045 -0.705560
vn 0.441836 -0.554045 -0.705560
vn 0.638471 -0.307472 -0.705561
vn 0.638471 -0.307472 -0.705561
vn 0.554045 -0.441836 -0.705560
vn 0.554045 -0.441836 -0.705560
vn 0.690883 -0.157690 -0.705559
vn 0.690883 -0.157690 -0.705559
vn 0.638471 -0.307472 -0.705561
vn 0.638471 -0.307472 -0.705561
vn 0.708651 0.000001 -0.705560
vn 0.708651 0.000001 -0.705560
vn 0.690883 -0.157690 -0.705559
vn 0.690883 -0.157690 -0.705559
vn 0.010344 0.002361 -0.999944
vn 0.010344 0.002361 -0.999944
vn 0.009560 0.004604 -0.999944
vn 0.009560 0.004604 -0.999944
vn 0.009560 0.004604 -0.999944
vn 0.009560 0.004604 -0.999944
vn 0.008296 0.006616 -0.999944
vn 0.008296 0.006616 -0.999944
vn 0.008296 0.006616 -0.999944
vn 0.008296 0.006616 -0.999944
vn 0.006615 0.008296 -0.999944
vn 0.006615 0.008296 -0.999944
vn 0.006615 0.008296 -0.999944
vn 0.006615 0.008296 -0.999944
vn 0.004604 0.009559 -0.999944
vn 0.004604 0.009559 -0.999944
vn 0.004604 0.009559 -0.999944
vn 0.004604 0.009559 -0.999944
vn 0.002363 0.010342 -0.999944
vn 0.002363 0.010342 -0.999944
vn 0.002363 0.010342 -0.999944
vn 0.002363 0.010342 -0.999944
vn -0.000000 0.010610 -0.999944
vn -0.000000 0.010610 -0.999944
vn -0.000000 0.010610 -0.999944
vn -0.000000 0.010610 -0.999944
vn -0.002364 0.010344 -0.999944
vn -0.002364 0.010344 -0.999944
vn -0.002364 0.010344 -0.999944
vn -0.002364 0.010344 -0.999944
vn -0.004604 0.009559 -0.999944
vn -0.004605 0.009559 -0.999944
vn -0.004605 0.009559 -0.999944
vn -0.004604 0.009559 -0.999944
vn -0.006615 0.008296 -0.999944
vn -0.006615 0.008296 -0.999944
vn -0.006615 0.008296 -0.999944
vn -0.006615 0.008296 -0.999944
vn -0.008296 0.006616 -0.999944
vn -0.008296 0.006616 -0.999944
vn -0.008296 0.006616 -0.999944
vn -0.008296 0.006616 -0.999944
vn -0.009560 0.004604 -0.999944
vn -0.009560 0.004604 -0.999944
vn -0.009560 0.004604 -0.999944
vn -0.009560 0.004604 -0.999944
vn -0.010344 0.002361 -0.999944
vn -0.010344 0.002361 -0.999944
vn -0.010344 0.002361 -0.999944
vn -0.010344 0.002361 -0.999944
vn -0.010610 0.000000 -0.999944
vn -0.010610 0.000000 -0.999944
vn -0.010344 -0.002361 -0.999944
vn -0.010344 -0.002361 -0.999944
vn -0.010610 0.000000 -0.999944
vn -0.010610 0.000000 -0.999944
vn -0.009560 -0.004604 -0.999944
vn -0.009560 -0.004604 -0.999944
vn -0.010344 -0.002361 -0.999944
vn -0.010344 -0.002361 -0.999944
vn -0.008296 -0.006616 -0.999944
vn -0.008295 -0.006616 -0.999944
vn -0.009560 -0.004604 -0.999944
vn -0.009560 -0.004604 -0.999944
vn -0.006615 -0.008296 -0.999944
vn -0.006615 -0.008296 -0.999944
vn -0.008295 -0.006616 -0.999944
vn -0.008296 -0.006616 -0.999944
vn -0.004604 -0.009559 -0.999944
vn -0.004604 -0.009559 -0.999944
vn -0.006615 -0.008296 -0.999944
vn -0.006615 -0.008296 -0.999944
vn -0.002363 -0.010343 -0.999944
vn -0.002363 -0.010343 -0.999944
vn -0.004604 -0.009559 -0.999944
vn -0.004604 -0.009559 -0.999944
vn -0.000000 -0.010611 -0.999944
vn -0.000000 -0.010611 -0.999944
vn -0.002363 -0.010343 -0.999944
vn -0.002363 -0.010343 -0.999944
vn 0.002363 -0.010345 -0.999944
vn 0.002363 -0.010345 -0.999944
vn -0.000000 -0.010611 -0.999944
vn -0.000000 -0.010611 -0.999944
vn 0.004604 -0.009559 -0.999944
vn 0.004604 -0.009559 -0.999944
vn 0.002363 -0.010345 -0.999944
vn 0.002363 -0.010345 -0.999944
vn 0.006615 -0.008295 -0.999944
vn 0.006615 -0.008295 -0.999944
vn 0.004604 -0.009559 -0.999944
vn 0.004604 -0.009559 -0.999944
vn 0.008296 -0.006615 -0.999944
vn 0.008296 -0.006615 -0.999944
vn 0.006615 -0.008295 -0.999944
vn 0.006615 -0.008295 -0.999944
vn 0.009560 -0.004604 -0.999944
vn 0.009560 -0.004604 -0.999944
vn 0.008296 -0.006615 -0.999944
vn 0.008296 -0.006615 -0.999944
vn 0.010344 -0.002361 -0.999944
vn 0.010344 -0.002361 -0.999944
vn 0.009560 -0.004604 -0.999944
vn 0.009560 -0.004604 -0.999944
vn 0.010610 -0.000000 -0.999944
vn 0.010610 -0.000000 -0.999944
vn 0.010344 -0.002361 -0.999944
vn 0.010344 -0.002361 -0.999944
vn 0.010610 -0.000000 -0.999944
vn 0.010610 -0.000000 -0.999944
vn 0.010344 0.002361 -0.999944
vn 0.010344 0.002361 -0.999944
vn 0.687843 0.156996 0.708677
vn 0.687843 0.156996 0.708677
vn 0.635664 0.306120 0.708676
vn 0.635664 0.306120 0.708676
vn 0.705533 0.000001 0.708677
vn 0.705533 0.000001 0.708677
vn 0.687843 0.156996 0.708677
vn 0.687843 0.156996 0.708677
vn 0.635664 0.306120 0.708676
vn 0.635664 0.306120 0.708676
vn 0.551609 0.439894 0.708675
vn 0.551609 0.439894 0.708675
vn 0.551609 0.439894 0.708675
vn 0.551609 0.439894 0.708675
vn 0.439893 0.551609 0.708676
vn 0.439893 0.551609 0.708676
vn 0.439893 0.551609 0.708676
vn 0.439893 0.551609 0.708676
vn 0.306120 0.635665 0.708676
vn 0.306120 0.635665 0.708676
vn 0.306120 0.635665 0.708676
vn 0.306120 0.635665 0.708676
vn 0.156996 0.687844 0.708677
vn 0.156996 0.687844 0.708677
vn 0.156996 0.687844 0.708677
vn 0.156996 0.687844 0.708677
vn 0.000000 0.705532 0.708678
vn 0.000000 0.705532 0.708678
vn 0.000000 0.705532 0.708678
vn 0.000000 0.705532 0.708678
vn -0.156996 0.687844 0.708677
vn -0.156996 0.687844 0.708677
vn -0.156996 0.687844 0.708677
vn -0.156996 0.687844 0.708677
vn -0.306120 0.635664 0.708676
vn -0.306120 0.635664 0.708676
vn -0.306120 0.635664 0.708676
vn -0.306120 0.635664 0.708676
vn -0.439893 0.551609 0.708676
vn -0.439893 0.551609 0.708676
vn -0.439893 0.551609 0.708676
vn -0.439893 0.551609 0.708676
vn -0.551609 0.439894 0.708675
vn -0.551609 0.439894 0.708675
vn -0.551609 0.439894 0.708675
vn -0.551609 0.439894 0.708675
vn -0.635664 0.306120 0.708676
vn -0.635664 0.306120 0.708676
vn -0.635664 0.306120 0.708676
vn -0.635664 0.306120 0.708676
vn -0.687844 0.156996 0.708677
vn -0.687844 0.156996 0.708677
vn -0.687844 0.156996 0.708677
vn -0.687844 0.156996 0.708677
vn -0.705533 -0.000000 0.708677
vn -0.705533 -0.000000 0.708677
vn -0.687844 -0.156996 0.708677
vn -0.687844 -0.156996 0.708677
vn -0.705533 -0.000000 0.708677
vn -0.705533 -0.000000 0.708677
vn -0.635663 -0.306119 0.708677
vn -0.635663 -0.306119 0.708677
vn -0.687844 -0.156996 0.708677
vn -0.687844 -0.156996 0.708677
vn -0.551608 -0.439892 0.708677
vn -0.551608 -0.439892 0.708677
vn -0.635663 -0.306119 0.708677
vn -0.635663 -0.306119 0.708677
vn -0.439893 -0.551608 0.708677
vn -0.439893 -0.551608 0.708677
vn -0.551608 -0.439892 0.708677
vn -0.551608 -0.439892 0.708677
vn -0.306120 -0.635664 0.708677
vn -0.306120 -0.635664 0.708677
vn -0.439893 -0.551608 0.708677
vn -0.439893 -0.551608 0.708677
vn -0.156996 -0.687844 0.708677
vn -0.156996 -0.687844 0.708677
vn -0.306120 -0.635664 0.708677
vn -0.306120 -0.635664 0.708677
vn 0.000000 -0.705532 0.708678
vn 0.000000 -0.705532 0.708678
vn -0.156996 -0.687844 0.708677
vn -0.156996 -0.687844 0.708677
vn 0.156996 -0.687844 0.708677
vn 0.156996 -0.687844 0.708677
vn 0.000000 -0.705532 0.708678
vn 0.000000 -0.705532 0.708678
vn 0.306120 -0.635664 0.708676
vn 0.306120 -0.635665 0.708676
vn 0.156996 -0.687844 0.708677
vn 0.156996 -0.687844 0.708677
vn 0.439893 -0.551609 0.708676
vn 0.439893 -0.551609 0.708676
vn 0.306120 -0.635665 0.708676
vn 0.306120 -0.635664 0.708676
vn 0.551608 -0.439893 0.708677
vn 0.551608 -0.439893 0.708677
vn 0.439893 -0.551609 0.708676
vn 0.439893 -0.551609 0.708676
vn 0.635663 -0.306119 0.708677
vn 0.635663 -0.306119 0.708677
vn 0.551608 -0.439893 0.708677
vn 0.551608 -0.439893 0.708677
vn 0.687844 -0.156996 0.708677
vn 0.687844 -0.156996 0.708677
vn 0.635663 -0.306119 0.708677
vn 0.635663 -0.306119 0.708677
vn 0.705533 0.000001 0.708677
vn 0.705533 0.000001 0.708677
vn 0.687844 -0.156996 0.708677
vn 0.687844 -0.156996 0.708677
vn 0.010345 0.002361 0.999944
vn 0.010345 0.002361 0.999944
vn 0.009560 0.004604 0.999944
vn 0.009560 0.004604 0.999944
vn 0.009560 0.004604 0.999944
vn 0.009560 0.004604 0.999944
vn 0.008296 0.006616 0.999944
vn 0.008296 0.006616 0.999944
vn 0.008296 0.006616 0.999944
vn 0.008296 0.006616 0.999944
vn 0.006616 0.008296 0.999944
vn 0.006616 0.008296 0.999944
vn 0.006616 0.008296 0.999944
vn 0.006616 0.008296 0.999944
vn 0.004604 0.009561 0.999944
vn 0.004604 0.009561 0.999944
vn 0.004604 0.009561 0.999944
vn 0.004604 0.009561 0.999944
vn 0.002361 0.010346 0.999944
vn 0.002361 0.010346 0.999944
vn 0.002361 0.010346 0.999944
vn 0.002361 0.010346 0.999944
vn 0.000000 0.010612 0.999944
vn 0.000000 0.010612 0.999944
vn 0.000000 0.010612 0.999944
vn 0.000000 0.010612 0.999944
vn -0.002361 0.010345 0.999944
vn -0.002361 0.010345 0.999944
vn -0.002361 0.010345 0.999944
vn -0.002361 0.010345 0.999944
vn -0.004604 0.009560 0.999944
vn -0.004604 0.009560 0.999944
vn -0.004604 0.009560 0.999944
vn -0.004604 0.009560 0.999944
vn -0.006616 0.008296 0.999944
vn -0.006616 0.008296 0.999944
vn -0.006616 0.008296 0.999944
vn -0.006616 0.008296 0.999944
vn -0.008296 0.006616 0.999944
vn -0.008296 0.006616 0.999944
vn -0.008296 0.006616 0.999944
vn -0.008296 0.006616 0.999944
vn -0.009560 0.004604 0.999944
vn -0.009560 0.004604 0.999944
vn -0.009560 0.004604 0.999944
vn -0.009560 0.004604 0.999944
vn -0.010345 0.002361 0.999944
vn -0.010345 0.002361 0.999944
vn -0.010345 0.002361 0.999944
vn -0.010345 0.002361 0.999944
vn -0.010611 0.000000 0.999944
vn -0.010611 0.000000 0.999944
vn -0.010345 -0.002361 0.999944
vn -0.010345 -0.002361 0.999944
vn -0.010611 0.000000 0.999944
vn -0.010611 0.000000 0.999944
vn -0.009560 -0.004604 0.999944
vn -0.009560 -0.004604 0.999944
vn -0.010345 -0.002361 0.999944
vn -0.010345 -0.002361 0.999944
vn -0.008296 -0.006616 0.999944
vn -0.008296 -0.006616 0.999944
vn -0.009560 -0.004604 0.999944
vn -0.009560 -0.004604 0.999944
vn -0.006616 -0.008297 0.999944
vn -0.006616 -0.008297 0.999944
vn -0.008296 -0.006616 0.999944
vn -0.008296 -0.006616 0.999944
vn -0.004604 -0.009561 0.999944
vn -0.004604 -0.009561 0.999944
vn -0.006616 -0.008297 0.999944
vn -0.006616 -0.008297 0.999944
vn -0.002361 -0.010344 0.999944
vn -0.002361 -0.010344 0.999944
vn -0.004604 -0.009561 0.999944
vn -0.004604 -0.009561 0.999944
vn -0.000000 -0.010611 0.999944
vn 0.000000 -0.010611 0.999944
vn -0.002361 -0.010344 0.999944
vn -0.002361 -0.010344 0.999944
vn 0.002361 -0.010346 0.999944
vn 0.002361 -0.010346 0.999944
vn 0.000000 -0.010611 0.999944
vn -0.000000 -0.010611 0.999944
vn 0.004604 -0.009560 0.999944
vn 0.004604 -0.009560 0.999944
vn 0.002361 -0.010346 0.999944
vn 0.002361 -0.010346 0.999944
vn 0.006616 -0.008296 0.999944
vn 0.006616 -0.008296 0.999944
vn 0.004604 -0.009560 0.999944
vn 0.004604 -0.009560 0.999944
vn 0.008296 -0.006616 0.999944
vn 0.008296 -0.006616 0.999944
vn 0.006616 -0.008296 0.999944
vn 0.006616 -0.008296 0.999944
vn 0.009560 -0.004604 0.999944
vn 0.009560 -0.004604 0.999944
vn 0.008296 -0.006616 0.999944
vn 0.008296 -0.006616 0.999944
vn 0.010345 -0.002361 0.999944
vn 0.010345 -0.002361 0.999944
vn 0.009560 -0.004604 0.999944
vn 0.009560 -0.004604 0.999944
vn 0.010611 -0.000000 0.999944
vn 0.010611 -0.000000 0.999944
vn 0.010345 -0.002361 0.999944
vn 0.010345 -0.002361 0.999944
vn 0.010611 -0.000000 0.999944
vn 0.010611 -0.000000 0.999944
vn 0.010345 0.002361 0.999944
vn 0.010345 0.002361 0.999944
vn 0.974889 0.222513 0.008874
vn 0.974889 0.222513 0.008874
vn 0.900933 0.433867 0.008874
vn 0.900933 0.433867 0.008874
vn 0.900933 0.433867 0.008874
vn 0.900933 0.433867 0.008874
vn 0.781801 0.623465 0.008874
vn 0.781801 0.623465 0.008874
vn 0.781801 0.623465 0.008874
vn 0.781801 0.623465 0.008874
vn 0.623465 0.781801 0.008873
vn 0.623465 0.781801 0.008873
vn 0.623465 0.781801 0.008873
vn 0.623465 0.781801 0.008873
vn 0.433867 0.900933 0.008873
vn 0.433867 0.900933 0.008873
vn 0.433867 0.900933 0.008873
vn 0.433867 0.900933 0.008873
vn 0.222512 0.974890 0.008873
vn 0.222512 0.974890 0.008873
vn 0.222512 0.974890 0.008873
vn 0.222512 0.974890 0.008873
vn 0.000000 0.999961 0.008873
vn 0.000000 0.999961 0.008873
vn 0.000000 0.999961 0.008873
vn 0.000000 0.999961 0.008873
vn -0.222512 0.974890 0.008873
vn -0.222512 0.974890 0.008873
vn -0.222512 0.974890 0.008873
vn -0.222512 0.974890 0.008873
vn -0.433867 0.900933 0.008873
vn -0.433867 0.900933 0.008873
vn -0.433867 0.900933 0.008873
vn -0.433867 0.900933 0.008873
vn -0.623465 0.781801 0.008873
vn -0.623465 0.781801 0.008873
vn -0.623465 0.781801 0.008873
vn -0.623465 0.781801 0.008873
vn -0.781801 0.623465 0.008874
vn -0.781801 0.623465 0.008874
vn -0.781801 0.623465 0.008874
vn -0.781801 0.623465 0.008874
vn -0.900933 0.433867 0.008874
vn -0.900933 0.433867 0.008874
vn -0.900933 0.433867 0.008874
vn -0.900933 0.433867 0.008874
vn -0.974890 0.222512 0.008873
vn -0.974890 0.222512 0.008873
vn -0.974890 0.222512 0.008873
vn -0.974890 0.222512 0.008873
vn -0.999961 -0.000000 0.008873
vn -0.999961 -0.000000 0.008873
vn -0.974890 -0.222512 0.008874
vn -0.974890 -0.222512 0.008874
vn -0.999961 -0.000000 0.008873
vn -0.999961 -0.000000 0.008873
vn -0.900934 -0.433867 0.008873
vn -0.900933 -0.433867 0.008873
vn -0.974890 -0.222512 0.008874
vn -0.974890 -0.222512 0.008874
vn -0.781801 -0.623465 0.008873
vn -0.781801 -0.623465 0.008873
vn -0.900933 -0.433867 0.008873
vn -0.900934 -0.433867 0.008873
vn -0.623465 -0.781801 0.008874
vn -0.623465 -0.781801 0.008874
vn -0.781801 -0.623465 0.008873
vn -0.781801 -0.623465 0.008873
vn -0.433867 -0.900933 0.008873
vn -0.433867 -0.900933 0.008873
vn -0.623465 -0.781801 0.008874
vn -0.623465 -0.781801 0.008874
vn -0.222512 -0.974890 0.008873
vn -0.222512 -0.974890 0.008873
vn -0.433867 -0.900933 0.008873
vn -0.433867 -0.900933 0.008873
vn 0.000000 -0.999961 0.008873
vn -0.000000 -0.999961 0.008873
vn -0.222512 -0.974890 0.008873
vn -0.222512 -0.974890 0.008873
vn 0.222512 -0.974890 0.008873
vn 0.222512 -0.974890 0.008873
vn -0.000000 -0.999961 0.008873
vn 0.000000 -0.999961 0.008873
vn 0.433867 -0.900933 0.008873
vn 0.433867 -0.900933 0.008873
vn 0.222512 -0.974890 0.008873
vn 0.222512 -0.974890 0.008873
vn 0.623465 -0.781801 0.008873
vn 0.623465 -0.781801 0.008873
vn 0.433867 -0.900933 0.008873
vn 0.433867 -0.900933 0.008873
vn 0.781801 -0.623465 0.008873
vn 0.781801 -0.623466 0.008873
vn 0.623465 -0.781801 0.008873
vn 0.623465 -0.781801 0.008873
vn 0.900933 -0.433867 0.008874
vn 0.900933 -0.433867 0.008874
vn 0.781801 -0.623466 0.008873
vn 0.781801 -0.623465 0.008873
vn 0.974890 -0.222512 0.008873
vn 0.974890 -0.222512 0.008873
vn 0.900933 -0.433867 0.008874
vn 0.900933 -0.433867 0.008874
vn 0.999961 0.000001 0.008873
vn 0.999961 0.000001 0.008873
vn 0.974890 -0.222512 0.008873
vn 0.974890 -0.222512 0.008873
vn 0.999961 0.000001 0.008873
vn 0.999961 0.000001 0.008873
vn 0.974889 0.222513 0.008874
vn 0.974889 0.222513 0.008874
vn 0.639960 0.308189 0.703896
vn 0.639961 0.308189 0.703896
vn 0.555336 0.442866 0.703897
vn 0.555336 0.442866 0.703897
vn 0.692493 0.158058 0.703898
vn 0.692493 0.158058 0.703898
vn 0.639961 0.308189 0.703896
vn 0.639960 0.308189 0.703896
vn 0.555336 0.442866 0.703897
vn 0.555336 0.442866 0.703897
vn 0.442868 0.555334 0.703898
vn 0.442868 0.555334 0.703898
vn 0.710303 0.000001 0.703896
vn 0.710303 0.000001 0.703896
vn 0.692493 0.158058 0.703898
vn 0.692493 0.158058 0.703898
vn 0.710303 0.000001 0.703896
vn 0.710303 0.000001 0.703896
vn 0.692495 -0.158057 0.703895
vn 0.692495 -0.158057 0.703895
vn 0.442868 0.555334 0.703898
vn 0.442868 0.555334 0.703898
vn 0.306796 0.640433 0.704075
vn 0.306798 0.640432 0.704075
vn 0.306798 0.640432 0.704075
vn 0.306796 0.640433 0.704075
vn 0.156208 0.682714 0.713793
vn 0.156861 0.682651 0.713710
vn 0.156861 0.682651 0.713710
vn 0.156208 0.682714 0.713793
vn -0.001030 0.692894 0.721039
vn -0.000962 0.692891 0.721041
vn -0.000962 0.692891 0.721041
vn -0.001030 0.692894 0.721039
vn -0.156771 0.681870 0.714476
vn -0.157448 0.681749 0.714443
vn -0.157448 0.681749 0.714443
vn -0.156771 0.681870 0.714476
vn -0.299861 0.626401 0.719518
vn -0.299864 0.626399 0.719518
vn -0.299864 0.626399 0.719518
vn -0.299861 0.626401 0.719518
vn -0.427630 0.536230 0.727730
vn -0.427629 0.536230 0.727730
vn -0.427629 0.536230 0.727730
vn -0.427630 0.536230 0.727730
vn -0.536232 0.427631 0.727728
vn -0.536232 0.427630 0.727728
vn -0.536232 0.427630 0.727728
vn -0.536232 0.427631 0.727728
vn -0.617943 0.297586 0.727728
vn -0.617943 0.297586 0.727728
vn -0.617943 0.297586 0.727728
vn -0.617943 0.297586 0.727728
vn -0.668667 0.152619 0.727730
vn -0.668667 0.152619 0.727730
vn -0.668667 0.152619 0.727730
vn -0.668667 0.152619 0.727730
vn -0.685863 -0.000000 0.727731
vn -0.685863 -0.000000 0.727731
vn -0.668667 -0.152619 0.727731
vn -0.668667 -0.152619 0.727731
vn -0.685863 -0.000000 0.727731
vn -0.685863 -0.000000 0.727731
vn -0.617941 -0.297585 0.727731
vn -0.617941 -0.297585 0.727731
vn -0.668667 -0.152619 0.727731
vn -0.668667 -0.152619 0.727731
vn -0.536229 -0.427629 0.727731
vn -0.536229 -0.427629 0.727731
vn -0.617941 -0.297585 0.727731
vn -0.617941 -0.297585 0.727731
vn -0.427624 -0.536213 0.727746
vn -0.427623 -0.536213 0.727746
vn -0.536229 -0.427629 0.727731
vn -0.536229 -0.427629 0.727731
vn -0.299030 -0.624214 0.721760
vn -0.299059 -0.624197 0.721763
vn -0.427623 -0.536213 0.727746
vn -0.427624 -0.536213 0.727746
vn -0.155223 -0.674530 0.721745
vn -0.156244 -0.674385 0.721659
vn -0.299059 -0.624197 0.721763
vn -0.299030 -0.624214 0.721760
vn -0.000809 -0.684992 0.728550
vn -0.000709 -0.684992 0.728550
vn -0.156244 -0.674385 0.721659
vn -0.155223 -0.674530 0.721745
vn 0.155871 -0.679925 0.716524
vn 0.156549 -0.679884 0.716415
vn -0.000709 -0.684992 0.728550
vn -0.000809 -0.684992 0.728550
vn 0.306765 -0.640387 0.704131
vn 0.306766 -0.640386 0.704131
vn 0.156549 -0.679884 0.716415
vn 0.155871 -0.679925 0.716524
vn 0.442868 -0.555334 0.703898
vn 0.442868 -0.555334 0.703898
vn 0.306766 -0.640386 0.704131
vn 0.306765 -0.640387 0.704131
vn 0.555336 -0.442866 0.703897
vn 0.555336 -0.442866 0.703897
vn 0.442868 -0.555334 0.703898
vn 0.442868 -0.555334 0.703898
vn 0.639961 -0.308189 0.703896
vn 0.639961 -0.308189 0.703896
vn 0.555336 -0.442866 0.703897
vn 0.555336 -0.442866 0.703897
vn 0.692495 -0.158057 0.703895
vn 0.692495 -0.158057 0.703895
vn 0.639961 -0.308189 0.703896
vn 0.639961 -0.308189 0.703896
vn 0.015280 0.000000 0.999883
vn 0.015280 -0.000000 0.999883
vn 0.014897 0.003399 0.999883
vn 0.014897 0.003399 0.999883
vn 0.014897 0.003399 0.999883
vn 0.014897 0.003399 0.999883
vn 0.013767 0.006626 0.999883
vn 0.013767 0.006626 0.999883
vn 0.013767 0.006626 0.999883
vn 0.013767 0.006626 0.999883
vn 0.011947 0.009522 0.999883
vn 0.011947 0.009522 0.999883
vn 0.011947 0.009522 0.999883
vn 0.011947 0.009522 0.999883
vn 0.009528 0.011941 0.999883
vn 0.009528 0.011941 0.999883
vn 0.009528 0.011941 0.999883
vn 0.009528 0.011941 0.999883
vn 0.007197 0.013535 0.999883
vn 0.007139 0.013566 0.999883
vn 0.007139 0.013566 0.999883
vn 0.007197 0.013535 0.999883
vn 0.005116 0.014634 0.999880
vn 0.005116 -0.014634 0.999880
vn 0.007197 -0.013535 0.999883
vn 0.007138 -0.013566 0.999883
vn 0.009528 -0.011941 0.999883
vn 0.009528 -0.011941 0.999883
vn 0.007138 -0.013566 0.999883
vn 0.007197 -0.013535 0.999883
vn 0.011947 -0.009522 0.999883
vn 0.011947 -0.009522 0.999883
vn 0.009528 -0.011941 0.999883
vn 0.009528 -0.011941 0.999883
vn 0.013768 -0.006626 0.999883
vn 0.013768 -0.006626 0.999883
vn 0.011947 -0.009522 0.999883
vn 0.011947 -0.009522 0.999883
vn 0.014897 -0.003399 0.999883
vn 0.014897 -0.003400 0.999883
vn 0.013768 -0.006626 0.999883
vn 0.013768 -0.006626 0.999883
vn 0.015280 -0.000000 0.999883
vn 0.015280 0.000000 0.999883
vn 0.014897 -0.003400 0.999883
vn 0.014897 -0.003399 0.999883
vn 0.974928 0.222522 -0.000000
vn 0.974928 0.222522 -0.000000
vn 0.900969 0.433884 0.000000
vn 0.900969 0.433884 0.000000
vn 0.900969 0.433884 0.000000
vn 0.900969 0.433884 0.000000
vn 0.781832 0.623490 0.000000
vn 0.781832 0.623490 0.000000
vn 0.781832 0.623490 0.000000
vn 0.781832 0.623490 0.000000
vn 0.623490 0.781832 0.000000
vn 0.623490 0.781832 0.000000
vn 0.623490 0.781832 0.000000
vn 0.623490 0.781832 0.000000
vn 0.432851 0.901464 0.001510
vn 0.432836 0.901471 0.001510
vn 0.432836 0.901471 0.001510
vn 0.432851 0.901464 0.001510
vn 0.222094 0.975021 0.002938
vn 0.221776 0.975093 0.002938
vn 0.221776 0.975093 0.002938
vn 0.222094 0.975021 0.002938
vn 0.000075 0.999996 0.002862
vn 0.000188 0.999996 0.002862
vn 0.000188 0.999996 0.002862
vn 0.000075 0.999996 0.002862
vn -0.222094 0.975021 0.002947
vn -0.221776 0.975093 0.002947
vn -0.221776 0.975093 0.002947
vn -0.222094 0.975021 0.002947
vn -0.432918 0.901432 0.001514
vn -0.433005 0.901390 0.001513
vn -0.433005 0.901390 0.001513
vn -0.432918 0.901432 0.001514
vn -0.623490 0.781832 0.000000
vn -0.623490 0.781832 0.000000
vn -0.623490 0.781832 0.000000
vn -0.623490 0.781832 0.000000
vn -0.781831 0.623490 0.000000
vn -0.781831 0.623490 0.000000
vn -0.781831 0.623490 0.000000
vn -0.781831 0.623490 0.000000
vn -0.900969 0.433884 0.000000
vn -0.900969 0.433884 0.000000
vn -0.900969 0.433884 0.000000
vn -0.900969 0.433884 0.000000
vn -0.974928 0.222521 0.000000
vn -0.974928 0.222521 0.000000
vn -0.974928 0.222521 0.000000
vn -0.974928 0.222521 0.000000
vn -1.000000 0.000000 0.000000
vn -1.000000 0.000000 0.000000
vn -0.974928 -0.222521 0.000000
vn -0.974928 -0.222521 0.000000
vn -1.000000 0.000000 0.000000
vn -1.000000 0.000000 0.000000
vn -0.900969 -0.433884 0.000000
vn -0.900969 -0.433884 0.000000
vn -0.974928 -0.222521 0.000000
vn -0.974928 -0.222521 0.000000
vn -0.781832 -0.623490 0.000000
vn -0.781832 -0.623490 0.000000
vn -0.900969 -0.433884 0.000000
vn -0.900969 -0.433884 0.000000
vn -0.623490 -0.781832 0.000000
vn -0.623489 -0.781832 0.000000
vn -0.781832 -0.623490 0.000000
vn -0.781832 -0.623490 0.000000
vn -0.433325 -0.901237 0.000893
vn -0.433421 -0.901191 0.000892
vn -0.623489 -0.781832 0.000000
vn -0.623490 -0.781832 0.000000
vn -0.222583 -0.974913 0.001024
vn -0.222221 -0.974996 0.001022
vn -0.433421 -0.901191 0.000892
vn -0.433325 -0.901237 0.000893
vn 0.000578 -0.999999 0.000913
vn 0.000702 -0.999999 0.000914
vn -0.222221 -0.974996 0.001022
vn -0.222583 -0.974913 0.001024
vn 0.222560 -0.974916 0.002290
vn 0.222248 -0.974988 0.002288
vn 0.000702 -0.999999 0.000914
vn 0.000578 -0.999999 0.000913
vn 0.432851 -0.901464 0.001510
vn 0.432836 -0.901471 0.001510
vn 0.222248 -0.974988 0.002288
vn 0.222560 -0.974916 0.002290
vn 0.623490 -0.781832 0.000000
vn 0.623490 -0.781832 0.000000
vn 0.432836 -0.901471 0.001510
vn 0.432851 -0.901464 0.001510
vn 0.781831 -0.623490 0.000000
vn 0.781831 -0.623490 0.000000
vn 0.623490 -0.781832 0.000000
vn 0.623490 -0.781832 0.000000
vn 0.900969 -0.433884 0.000000
vn 0.900969 -0.433884 0.000000
vn 0.781831 -0.623490 0.000000
vn 0.781831 -0.623490 0.000000
vn 0.974928 -0.222521 0.000000
vn 0.974928 -0.222521 0.000000
vn 0.900969 -0.433884 0.000000
vn 0.900969 -0.433884 0.000000
vn 1.000000 0.000001 -0.000000
vn 1.000000 0.000001 -0.000000
vn 0.974928 -0.222521 0.000000
vn 0.974928 -0.222521 0.000000
vn 1.000000 0.000001 -0.000000
vn 1.000000 0.000001 -0.000000
vn 0.974928 0.222522 -0.000000
vn 0.974928 0.222522 -0.000000
s off
g SM_compass_low sm_compass_low
usemtl lambert2SG
f 33/33/85 30/30/86 31/31/87 32/32/88
f 32/32/89 31/31/90 34/34/91 35/35/92
f 35/35/93 34/34/94 36/36/95 37/37/96
f 37/37/97 36/36/98 38/38/99 39/39/100
f 39/39/101 38/38/102 40/40/103 41/41/104
f 41/41/105 40/40/106 42/42/107 43/43/108
f 43/43/109 42/42/110 44/44/111 45/45/112
f 45/45/113 44/44/114 46/46/115 47/47/116
f 47/47/117 46/46/118 48/48/119 49/49/120
f 49/49/121 48/48/122 50/50/123 51/51/124
f 51/51/125 50/50/126 52/52/127 53/53/128
f 53/53/129 52/52/130 54/54/131 55/55/132
f 55/55/133 54/54/134 56/56/135 57/57/136
f 58/58/137 59/59/138 57/57/139 56/56/140
f 60/60/141 61/61/142 59/59/143 58/58/144
f 62/62/145 63/63/146 61/61/147 60/60/148
f 64/64/149 65/65/150 63/63/151 62/62/152
f 66/66/153 67/67/154 65/65/155 64/64/156
f 68/68/157 69/69/158 67/67/159 66/66/160
f 70/70/161 71/71/162 69/69/163 68/68/164
f 72/72/165 73/73/166 71/71/167 70/70/168
f 74/74/169 75/75/170 73/73/171 72/72/172
f 76/76/173 77/77/174 75/75/175 74/74/176
f 78/78/177 79/79/178 77/77/179 76/76/180
f 80/80/181 81/81/182 79/79/183 78/78/184
f 82/82/185 83/83/186 81/81/187 80/80/188
f 84/84/189 85/85/190 83/83/191 82/82/192
f 85/85/193 84/84/194 30/86/195 33/87/196
f 86/88/197 87/89/198 88/90/199 89/91/200
f 88/90/201 87/89/202 90/92/203 91/93/204
f 91/93/205 90/92/206 92/94/207 93/95/208
f 93/95/209 92/94/210 94/96/211 95/97/212
f 95/97/213 94/96/214 96/98/215 97/99/216
f 97/99/217 96/98/218 98/100/219 99/101/220
f 99/105/221 98/102/222 100/103/223 101/104/224
f 101/104/225 100/103/226 102/106/227 103/107/228
f 103/107/229 102/106/230 104/108/231 105/109/232
f 105/109/233 104/108/234 106/110/235 107/111/236
f 107/111/237 106/110/238 108/112/239 109/113/240
f 111/115/241 109/113/242 108/112/243 110/114/244
f 113/117/245 111/115/246 110/114/247 112/116/248
f 115/119/249 113/117/250 112/116/251 114/118/252
f 117/121/253 115/119/254 114/118/255 116/120/256
f 118/122/257 119/123/258 117/121/259 116/120/260
f 120/124/261 121/125/262 119/123/263 118/122/264
f 122/126/265 123/127/266 121/125/267 120/124/268
f 124/128/269 125/129/270 123/127/271 122/126/272
f 126/130/273 127/131/274 125/129/275 124/128/276
f 128/132/277 129/133/278 127/131/279 126/130/280
f 130/134/281 131/135/282 129/133/283 128/132/284
f 132/136/285 133/137/286 131/135/287 130/134/288
f 134/138/289 135/139/290 133/137/291 132/136/292
f 136/140/293 137/141/294 135/139/295 134/138/296
f 136/140/297 138/142/298 139/143/299 137/141/300
f 138/142/301 140/144/302 141/145/303 139/143/304
f 140/144/305 86/88/306 89/91/307 141/145/308
f 144/148/309 145/149/310 142/146/311 143/147/312
f 140/144/313 143/150/314 142/151/315 86/88/316
f 86/88/317 142/151/318 146/152/319 87/89/320
f 145/149/321 147/154/322 146/153/323 142/146/324
f 87/89/325 146/152/326 148/155/327 90/92/328
f 147/154/329 149/157/330 148/156/331 146/153/332
f 90/92/333 148/155/334 150/158/335 92/94/336
f 148/156/337 149/157/338 151/160/339 150/159/340
f 92/94/341 150/158/342 152/161/343 94/96/344
f 150/159/345 151/160/346 153/163/347 152/162/348
f 94/96/349 152/161/350 154/164/351 96/98/352
f 152/162/353 153/163/354 155/166/355 154/165/356
f 96/98/357 154/164/358 156/167/359 98/100/360
f 154/165/361 155/166/362 157/169/363 156/168/364
f 98/102/365 156/170/366 158/171/367 100/103/368
f 156/168/369 157/169/370 159/173/371 158/172/372
f 100/103/373 158/171/374 160/174/375 102/106/376
f 158/172/377 159/173/378 161/176/379 160/175/380
f 102/106/381 160/174/382 162/177/383 104/108/384
f 160/175/385 161/176/386 163/179/387 162/178/388
f 104/108/389 162/177/390 164/180/391 106/110/392
f 162/178/393 163/179/394 165/182/395 164/181/396
f 106/110/397 164/180/398 166/183/399 108/112/400
f 166/184/401 164/181/402 165/182/403 167/185/404
f 108/112/405 166/183/406 168/186/407 110/114/408
f 168/187/409 166/184/410 167/185/411 169/188/412
f 110/114/413 168/186/414 170/189/415 112/116/416
f 170/190/417 168/187/418 169/188/419 171/191/420
f 172/192/421 114/118/422 112/116/423 170/189/424
f 172/193/425 170/190/426 171/191/427 173/194/428
f 174/195/429 116/120/430 114/118/431 172/192/432
f 174/196/433 172/193/434 173/194/435 175/197/436
f 176/198/437 118/122/438 116/120/439 174/195/440
f 176/199/441 174/196/442 175/197/443 177/200/444
f 178/201/445 120/124/446 118/122/447 176/198/448
f 179/203/449 178/202/450 176/199/451 177/200/452
f 180/204/453 122/126/454 120/124/455 178/201/456
f 181/206/457 180/205/458 178/202/459 179/203/460
f 182/207/461 124/128/462 122/126/463 180/204/464
f 183/209/465 182/208/466 180/205/467 181/206/468
f 184/210/469 126/130/470 124/128/471 182/207/472
f 185/212/473 184/211/474 182/208/475 183/209/476
f 186/213/477 128/132/478 126/130/479 184/210/480
f 187/215/481 186/214/482 184/211/483 185/212/484
f 188/216/485 130/134/486 128/132/487 186/213/488
f 189/218/489 188/217/490 186/214/491 187/215/492
f 190/219/493 132/136/494 130/134/495 188/216/496
f 191/221/497 190/220/498 188/217/499 189/218/500
f 192/222/501 134/138/502 132/136/503 190/219/504
f 193/224/505 192/223/506 190/220/507 191/221/508
f 194/225/509 136/140/510 134/138/511 192/222/512
f 193/224/513 195/227/514 194/226/515 192/223/516
f 196/228/517 138/142/518 136/140/519 194/225/520
f 195/227/521 197/230/522 196/229/523 194/226/524
f 143/150/525 140/144/526 138/142/527 196/228/528
f 197/230/529 144/148/530 143/147/531 196/229/532
f 144/232/533 198/233/534 199/234/535 145/231/536
f 145/231/537 199/234/538 200/236/539 147/235/540
f 147/235/541 200/236/542 201/238/543 149/237/544
f 149/237/545 201/238/546 202/240/547 151/239/548
f 151/239/549 202/240/550 203/242/551 153/241/552
f 153/241/553 203/242/554 204/244/555 155/243/556
f 155/243/557 204/244/558 205/246/559 157/245/560
f 157/245/561 205/246/562 206/248/563 159/247/564
f 159/250/565 206/251/566 207/252/567 161/249/568
f 161/249/569 207/252/570 208/254/571 163/253/572
f 163/253/573 208/254/574 209/256/575 165/255/576
f 165/255/577 209/256/578 210/258/579 167/257/580
f 167/257/581 210/258/582 211/260/583 169/259/584
f 169/259/585 211/260/586 212/262/587 171/261/588
f 213/264/589 173/263/590 171/261/591 212/262/592
f 214/266/593 175/265/594 173/263/595 213/264/596
f 215/268/597 177/267/598 175/265/599 214/266/600
f 216/270/601 179/269/602 177/267/603 215/268/604
f 217/272/605 181/271/606 179/269/607 216/270/608
f 218/274/609 183/273/610 181/271/611 217/272/612
f 219/276/613 185/275/614 183/273/615 218/274/616
f 220/278/617 187/277/618 185/275/619 219/276/620
f 221/280/621 189/279/622 187/277/623 220/278/624
f 222/282/625 191/281/626 189/279/627 221/280/628
f 223/284/629 193/283/630 191/281/631 222/282/632
f 224/286/633 195/285/634 193/283/635 223/284/636
f 225/288/637 197/287/638 195/285/639 224/286/640
f 198/233/641 144/232/642 197/287/643 225/288/644
f 227/290/645 228/291/646 229/292/647 226/289/648
f 230/293/649 231/294/650 232/295/651 233/296/652
f 235/298/653 89/91/654 88/90/655 234/297/656
f 234/297/657 88/90/658 91/93/659 236/299/660
f 236/299/661 91/93/662 93/95/663 237/300/664
f 237/300/665 93/95/666 95/97/667 238/301/668
f 238/301/669 95/97/670 97/99/671 239/302/672
f 239/302/673 97/99/674 99/101/675 240/303/676
f 240/305/677 99/105/678 101/104/679 241/304/680
f 241/304/681 101/104/682 103/107/683 242/306/684
f 242/306/685 103/107/686 105/109/687 243/307/688
f 243/307/689 105/109/690 107/111/691 244/308/692
f 244/308/693 107/111/694 109/113/695 245/309/696
f 245/309/697 109/113/698 111/115/699 246/310/700
f 246/310/701 111/115/702 113/117/703 247/311/704
f 115/119/705 248/312/706 247/311/707 113/117/708
f 117/121/709 249/313/710 248/312/711 115/119/712
f 119/123/713 250/314/714 249/313/715 117/121/716
f 121/125/717 251/315/718 250/314/719 119/123/720
f 123/127/721 252/316/722 251/315/723 121/125/724
f 125/129/725 253/317/726 252/316/727 123/127/728
f 127/131/729 254/318/730 253/317/731 125/129/732
f 129/133/733 255/319/734 254/318/735 127/131/736
f 131/135/737 256/320/738 255/319/739 129/133/740
f 133/137/741 257/321/742 256/320/743 131/135/744
f 135/139/745 258/322/746 257/321/747 133/137/748
f 137/141/749 259/323/750 258/322/751 135/139/752
f 139/143/753 260/324/754 259/323/755 137/141/756
f 141/145/757 261/325/758 260/324/759 139/143/760
f 261/325/761 141/145/762 89/91/763 235/298/764
f 228/291/765 262/326/766 263/327/767 229/292/768
f 233/296/769 232/295/770 264/328/771 265/329/772
f 262/326/773 266/330/774 267/331/775 263/327/776
f 265/329/777 264/328/778 268/332/779 269/333/780
f 266/330/781 270/334/782 271/335/783 267/331/784
f 269/333/785 268/332/786 272/336/787 273/337/788
f 270/334/789 274/338/790 275/339/791 271/335/792
f 273/337/793 272/336/794 276/340/795 277/341/796
f 275/339/797 274/338/798 278/342/799 279/343/800
f 277/341/801 276/340/802 280/344/803 281/345/804
f 279/343/805 278/342/806 282/346/807 283/347/808
f 281/345/809 280/344/810 284/348/811 285/349/812
f 287/351/813 283/347/814 282/346/815 286/350/816
f 285/353/817 284/354/818 289/355/819 288/352/820
f 291/357/821 287/351/822 286/350/823 290/356/824
f 288/352/825 289/355/826 292/358/827 293/359/828
f 295/361/829 291/357/830 290/356/831 294/360/832
f 293/359/833 292/358/834 296/362/835 297/363/836
f 299/365/837 295/361/838 294/360/839 298/364/840
f 297/363/841 296/362/842 300/366/843 301/367/844
f 303/369/845 299/365/846 298/364/847 302/368/848
f 301/367/849 300/366/850 304/370/851 305/371/852
f 307/373/853 303/369/854 302/368/855 306/372/856
f 305/371/857 304/370/858 308/374/859 309/375/860
f 311/377/861 307/373/862 306/372/863 310/376/864
f 312/378/865 313/379/866 309/375/867 308/374/868
f 315/381/869 311/377/870 310/376/871 314/380/872
f 316/382/873 317/383/874 313/379/875 312/378/876
f 319/385/877 315/381/878 314/380/879 318/384/880
f 320/386/881 321/387/882 317/383/883 316/382/884
f 323/389/885 319/385/886 318/384/887 322/388/888
f 324/390/889 325/391/890 321/387/891 320/386/892
f 327/393/893 323/389/894 322/388/895 326/392/896
f 328/394/897 329/395/898 325/391/899 324/390/900
f 331/397/901 327/393/902 326/392/903 330/396/904
f 332/398/905 333/399/906 329/395/907 328/394/908
f 334/400/909 335/401/910 331/397/911 330/396/912
f 336/402/913 337/403/914 333/399/915 332/398/916
f 338/404/917 339/405/918 335/401/919 334/400/920
f 340/406/921 341/407/922 337/403/923 336/402/924
f 338/404/925 342/408/926 343/409/927 339/405/928
f 344/410/929 345/411/930 341/407/931 340/406/932
f 342/408/933 346/412/934 347/413/935 343/409/936
f 348/414/937 349/415/938 345/411/939 344/410/940
f 346/412/941 350/416/942 351/417/943 347/413/944
f 352/418/945 353/419/946 349/415/947 348/414/948
f 350/416/949 354/420/950 355/421/951 351/417/952
f 356/422/953 357/423/954 353/419/955 352/418/956
f 354/420/957 358/424/958 359/425/959 355/421/960
f 360/426/961 361/427/962 357/423/963 356/422/964
f 358/424/965 362/428/966 363/429/967 359/425/968
f 364/430/969 365/431/970 361/427/971 360/426/972
f 365/431/973 364/430/974 231/294/975 230/293/976
f 362/428/977 227/290/978 226/289/979 363/429/980
f 278/432/981 366/433/982 367/434/983 282/435/984
f 274/436/985 368/437/986 366/438/987 278/439/988
f 270/440/989 369/441/990 368/437/991 274/436/992
f 266/442/993 370/443/994 369/441/995 270/440/996
f 262/444/997 371/445/998 370/443/999 266/442/1000
f 228/446/1001 372/447/1002 371/445/1003 262/444/1004
f 227/448/1005 373/449/1006 372/447/1007 228/446/1008
f 362/451/1009 374/450/1010 373/449/1011 227/448/1012
f 374/450/1013 362/451/1014 358/452/1015 375/453/1016
f 375/453/1017 358/452/1018 354/454/1019 376/455/1020
f 376/455/1021 354/454/1022 350/456/1023 377/457/1024
f 377/457/1025 350/456/1026 346/458/1027 378/459/1028
f 378/459/1029 346/458/1030 342/460/1031 379/461/1032
f 379/461/1033 342/460/1034 338/462/1035 380/463/1036
f 380/463/1037 338/462/1038 334/464/1039 381/465/1040
f 381/465/1041 334/464/1042 330/466/1043 382/467/1044
f 382/467/1045 330/466/1046 326/468/1047 383/469/1048
f 383/469/1049 326/468/1050 322/470/1051 384/471/1052
f 384/471/1053 322/470/1054 318/472/1055 385/473/1056
f 385/473/1057 318/472/1058 314/474/1059 386/475/1060
f 386/475/1061 314/474/1062 310/476/1063 387/477/1064
f 387/477/1065 310/476/1066 306/478/1067 388/479/1068
f 302/480/1069 389/481/1070 388/479/1071 306/478/1072
f 298/482/1073 390/483/1074 389/481/1075 302/480/1076
f 294/484/1077 391/485/1078 390/483/1079 298/482/1080
f 290/486/1081 392/487/1082 391/485/1083 294/484/1084
f 286/488/1085 393/489/1086 392/487/1087 290/486/1088
f 282/435/1089 367/434/1090 393/489/1091 286/488/1092
f 231/493/1093 235/490/1094 234/491/1095 232/492/1096
f 373/495/1097 230/496/1098 233/497/1099 372/494/1100
f 232/492/1101 234/491/1102 236/498/1103 264/499/1104
f 372/494/1105 233/497/1106 265/501/1107 371/500/1108
f 264/499/1109 236/498/1110 237/502/1111 268/503/1112
f 371/500/1113 265/501/1114 269/505/1115 370/504/1116
f 268/503/1117 237/502/1118 238/506/1119 272/507/1120
f 370/504/1121 269/505/1122 273/509/1123 369/508/1124
f 272/507/1125 238/506/1126 239/510/1127 276/511/1128
f 369/508/1129 273/509/1130 277/513/1131 368/512/1132
f 276/511/1133 239/510/1134 240/514/1135 280/515/1136
f 368/512/1137 277/513/1138 281/517/1139 366/516/1140
f 280/515/1141 240/514/1142 241/518/1143 284/519/1144
f 366/516/1145 281/517/1146 285/521/1147 367/520/1148
f 367/520/1149 285/521/1150 288/523/1151 393/522/1152
f 284/519/1153 241/518/1154 242/524/1155 289/525/1156
f 289/525/1157 242/524/1158 243/526/1159 292/527/1160
f 393/522/1161 288/523/1162 293/529/1163 392/528/1164
f 292/527/1165 243/526/1166 244/530/1167 296/531/1168
f 392/528/1169 293/529/1170 297/533/1171 391/532/1172
f 296/531/1173 244/530/1174 245/534/1175 300/535/1176
f 391/532/1177 297/533/1178 301/537/1179 390/536/1180
f 300/535/1181 245/534/1182 246/538/1183 304/539/1184
f 390/536/1185 301/537/1186 305/541/1187 389/540/1188
f 304/539/1189 246/538/1190 247/542/1191 308/543/1192
f 388/544/1193 389/540/1194 305/541/1195 309/545/1196
f 248/546/1197 312/547/1198 308/543/1199 247/542/1200
f 387/548/1201 388/544/1202 309/545/1203 313/549/1204
f 249/550/1205 316/551/1206 312/547/1207 248/546/1208
f 317/553/1209 386/552/1210 387/548/1211 313/549/1212
f 250/554/1213 320/555/1214 316/551/1215 249/550/1216
f 321/557/1217 385/556/1218 386/552/1219 317/553/1220
f 251/558/1221 324/559/1222 320/555/1223 250/554/1224
f 325/561/1225 384/560/1226 385/556/1227 321/557/1228
f 252/562/1229 328/563/1230 324/559/1231 251/558/1232
f 329/565/1233 383/564/1234 384/560/1235 325/561/1236
f 253/566/1237 332/567/1238 328/563/1239 252/562/1240
f 333/569/1241 382/568/1242 383/564/1243 329/565/1244
f 254/570/1245 336/571/1246 332/567/1247 253/566/1248
f 337/573/1249 381/572/1250 382/568/1251 333/569/1252
f 255/574/1253 340/575/1254 336/571/1255 254/570/1256
f 341/577/1257 380/576/1258 381/572/1259 337/573/1260
f 256/578/1261 344/579/1262 340/575/1263 255/574/1264
f 345/581/1265 379/580/1266 380/576/1267 341/577/1268
f 257/582/1269 348/583/1270 344/579/1271 256/578/1272
f 349/585/1273 378/584/1274 379/580/1275 345/581/1276
f 258/586/1277 352/587/1278 348/583/1279 257/582/1280
f 353/589/1281 377/588/1282 378/584/1283 349/585/1284
f 259/590/1285 356/591/1286 352/587/1287 258/586/1288
f 357/593/1289 376/592/1290 377/588/1291 353/589/1292
f 260/594/1293 360/595/1294 356/591/1295 259/590/1296
f 361/597/1297 375/596/1298 376/592/1299 357/593/1300
f 261/598/1301 364/599/1302 360/595/1303 260/594/1304
f 361/597/1305 365/601/1306 374/600/1307 375/596/1308
f 365/601/1309 230/496/1310 373/495/1311 374/600/1312
f 364/599/1313 261/598/1314 235/490/1315 231/493/1316
f 395/603/1317 226/604/1318 229/605/1319 394/602/1320
f 395/609/1321 394/606/1322 396/607/1323 397/608/1324
f 398/610/1325 399/611/1326 400/612/1327
f 399/611/1328 401/613/1329 400/612/1330
f 401/613/1331 402/614/1332 400/612/1333
f 402/614/1334 403/615/1335 400/612/1336
f 403/615/1337 404/616/1338 400/612/1339
f 404/616/1340 405/617/1341 400/612/1342
f 405/617/1343 406/618/1344 400/612/1345
f 406/618/1346 407/619/1347 400/612/1348
f 407/619/1349 408/620/1350 400/612/1351
f 408/620/1352 409/621/1353 400/612/1354
f 409/621/1355 410/622/1356 400/612/1357
f 410/622/1358 411/623/1359 400/612/1360
f 411/623/1361 412/624/1362 400/612/1363
f 412/624/1364 413/625/1365 400/612/1366
f 413/625/1367 414/626/1368 400/612/1369
f 414/626/1370 415/627/1371 400/612/1372
f 415/627/1373 416/628/1374 400/612/1375
f 416/628/1376 417/629/1377 400/612/1378
f 417/629/1379 418/630/1380 400/612/1381
f 418/630/1382 419/631/1383 400/612/1384
f 419/631/1385 420/632/1386 400/612/1387
f 420/632/1388 421/633/1389 400/612/1390
f 421/633/1391 422/634/1392 400/612/1393
f 422/634/1394 423/635/1395 400/612/1396
f 423/635/1397 424/636/1398 400/612/1399
f 424/636/1400 425/637/1401 400/612/1402
f 425/637/1403 426/638/1404 400/612/1405
f 426/638/1406 398/610/1407 400/612/1408
f 394/606/1409 427/639/1410 428/640/1411 396/607/1412
f 394/602/1413 229/605/1414 263/642/1415 427/641/1416
f 427/639/1417 429/643/1418 430/644/1419 428/640/1420
f 427/641/1421 263/642/1422 267/646/1423 429/645/1424
f 429/643/1425 431/647/1426 432/648/1427 430/644/1428
f 429/645/1429 267/646/1430 271/650/1431 431/649/1432
f 431/647/1433 433/651/1434 434/652/1435 432/648/1436
f 431/649/1437 271/650/1438 275/654/1439 433/653/1440
f 434/652/1441 433/651/1442 435/655/1443 436/656/1444
f 433/653/1445 275/654/1446 279/658/1447 435/657/1448
f 436/656/1449 435/655/1450 437/659/1451 438/660/1452
f 435/657/1453 279/658/1454 283/662/1455 437/661/1456
f 440/664/1457 438/660/1458 437/659/1459 439/663/1460
f 437/666/1461 283/667/1462 287/668/1463 439/665/1464
f 442/670/1465 440/664/1466 439/663/1467 441/669/1468
f 439/665/1469 287/668/1470 291/672/1471 441/671/1472
f 444/674/1473 442/670/1474 441/669/1475 443/673/1476
f 441/671/1477 291/672/1478 295/676/1479 443/675/1480
f 446/678/1481 444/674/1482 443/673/1483 445/677/1484
f 443/675/1485 295/676/1486 299/680/1487 445/679/1488
f 448/682/1489 446/678/1490 445/677/1491 447/681/1492
f 445/679/1493 299/680/1494 303/684/1495 447/683/1496
f 450/686/1497 448/682/1498 447/681/1499 449/685/1500
f 447/683/1501 303/684/1502 307/688/1503 449/687/1504
f 452/690/1505 450/686/1506 449/685/1507 451/689/1508
f 311/692/1509 451/691/1510 449/687/1511 307/688/1512
f 454/694/1513 452/690/1514 451/689/1515 453/693/1516
f 315/696/1517 453/695/1518 451/691/1519 311/692/1520
f 456/698/1521 454/694/1522 453/693/1523 455/697/1524
f 319/700/1525 455/699/1526 453/695/1527 315/696/1528
f 458/702/1529 456/698/1530 455/697/1531 457/701/1532
f 323/704/1533 457/703/1534 455/699/1535 319/700/1536
f 460/706/1537 458/702/1538 457/701/1539 459/705/1540
f 327/708/1541 459/707/1542 457/703/1543 323/704/1544
f 462/710/1545 460/706/1546 459/705/1547 461/709/1548
f 331/712/1549 461/711/1550 459/707/1551 327/708/1552
f 463/713/1553 464/714/1554 462/710/1555 461/709/1556
f 335/716/1557 463/715/1558 461/711/1559 331/712/1560
f 465/717/1561 466/718/1562 464/714/1563 463/713/1564
f 339/720/1565 465/719/1566 463/715/1567 335/716/1568
f 465/717/1569 467/721/1570 468/722/1571 466/718/1572
f 343/724/1573 467/723/1574 465/719/1575 339/720/1576
f 467/721/1577 469/725/1578 470/726/1579 468/722/1580
f 347/728/1581 469/727/1582 467/723/1583 343/724/1584
f 469/725/1585 471/729/1586 472/730/1587 470/726/1588
f 351/732/1589 471/731/1590 469/727/1591 347/728/1592
f 471/729/1593 473/733/1594 474/734/1595 472/730/1596
f 355/736/1597 473/735/1598 471/731/1599 351/732/1600
f 473/733/1601 475/737/1602 476/738/1603 474/734/1604
f 359/740/1605 475/739/1606 473/735/1607 355/736/1608
f 475/737/1609 477/741/1610 478/742/1611 476/738/1612
f 363/744/1613 477/743/1614 475/739/1615 359/740/1616
f 477/743/1617 363/744/1618 226/604/1619 395/603/1620
f 477/741/1621 395/609/1622 397/608/1623 478/742/1624
f 480/748/1625 397/745/1626 396/746/1627 479/747/1628
f 479/747/1629 396/746/1630 428/749/1631 481/750/1632
f 481/750/1633 428/749/1634 430/751/1635 482/752/1636
f 482/752/1637 430/751/1638 432/753/1639 483/754/1640
f 483/754/1641 432/753/1642 434/755/1643 484/756/1644
f 484/756/1645 434/755/1646 436/757/1647 485/758/1648
f 485/758/1649 436/757/1650 438/759/1651 486/760/1652
f 486/764/1653 438/761/1654 440/762/1655 487/763/1656
f 487/763/1657 440/762/1658 442/765/1659 488/766/1660
f 488/766/1661 442/765/1662 444/767/1663 489/768/1664
f 489/768/1665 444/767/1666 446/769/1667 490/770/1668
f 490/770/1669 446/769/1670 448/771/1671 491/772/1672
f 491/772/1673 448/771/1674 450/773/1675 492/774/1676
f 452/775/1677 493/776/1678 492/774/1679 450/773/1680
f 454/777/1681 494/778/1682 493/776/1683 452/775/1684
f 456/779/1685 495/780/1686 494/778/1687 454/777/1688
f 458/781/1689 496/782/1690 495/780/1691 456/779/1692
f 460/783/1693 497/784/1694 496/782/1695 458/781/1696
f 462/785/1697 498/786/1698 497/784/1699 460/783/1700
f 464/787/1701 499/788/1702 498/786/1703 462/785/1704
f 466/789/1705 500/790/1706 499/788/1707 464/787/1708
f 468/791/1709 501/792/1710 500/790/1711 466/789/1712
f 470/793/1713 502/794/1714 501/792/1715 468/791/1716
f 472/795/1717 503/796/1718 502/794/1719 470/793/1720
f 474/797/1721 504/798/1722 503/796/1723 472/795/1724
f 476/799/1725 505/800/1726 504/798/1727 474/797/1728
f 478/801/1729 506/802/1730 505/800/1731 476/799/1732
f 506/802/1733 478/801/1734 397/745/1735 480/748/1736
f 510/806/1737 507/803/1738 508/804/1739 509/805/1740
f 509/805/1741 508/804/1742 511/807/1743 512/808/1744
f 512/808/1745 511/807/1746 513/809/1747 514/810/1748
f 514/810/1749 513/809/1750 515/811/1751 516/812/1752
f 516/812/1753 515/811/1754 517/813/1755 518/814/1756
f 518/814/1757 517/813/1758 519/815/1759 520/816/1760
f 520/816/1761 519/815/1762 521/817/1763 522/818/1764
f 522/822/1765 521/819/1766 523/820/1767 524/821/1768
f 524/821/1769 523/820/1770 525/823/1771 526/824/1772
f 526/824/1773 525/823/1774 527/825/1775 528/826/1776
f 528/826/1777 527/825/1778 529/827/1779 530/828/1780
f 530/828/1781 529/827/1782 531/829/1783 532/830/1784
f 532/830/1785 531/829/1786 533/831/1787 534/832/1788
f 535/833/1789 536/834/1790 534/832/1791 533/831/1792
f 537/835/1793 538/836/1794 536/834/1795 535/833/1796
f 539/837/1797 540/838/1798 538/836/1799 537/835/1800
f 541/839/1801 542/840/1802 540/838/1803 539/837/1804
f 543/841/1805 544/842/1806 542/840/1807 541/839/1808
f 545/843/1809 546/844/1810 544/842/1811 543/841/1812
f 547/845/1813 548/846/1814 546/844/1815 545/843/1816
f 549/847/1817 550/848/1818 548/846/1819 547/845/1820
f 551/849/1821 552/850/1822 550/848/1823 549/847/1824
f 553/851/1825 554/852/1826 552/850/1827 551/849/1828
f 555/853/1829 556/854/1830 554/852/1831 553/851/1832
f 557/855/1833 558/856/1834 556/854/1835 555/853/1836
f 559/857/1837 560/858/1838 558/856/1839 557/855/1840
f 561/859/1841 562/860/1842 560/858/1843 559/857/1844
f 562/860/1845 561/859/1846 507/803/1847 510/806/1848
f 508/863/1849 507/864/1850 480/861/1851 479/862/1852
f 510/867/1853 509/868/1854 563/865/1855 564/866/1856
f 511/870/1857 508/863/1858 479/862/1859 481/869/1860
f 509/868/1861 512/872/1862 565/871/1863 563/865/1864
f 513/874/1865 511/870/1866 481/869/1867 482/873/1868
f 512/872/1869 514/876/1870 566/875/1871 565/871/1872
f 515/878/1873 513/874/1874 482/873/1875 483/877/1876
f 514/876/1877 516/880/1878 567/879/1879 566/875/1880
f 517/882/1881 515/878/1882 483/877/1883 484/881/1884
f 516/880/1885 518/884/1886 568/883/1887 567/879/1888
f 517/882/1889 484/881/1890 485/885/1891 519/886/1892
f 568/883/1893 518/884/1894 520/888/1895 569/887/1896
f 519/886/1897 485/885/1898 486/889/1899 521/890/1900
f 569/887/1901 520/888/1902 522/892/1903 570/891/1904
f 486/889/1905 487/893/1906 523/894/1907 521/890/1908
f 571/895/1909 570/891/1910 522/892/1911 524/896/1912
f 487/893/1913 488/897/1914 525/898/1915 523/894/1916
f 572/899/1917 571/895/1918 524/896/1919 526/900/1920
f 488/897/1921 489/901/1922 527/902/1923 525/898/1924
f 573/903/1925 572/899/1926 526/900/1927 528/904/1928
f 489/901/1929 490/905/1930 529/906/1931 527/902/1932
f 574/907/1933 573/903/1934 528/904/1935 530/908/1936
f 490/905/1937 491/909/1938 531/910/1939 529/906/1940
f 575/911/1941 574/907/1942 530/908/1943 532/912/1944
f 491/909/1945 492/913/1946 533/914/1947 531/910/1948
f 576/915/1949 575/911/1950 532/912/1951 534/916/1952
f 492/913/1953 493/917/1954 535/918/1955 533/914/1956
f 577/919/1957 576/915/1958 534/916/1959 536/920/1960
f 493/917/1961 494/921/1962 537/922/1963 535/918/1964
f 578/923/1965 577/919/1966 536/920/1967 538/924/1968
f 494/921/1969 495/925/1970 539/926/1971 537/922/1972
f 579/927/1973 578/923/1974 538/924/1975 540/928/1976
f 495/925/1977 496/929/1978 541/930/1979 539/926/1980
f 580/931/1981 579/927/1982 540/928/1983 542/932/1984
f 496/929/1985 497/933/1986 543/934/1987 541/930/1988
f 581/935/1989 580/931/1990 542/932/1991 544/936/1992
f 497/933/1993 498/937/1994 545/938/1995 543/934/1996
f 582/939/1997 581/935/1998 544/936/1999 546/940/2000
f 499/941/2001 547/942/2002 545/938/2003 498/937/2004
f 548/944/2005 583/943/2006 582/939/2007 546/940/2008
f 500/945/2009 549/946/2010 547/942/2011 499/941/2012
f 550/948/2013 584/947/2014 583/943/2015 548/944/2016
f 551/950/2017 549/946/2018 500/945/2019 501/949/2020
f 550/948/2021 552/952/2022 585/951/2023 584/947/2024
f 553/954/2025 551/950/2026 501/949/2027 502/953/2028
f 552/952/2029 554/956/2030 586/955/2031 585/951/2032
f 555/958/2033 553/954/2034 502/953/2035 503/957/2036
f 554/956/2037 556/960/2038 587/959/2039 586/955/2040
f 557/962/2041 555/958/2042 503/957/2043 504/961/2044
f 556/960/2045 558/964/2046 588/963/2047 587/959/2048
f 559/966/2049 557/962/2050 504/961/2051 505/965/2052
f 558/964/2053 560/968/2054 589/967/2055 588/963/2056
f 561/970/2057 559/966/2058 505/965/2059 506/969/2060
f 560/968/2061 562/972/2062 590/971/2063 589/967/2064
f 507/864/2065 561/970/2066 506/969/2067 480/861/2068
f 562/972/2069 510/867/2070 564/866/2071 590/971/2072
f 592/976/2073 564/973/2074 563/974/2075 591/975/2076
f 591/975/2077 563/974/2078 565/977/2079 593/978/2080
f 593/978/2081 565/977/2082 566/979/2083 594/980/2084
f 594/980/2085 566/979/2086 567/981/2087 595/982/2088
f 595/982/2089 567/981/2090 568/983/2091 596/984/2092
f 596/984/2093 568/983/2094 569/985/2095 597/986/2096
f 597/986/2097 569/985/2098 570/987/2099 598/988/2100
f 598/992/2101 570/989/2102 571/990/2103 599/991/2104
f 599/991/2105 571/990/2106 572/993/2107 600/994/2108
f 600/994/2109 572/993/2110 573/995/2111 601/996/2112
f 601/996/2113 573/995/2114 574/997/2115 602/998/2116
f 602/998/2117 574/997/2118 575/999/2119 603/1000/2120
f 603/1000/2121 575/999/2122 576/1001/2123 604/1002/2124
f 577/1003/2125 605/1004/2126 604/1002/2127 576/1001/2128
f 578/1005/2129 606/1006/2130 605/1004/2131 577/1003/2132
f 579/1007/2133 607/1008/2134 606/1006/2135 578/1005/2136
f 580/1009/2137 608/1010/2138 607/1008/2139 579/1007/2140
f 581/1011/2141 609/1012/2142 608/1010/2143 580/1009/2144
f 582/1013/2145 610/1014/2146 609/1012/2147 581/1011/2148
f 583/1015/2149 611/1016/2150 610/1014/2151 582/1013/2152
f 584/1017/2153 612/1018/2154 611/1016/2155 583/1015/2156
f 585/1019/2157 613/1020/2158 612/1018/2159 584/1017/2160
f 586/1021/2161 614/1022/2162 613/1020/2163 585/1019/2164
f 587/1023/2165 615/1024/2166 614/1022/2167 586/1021/2168
f 588/1025/2169 616/1026/2170 615/1024/2171 587/1023/2172
f 589/1027/2173 617/1028/2174 616/1026/2175 588/1025/2176
f 590/1029/2177 618/1030/2178 617/1028/2179 589/1027/2180
f 618/1030/2181 590/1029/2182 564/973/2183 592/976/2184
f 619/1033/2185 620/1034/2186 592/1031/2187 591/1032/2188
f 621/1036/2189 619/1033/2190 591/1032/2191 593/1035/2192
f 622/1038/2193 621/1036/2194 593/1035/2195 594/1037/2196
f 623/1040/2197 622/1038/2198 594/1037/2199 595/1039/2200
f 624/1042/2201 623/1040/2202 595/1039/2203 596/1041/2204
f 624/1042/2205 596/1041/2206 597/1043/2207 625/1044/2208
f 625/1044/2209 597/1043/2210 598/1045/2211 626/1046/2212
f 598/1045/2213 599/1047/2214 627/1048/2215 626/1046/2216
f 599/1047/2217 600/1049/2218 628/1050/2219 627/1048/2220
f 600/1049/2221 601/1051/2222 629/1052/2223 628/1050/2224
f 601/1051/2225 602/1053/2226 630/1054/2227 629/1052/2228
f 602/1053/2229 603/1055/2230 631/1056/2231 630/1054/2232
f 603/1055/2233 604/1057/2234 632/1058/2235 631/1056/2236
f 604/1057/2237 605/1059/2238 633/1060/2239 632/1058/2240
f 605/1059/2241 606/1061/2242 634/1062/2243 633/1060/2244
f 606/1061/2245 607/1063/2246 635/1064/2247 634/1062/2248
f 607/1063/2249 608/1065/2250 636/1066/2251 635/1064/2252
f 608/1065/2253 609/1067/2254 637/1068/2255 636/1066/2256
f 609/1067/2257 610/1069/2258 638/1070/2259 637/1068/2260
f 611/1071/2261 639/1072/2262 638/1070/2263 610/1069/2264
f 612/1073/2265 640/1074/2266 639/1072/2267 611/1071/2268
f 641/1076/2269 640/1074/2270 612/1073/2271 613/1075/2272
f 642/1078/2273 641/1076/2274 613/1075/2275 614/1077/2276
f 643/1080/2277 642/1078/2278 614/1077/2279 615/1079/2280
f 644/1082/2281 643/1080/2282 615/1079/2283 616/1081/2284
f 645/1084/2285 644/1082/2286 616/1081/2287 617/1083/2288
f 646/1086/2289 645/1084/2290 617/1083/2291 618/1085/2292
f 620/1034/2293 646/1086/2294 618/1085/2295 592/1031/2296
f 398/1090/2297 647/1087/2298 648/1088/2299 399/1089/2300
f 399/1089/2301 648/1088/2302 649/1091/2303 401/1092/2304
f 401/1092/2305 649/1091/2306 650/1093/2307 402/1094/2308
f 402/1094/2309 650/1093/2310 651/1095/2311 403/1096/2312
f 403/1096/2313 651/1095/2314 652/1097/2315 404/1098/2316
f 404/1098/2317 652/1097/2318 653/1099/2319 405/1100/2320
f 405/1104/2321 653/1101/2322 654/1102/2323 406/1103/2324
f 406/1103/2325 654/1102/2326 655/1105/2327 407/1106/2328
f 407/1106/2329 655/1105/2330 656/1107/2331 408/1108/2332
f 408/1108/2333 656/1107/2334 657/1109/2335 409/1110/2336
f 409/1110/2337 657/1109/2338 658/1111/2339 410/1112/2340
f 410/1112/2341 658/1111/2342 659/1113/2343 411/1114/2344
f 411/1114/2345 659/1113/2346 660/1115/2347 412/1116/2348
f 661/1117/2349 413/1118/2350 412/1116/2351 660/1115/2352
f 662/1119/2353 414/1120/2354 413/1118/2355 661/1117/2356
f 663/1121/2357 415/1122/2358 414/1120/2359 662/1119/2360
f 664/1123/2361 416/1124/2362 415/1122/2363 663/1121/2364
f 665/1125/2365 417/1126/2366 416/1124/2367 664/1123/2368
f 666/1127/2369 418/1128/2370 417/1126/2371 665/1125/2372
f 667/1129/2373 419/1130/2374 418/1128/2375 666/1127/2376
f 668/1131/2377 420/1132/2378 419/1130/2379 667/1129/2380
f 669/1133/2381 421/1134/2382 420/1132/2383 668/1131/2384
f 670/1135/2385 422/1136/2386 421/1134/2387 669/1133/2388
f 671/1137/2389 423/1138/2390 422/1136/2391 670/1135/2392
f 672/1139/2393 424/1140/2394 423/1138/2395 671/1137/2396
f 673/1141/2397 425/1142/2398 424/1140/2399 672/1139/2400
f 674/1143/2401 426/1144/2402 425/1142/2403 673/1141/2404
f 426/1144/2405 674/1143/2406 647/1087/2407 398/1090/2408
f 676/1147/2409 620/1148/2410 619/1145/2411 675/1146/2412
f 676/1147/2413 675/1146/2414 677/1149/2415 678/1150/2416
f 678/1150/2417 677/1149/2418 648/1151/2419 647/1152/2420
f 675/1146/2421 619/1145/2422 621/1153/2423 679/1154/2424
f 677/1149/2425 680/1155/2426 649/1156/2427 648/1151/2428
f 675/1146/2429 679/1154/2430 680/1155/2431 677/1149/2432
f 679/1154/2433 621/1153/2434 622/1157/2435 681/1158/2436
f 680/1155/2437 682/1159/2438 650/1160/2439 649/1156/2440
f 680/1155/2441 679/1154/2442 681/1158/2443 682/1159/2444
f 681/1158/2445 622/1157/2446 623/1161/2447 683/1162/2448
f 682/1159/2449 684/1163/2450 651/1164/2451 650/1160/2452
f 682/1159/2453 681/1158/2454 683/1162/2455 684/1163/2456
f 683/1162/2457 623/1161/2458 624/1165/2459 685/1166/2460
f 651/1164/2461 684/1163/2462 686/1167/2463 652/1168/2464
f 684/1163/2465 683/1162/2466 685/1166/2467 686/1167/2468
f 685/1166/2469 624/1165/2470 625/1169/2471 687/1170/2472
f 652/1168/2473 686/1167/2474 688/1171/2475 653/1172/2476
f 686/1167/2477 685/1166/2478 687/1170/2479 688/1171/2480
f 687/1170/2481 625/1169/2482 626/1173/2483 689/1174/2484
f 653/1172/2485 688/1171/2486 690/1175/2487 654/1176/2488
f 688/1171/2489 687/1170/2490 689/1174/2491 690/1175/2492
f 689/1174/2493 626/1173/2494 627/1177/2495 691/1178/2496
f 654/1176/2497 690/1175/2498 692/1179/2499 655/1180/2500
f 690/1175/2501 689/1174/2502 691/1178/2503 692/1179/2504
f 691/1178/2505 627/1177/2506 628/1181/2507 693/1182/2508
f 656/1184/2509 655/1180/2510 692/1179/2511 694/1183/2512
f 692/1179/2513 691/1178/2514 693/1182/2515 694/1183/2516
f 693/1182/2517 628/1181/2518 629/1185/2519 695/1186/2520
f 657/1188/2521 656/1184/2522 694/1183/2523 696/1187/2524
f 694/1183/2525 693/1182/2526 695/1186/2527 696/1187/2528
f 695/1186/2529 629/1185/2530 630/1189/2531 697/1190/2532
f 658/1192/2533 657/1188/2534 696/1187/2535 698/1191/2536
f 698/1191/2537 696/1187/2538 695/1186/2539 697/1190/2540
f 697/1190/2541 630/1189/2542 631/1193/2543 699/1194/2544
f 659/1196/2545 658/1192/2546 698/1191/2547 700/1195/2548
f 700/1195/2549 698/1191/2550 697/1190/2551 699/1194/2552
f 701/1198/2553 699/1194/2554 631/1193/2555 632/1197/2556
f 660/1200/2557 659/1196/2558 700/1195/2559 702/1199/2560
f 702/1199/2561 700/1195/2562 699/1194/2563 701/1198/2564
f 703/1202/2565 701/1198/2566 632/1197/2567 633/1201/2568
f 661/1204/2569 660/1200/2570 702/1199/2571 704/1203/2572
f 704/1203/2573 702/1199/2574 701/1198/2575 703/1202/2576
f 634/1205/2577 705/1206/2578 703/1202/2579 633/1201/2580
f 662/1208/2581 661/1204/2582 704/1203/2583 706/1207/2584
f 706/1207/2585 704/1203/2586 703/1202/2587 705/1206/2588
f 635/1209/2589 707/1210/2590 705/1206/2591 634/1205/2592
f 663/1212/2593 662/1208/2594 706/1207/2595 708/1211/2596
f 708/1211/2597 706/1207/2598 705/1206/2599 707/1210/2600
f 636/1213/2601 709/1214/2602 707/1210/2603 635/1209/2604
f 664/1216/2605 663/1212/2606 708/1211/2607 710/1215/2608
f 709/1214/2609 710/1215/2610 708/1211/2611 707/1210/2612
f 637/1217/2613 711/1218/2614 709/1214/2615 636/1213/2616
f 665/1220/2617 664/1216/2618 710/1215/2619 712/1219/2620
f 711/1218/2621 712/1219/2622 710/1215/2623 709/1214/2624
f 638/1221/2625 713/1222/2626 711/1218/2627 637/1217/2628
f 714/1223/2629 666/1224/2630 665/1220/2631 712/1219/2632
f 713/1222/2633 714/1223/2634 712/1219/2635 711/1218/2636
f 639/1225/2637 715/1226/2638 713/1222/2639 638/1221/2640
f 716/1227/2641 667/1228/2642 666/1224/2643 714/1223/2644
f 715/1226/2645 716/1227/2646 714/1223/2647 713/1222/2648
f 640/1229/2649 717/1230/2650 715/1226/2651 639/1225/2652
f 718/1231/2653 668/1232/2654 667/1228/2655 716/1227/2656
f 717/1230/2657 718/1231/2658 716/1227/2659 715/1226/2660
f 641/1233/2661 719/1234/2662 717/1230/2663 640/1229/2664
f 720/1235/2665 669/1236/2666 668/1232/2667 718/1231/2668
f 719/1234/2669 720/1235/2670 718/1231/2671 717/1230/2672
f 642/1237/2673 721/1238/2674 719/1234/2675 641/1233/2676
f 720/1235/2677 722/1239/2678 670/1240/2679 669/1236/2680
f 721/1238/2681 722/1239/2682 720/1235/2683 719/1234/2684
f 643/1241/2685 723/1242/2686 721/1238/2687 642/1237/2688
f 722/1239/2689 724/1243/2690 671/1244/2691 670/1240/2692
f 723/1242/2693 724/1243/2694 722/1239/2695 721/1238/2696
f 644/1245/2697 725/1246/2698 723/1242/2699 643/1241/2700
f 724/1243/2701 726/1247/2702 672/1248/2703 671/1244/2704
f 723/1242/2705 725/1246/2706 726/1247/2707 724/1243/2708
f 645/1249/2709 727/1250/2710 725/1246/2711 644/1245/2712
f 726/1247/2713 728/1251/2714 673/1252/2715 672/1248/2716
f 725/1246/2717 727/1250/2718 728/1251/2719 726/1247/2720
f 645/1249/2721 646/1253/2722 729/1254/2723 727/1250/2724
f 728/1251/2725 730/1255/2726 674/1256/2727 673/1252/2728
f 727/1250/2729 729/1254/2730 730/1255/2731 728/1251/2732
f 646/1253/2733 620/1148/2734 676/1147/2735 729/1254/2736
f 729/1254/2737 676/1147/2738 678/1150/2739 730/1255/2740
f 730/1255/2741 678/1150/2742 647/1152/2743 674/1256/2744
f 731/1257/2745 732/1258/2746 733/1259/2747 734/1260/2748
f 735/1261/2749 736/1262/2750 732/1258/2751 731/1257/2752
f 734/1260/2753 733/1259/2754 737/1263/2755 738/1264/2756
f 738/1264/2757 737/1263/2758 739/1265/2759 740/1266/2760
f 740/1266/2761 739/1265/2762 741/1267/2763 742/1268/2764
f 742/1268/2765 741/1267/2766 743/1269/2767 744/1270/2768
f 744/1270/2769 743/1269/2770 745/1271/2771 746/1272/2772
f 746/1272/2773 745/1271/2774 747/1273/2775 748/1274/2776
f 748/1274/2777 747/1273/2778 749/1275/2779 750/1276/2780
f 750/1276/2781 749/1275/2782 751/1277/2783 752/1278/2784
f 752/1278/2785 751/1277/2786 753/1279/2787 754/1280/2788
f 754/1280/2789 753/1279/2790 755/1281/2791 756/1282/2792
f 756/1282/2793 755/1281/2794 757/1283/2795 758/1284/2796
f 758/1284/2797 757/1283/2798 759/1285/2799 760/1286/2800
f 761/1287/2801 762/1288/2802 760/1286/2803 759/1285/2804
f 763/1289/2805 764/1290/2806 762/1288/2807 761/1287/2808
f 765/1291/2809 766/1292/2810 764/1290/2811 763/1289/2812
f 767/1293/2813 768/1294/2814 766/1292/2815 765/1291/2816
f 769/1295/2817 770/1296/2818 768/1294/2819 767/1293/2820
f 771/1297/2821 772/1298/2822 770/1296/2823 769/1295/2824
f 773/1299/2825 774/1300/2826 772/1298/2827 771/1297/2828
f 775/1301/2829 776/1302/2830 774/1300/2831 773/1299/2832
f 777/1303/2833 778/1304/2834 776/1302/2835 775/1301/2836
f 779/1305/2837 780/1306/2838 778/1304/2839 777/1303/2840
f 781/1307/2841 782/1308/2842 780/1306/2843 779/1305/2844
f 783/1309/2845 784/1310/2846 782/1308/2847 781/1307/2848
f 785/1311/2849 786/1312/2850 784/1310/2851 783/1309/2852
f 736/1262/2853 735/1261/2854 786/1312/2855 785/1311/2856
f 733/1259/2857 732/1258/2858 787/1313/2859
f 737/1263/2860 733/1259/2861 787/1313/2862
f 739/1265/2863 737/1263/2864 787/1313/2865
f 741/1267/2866 739/1265/2867 787/1313/2868
f 743/1269/2869 741/1267/2870 787/1313/2871
f 745/1271/2872 743/1269/2873 787/1313/2874
f 747/1273/2875 745/1271/2876 787/1313/2877
f 749/1275/2878 747/1273/2879 787/1313/2880
f 751/1277/2881 749/1275/2882 787/1313/2883
f 753/1279/2884 751/1277/2885 787/1313/2886
f 755/1281/2887 753/1279/2888 787/1313/2889
f 757/1283/2890 755/1281/2891 787/1313/2892
f 759/1285/2893 757/1283/2894 787/1313/2895
f 761/1287/2896 759/1285/2897 787/1313/2898
f 763/1289/2899 761/1287/2900 787/1313/2901
f 765/1291/2902 763/1289/2903 787/1313/2904
f 767/1293/2905 765/1291/2906 787/1313/2907
f 769/1295/2908 767/1293/2909 787/1313/2910
f 771/1297/2911 769/1295/2912 787/1313/2913
f 773/1299/2914 771/1297/2915 787/1313/2916
f 775/1301/2917 773/1299/2918 787/1313/2919
f 777/1303/2920 775/1301/2921 787/1313/2922
f 779/1305/2923 777/1303/2924 787/1313/2925
f 781/1307/2926 779/1305/2927 787/1313/2928
f 783/1309/2929 781/1307/2930 787/1313/2931
f 785/1311/2932 783/1309/2933 787/1313/2934
f 736/1262/2935 785/1311/2936 787/1313/2937
f 732/1258/2938 736/1262/2939 787/1313/2940
f 790/1316/2941 791/1317/2942 788/1314/2943 789/1315/2944
f 789/1318/2945 788/1314/2946 792/1319/2947 793/1320/2948
f 793/1321/2949 792/1319/2950 794/1322/2951 795/1323/2952
f 795/1324/2953 794/1322/2954 796/1325/2955 797/1326/2956
f 797/1327/2957 796/1325/2958 798/1328/2959 799/1329/2960
f 799/1330/2961 798/1328/2962 800/1331/2963 801/1332/2964
f 801/1333/2965 800/1331/2966 802/1334/2967 803/1335/2968
f 803/1336/2969 802/1334/2970 804/1337/2971 805/1338/2972
f 805/1339/2973 804/1337/2974 806/1340/2975 807/1341/2976
f 807/1342/2977 806/1340/2978 808/1343/2979 809/1344/2980
f 809/1345/2981 808/1343/2982 810/1346/2983 811/1347/2984
f 811/1348/2985 810/1346/2986 812/1349/2987 813/1350/2988
f 813/1351/2989 812/1349/2990 814/1352/2991 815/1353/2992
f 815/1354/2993 814/1352/2994 816/1355/2995 817/1356/2996
f 818/1358/2997 819/1359/2998 817/1357/2999 816/1355/3000
f 820/1361/3001 821/1362/3002 819/1360/3003 818/1358/3004
f 822/1364/3005 823/1365/3006 821/1363/3007 820/1361/3008
f 824/1367/3009 825/1368/3010 823/1366/3011 822/1364/3012
f 826/1370/3013 827/1371/3014 825/1369/3015 824/1367/3016
f 828/1373/3017 829/1374/3018 827/1372/3019 826/1370/3020
f 830/1376/3021 831/1377/3022 829/1375/3023 828/1373/3024
f 832/1379/3025 833/1380/3026 831/1378/3027 830/1376/3028
f 834/1382/3029 835/1383/3030 833/1381/3031 832/1379/3032
f 836/1385/3033 837/1386/3034 835/1384/3035 834/1382/3036
f 838/1388/3037 839/1389/3038 837/1387/3039 836/1385/3040
f 840/1391/3041 841/1392/3042 839/1390/3043 838/1388/3044
f 842/1394/3045 843/1395/3046 841/1393/3047 840/1391/3048
f 791/1317/3049 790/1397/3050 843/1396/3051 842/1394/3052
f 788/1314/3053 33/1398/3054 32/1399/3055 792/1319/3056
f 792/1319/3057 32/1399/3058 35/1400/3059 794/1322/3060
f 794/1322/3061 35/1400/3062 37/1401/3063 796/1325/3064
f 796/1325/3065 37/1401/3066 39/1402/3067 798/1328/3068
f 798/1328/3069 39/1402/3070 41/1403/3071 800/1331/3072
f 800/1331/3073 41/1403/3074 43/1404/3075 802/1334/3076
f 802/1334/3077 43/1404/3078 45/1405/3079 804/1337/3080
f 804/1337/3081 45/1405/3082 47/1406/3083 806/1340/3084
f 806/1340/3085 47/1406/3086 49/1407/3087 808/1343/3088
f 808/1343/3089 49/1407/3090 51/1408/3091 810/1346/3092
f 810/1346/3093 51/1408/3094 53/1409/3095 812/1349/3096
f 812/1349/3097 53/1409/3098 55/1410/3099 814/1352/3100
f 814/1352/3101 55/1410/3102 57/1411/3103 816/1355/3104
f 59/1412/3105 818/1358/3106 816/1355/3107 57/1411/3108
f 61/1413/3109 820/1361/3110 818/1358/3111 59/1412/3112
f 63/1414/3113 822/1364/3114 820/1361/3115 61/1413/3116
f 65/1415/3117 824/1367/3118 822/1364/3119 63/1414/3120
f 67/1416/3121 826/1370/3122 824/1367/3123 65/1415/3124
f 69/1417/3125 828/1373/3126 826/1370/3127 67/1416/3128
f 71/1418/3129 830/1376/3130 828/1373/3131 69/1417/3132
f 73/1419/3133 832/1379/3134 830/1376/3135 71/1418/3136
f 75/1420/3137 834/1382/3138 832/1379/3139 73/1419/3140
f 77/1421/3141 836/1385/3142 834/1382/3143 75/1420/3144
f 79/1422/3145 838/1388/3146 836/1385/3147 77/1421/3148
f 81/1423/3149 840/1391/3150 838/1388/3151 79/1422/3152
f 83/1424/3153 842/1394/3154 840/1391/3155 81/1423/3156
f 85/1425/3157 791/1317/3158 842/1394/3159 83/1424/3160
f 791/1317/3161 85/1425/3162 33/1398/3163 788/1314/3164
f 844/1426/3165 845/1427/3166 846/1428/3167 847/1429/3168
f 848/1431/3169 849/1432/3170 845/1430/3171 844/1426/3172
f 847/1429/3173 846/1433/3174 850/1434/3175 851/1435/3176
f 851/1435/3177 850/1436/3178 852/1437/3179 853/1438/3180
f 853/1438/3181 852/1439/3182 854/1440/3183 855/1441/3184
f 855/1441/3185 854/1442/3186 856/1443/3187 857/1444/3188
f 857/1444/3189 856/1445/3190 858/1446/3191 859/1447/3192
f 859/1447/3193 858/1448/3194 860/1449/3195 861/1450/3196
f 861/1450/3197 860/1451/3198 862/1452/3199 863/1453/3200
f 863/1453/3201 862/1454/3202 864/1455/3203 865/1456/3204
f 865/1456/3205 864/1457/3206 866/1458/3207 867/1459/3208
f 867/1459/3209 866/1460/3210 868/1461/3211 869/1462/3212
f 869/1462/3213 868/1463/3214 870/1464/3215 871/1465/3216
f 871/1465/3217 870/1466/3218 872/1467/3219 873/1468/3220
f 874/1470/3221 875/1471/3222 873/1468/3223 872/1469/3224
f 876/1473/3225 877/1474/3226 875/1471/3227 874/1472/3228
f 878/1476/3229 879/1477/3230 877/1474/3231 876/1475/3232
f 880/1479/3233 881/1480/3234 879/1477/3235 878/1478/3236
f 882/1482/3237 883/1483/3238 881/1480/3239 880/1481/3240
f 884/1485/3241 885/1486/3242 883/1483/3243 882/1484/3244
f 886/1488/3245 887/1489/3246 885/1486/3247 884/1487/3248
f 888/1491/3249 889/1492/3250 887/1489/3251 886/1490/3252
f 890/1494/3253 891/1495/3254 889/1492/3255 888/1493/3256
f 892/1497/3257 893/1498/3258 891/1495/3259 890/1496/3260
f 894/1500/3261 895/1501/3262 893/1498/3263 892/1499/3264
f 896/1503/3265 897/1504/3266 895/1501/3267 894/1502/3268
f 898/1506/3269 899/1507/3270 897/1504/3271 896/1505/3272
f 849/1509/3273 848/1431/3274 899/1507/3275 898/1508/3276
f 30/1511/3277 844/1426/3278 847/1429/3279 31/1510/3280
f 31/1510/3281 847/1429/3282 851/1435/3283 34/1512/3284
f 34/1512/3285 851/1435/3286 853/1438/3287 36/1513/3288
f 36/1513/3289 853/1438/3290 855/1441/3291 38/1514/3292
f 38/1514/3293 855/1441/3294 857/1444/3295 40/1515/3296
f 40/1515/3297 857/1444/3298 859/1447/3299 42/1516/3300
f 42/1516/3301 859/1447/3302 861/1450/3303 44/1517/3304
f 44/1517/3305 861/1450/3306 863/1453/3307 46/1518/3308
f 46/1518/3309 863/1453/3310 865/1456/3311 48/1519/3312
f 48/1519/3313 865/1456/3314 867/1459/3315 50/1520/3316
f 50/1520/3317 867/1459/3318 869/1462/3319 52/1521/3320
f 52/1521/3321 869/1462/3322 871/1465/3323 54/1522/3324
f 54/1522/3325 871/1465/3326 873/1468/3327 56/1523/3328
f 875/1471/3329 58/1524/3330 56/1523/3331 873/1468/3332
f 877/1474/3333 60/1525/3334 58/1524/3335 875/1471/3336
f 879/1477/3337 62/1526/3338 60/1525/3339 877/1474/3340
f 881/1480/3341 64/1527/3342 62/1526/3343 879/1477/3344
f 883/1483/3345 66/1528/3346 64/1527/3347 881/1480/3348
f 885/1486/3349 68/1529/3350 66/1528/3351 883/1483/3352
f 887/1489/3353 70/1530/3354 68/1529/3355 885/1486/3356
f 889/1492/3357 72/1531/3358 70/1530/3359 887/1489/3360
f 891/1495/3361 74/1532/3362 72/1531/3363 889/1492/3364
f 893/1498/3365 76/1533/3366 74/1532/3367 891/1495/3368
f 895/1501/3369 78/1534/3370 76/1533/3371 893/1498/3372
f 897/1504/3373 80/1535/3374 78/1534/3375 895/1501/3376
f 899/1507/3377 82/1536/3378 80/1535/3379 897/1504/3380
f 848/1431/3381 84/1537/3382 82/1536/3383 899/1507/3384
f 84/1537/3385 848/1431/3386 844/1426/3387 30/1511/3388
f 845/1541/3389 731/1538/3390 734/1539/3391 846/1540/3392
f 846/1540/3393 734/1539/3394 738/1542/3395 850/1543/3396
f 850/1543/3397 738/1542/3398 740/1544/3399 852/1545/3400
f 852/1545/3401 740/1544/3402 742/1546/3403 854/1547/3404
f 854/1547/3405 742/1546/3406 744/1548/3407 856/1549/3408
f 856/1549/3409 744/1548/3410 746/1550/3411 858/1551/3412
f 858/1551/3413 746/1550/3414 748/1552/3415 860/1553/3416
f 860/1553/3417 748/1552/3418 750/1554/3419 862/1555/3420
f 862/1555/3421 750/1554/3422 752/1556/3423 864/1557/3424
f 864/1557/3425 752/1556/3426 754/1558/3427 866/1559/3428
f 866/1559/3429 754/1558/3430 756/1560/3431 868/1561/3432
f 868/1561/3433 756/1560/3434 758/1562/3435 870/1563/3436
f 870/1563/3437 758/1562/3438 760/1564/3439 872/1565/3440
f 762/1566/3441 874/1567/3442 872/1565/3443 760/1564/3444
f 764/1568/3445 876/1569/3446 874/1567/3447 762/1566/3448
f 766/1570/3449 878/1571/3450 876/1569/3451 764/1568/3452
f 768/1572/3453 880/1573/3454 878/1571/3455 766/1570/3456
f 770/1574/3457 882/1575/3458 880/1573/3459 768/1572/3460
f 772/1576/3461 884/1577/3462 882/1575/3463 770/1574/3464
f 774/1578/3465 886/1579/3466 884/1577/3467 772/1576/3468
f 776/1580/3469 888/1581/3470 886/1579/3471 774/1578/3472
f 778/1582/3473 890/1583/3474 888/1581/3475 776/1580/3476
f 780/1584/3477 892/1585/3478 890/1583/3479 778/1582/3480
f 782/1586/3481 894/1587/3482 892/1585/3483 780/1584/3484
f 784/1588/3485 896/1589/3486 894/1587/3487 782/1586/3488
f 786/1590/3489 898/1591/3490 896/1589/3491 784/1588/3492
f 735/1592/3493 849/1593/3494 898/1591/3495 786/1590/3496
f 849/1593/3497 735/1592/3498 731/1594/3499 845/1595/3500
f 900/1596/3501 901/1597/3502 902/1598/3503 903/1599/3504
f 904/1600/3505 905/1601/3506 901/1597/3507 900/1596/3508
f 903/1599/3509 902/1598/3510 906/1602/3511 907/1603/3512
f 908/1604/3513 909/1605/3514 905/1601/3515 904/1600/3516
f 909/1605/3517 908/1604/3518 910/1606/3519 911/1607/3520
f 907/1603/3521 906/1602/3522 912/1608/3523 913/1609/3524
f 913/1609/3525 912/1608/3526 914/1610/3527 204/1611/3528
f 204/1611/3529 914/1610/3530 915/1612/3531 205/1613/3532
f 205/1613/3533 915/1612/3534 916/1614/3535 206/1615/3536
f 206/1615/3537 916/1614/3538 917/1616/3539 207/1617/3540
f 207/1617/3541 917/1616/3542 918/1618/3543 208/1619/3544
f 208/1619/3545 918/1618/3546 919/1620/3547 209/1621/3548
f 209/1621/3549 919/1620/3550 920/1622/3551 210/1623/3552
f 210/1623/3553 920/1622/3554 921/1624/3555 211/1625/3556
f 211/1625/3557 921/1624/3558 922/1626/3559 212/1627/3560
f 923/1628/3561 213/1629/3562 212/1627/3563 922/1626/3564
f 924/1630/3565 214/1631/3566 213/1629/3567 923/1628/3568
f 925/1632/3569 215/1633/3570 214/1631/3571 924/1630/3572
f 926/1634/3573 216/1635/3574 215/1633/3575 925/1632/3576
f 927/1636/3577 217/1637/3578 216/1635/3579 926/1634/3580
f 928/1638/3581 218/1639/3582 217/1637/3583 927/1636/3584
f 929/1640/3585 219/1641/3586 218/1639/3587 928/1638/3588
f 930/1642/3589 220/1643/3590 219/1641/3591 929/1640/3592
f 931/1644/3593 932/1645/3594 220/1643/3595 930/1642/3596
f 933/1646/3597 934/1647/3598 932/1645/3599 931/1644/3600
f 935/1648/3601 936/1649/3602 934/1647/3603 933/1646/3604
f 937/1650/3605 938/1651/3606 936/1649/3607 935/1648/3608
f 911/1607/3609 910/1606/3610 938/1651/3611 937/1650/3612
f 198/1653/3613 908/1604/3614 904/1600/3615 199/1652/3616
f 199/1652/3617 904/1600/3618 900/1596/3619 200/1654/3620
f 200/1654/3621 900/1596/3622 903/1599/3623 201/1655/3624
f 201/1655/3625 903/1599/3626 907/1603/3627 202/1656/3628
f 202/1656/3629 907/1603/3630 913/1609/3631 203/1657/3632
f 203/1657/3633 913/1609/3634 204/1611/3635
f 220/1643/3636 932/1645/3637 221/1658/3638
f 934/1647/3639 222/1659/3640 221/1658/3641 932/1645/3642
f 936/1649/3643 223/1660/3644 222/1659/3645 934/1647/3646
f 938/1651/3647 224/1661/3648 223/1660/3649 936/1649/3650
f 910/1606/3651 225/1662/3652 224/1661/3653 938/1651/3654
f 908/1604/3655 198/1653/3656 225/1662/3657 910/1606/3658
f 905/1666/3659 789/1663/3660 793/1664/3661 901/1665/3662
f 901/1665/3663 793/1664/3664 795/1667/3665 902/1668/3666
f 902/1668/3667 795/1667/3668 797/1669/3669 906/1670/3670
f 906/1670/3671 797/1669/3672 799/1671/3673 912/1672/3674
f 912/1672/3675 799/1671/3676 801/1673/3677 914/1674/3678
f 914/1674/3679 801/1673/3680 803/1675/3681 915/1676/3682
f 915/1676/3683 803/1675/3684 805/1677/3685 916/1678/3686
f 916/1678/3687 805/1677/3688 807/1679/3689 917/1680/3690
f 917/1680/3691 807/1679/3692 809/1681/3693 918/1682/3694
f 918/1682/3695 809/1681/3696 811/1683/3697 919/1684/3698
f 919/1684/3699 811/1683/3700 813/1685/3701 920/1686/3702
f 920/1686/3703 813/1685/3704 815/1687/3705 921/1688/3706
f 921/1688/3707 815/1687/3708 817/1689/3709 922/1690/3710
f 819/1691/3711 923/1692/3712 922/1690/3713 817/1689/3714
f 821/1693/3715 924/1694/3716 923/1692/3717 819/1691/3718
f 823/1695/3719 925/1696/3720 924/1694/3721 821/1693/3722
f 825/1697/3723 926/1698/3724 925/1696/3725 823/1695/3726
f 827/1699/3727 927/1700/3728 926/1698/3729 825/1697/3730
f 829/1701/3731 928/1702/3732 927/1700/3733 827/1699/3734
f 831/1703/3735 929/1704/3736 928/1702/3737 829/1701/3738
f 833/1705/3739 930/1706/3740 929/1704/3741 831/1703/3742
f 835/1707/3743 931/1708/3744 930/1706/3745 833/1705/3746
f 837/1709/3747 933/1710/3748 931/1708/3749 835/1707/3750
f 839/1711/3751 935/1712/3752 933/1710/3753 837/1709/3754
f 841/1713/3755 937/1714/3756 935/1712/3757 839/1711/3758
f 843/1715/3759 911/1716/3760 937/1714/3761 841/1713/3762
f 790/1717/3763 909/1718/3764 911/1716/3765 843/1715/3766
f 909/1718/3767 790/1717/3768 789/1719/3769 905/1720/3770
g default
v -2.733526 0.541593 0.142322
v -2.585751 0.602803 0.142322
v -2.587894 0.613576 0.183316
v -2.739629 0.550726 0.183316
v -2.846628 0.428491 0.142322
v -2.855761 0.434594 0.183316
v -2.907838 0.280717 0.142322
v -2.918611 0.282860 0.183316
v -2.907838 -0.211598 0.142322
v -2.918611 -0.213741 0.183316
v -2.846628 -0.359373 0.142322
v -2.855761 -0.365475 0.183316
v -2.733526 -0.472475 0.142322
v -2.739629 -0.481608 0.183316
v -2.585752 -0.533685 0.142322
v -2.587895 -0.544458 0.183316
v -2.555921 -0.533685 0.142322
v -2.558064 -0.544458 0.183316
v -2.593749 0.643009 0.213325
v -2.756301 0.575678 0.213325
v -2.880713 0.451266 0.213325
v -2.948044 0.288714 0.213325
v -2.948044 -0.219596 0.213325
v -2.880713 -0.382148 0.213325
v -2.756301 -0.506560 0.213325
v -2.593749 -0.573891 0.213325
v -2.563918 -0.573891 0.213325
v -2.601747 0.683215 0.224309
v -2.779076 0.609763 0.224309
v -2.914798 0.474041 0.224309
v -2.988250 0.296712 0.224309
v -2.988250 -0.227593 0.224309
v -2.914798 -0.404923 0.224309
v -2.779076 -0.540645 0.224309
v -2.601747 -0.614097 0.224309
v -2.513793 -0.557865 0.240209
v -2.552191 -0.622000 0.224309
v -2.506331 -0.586791 0.261388
v -2.609744 0.723421 0.213325
v -2.801851 0.643848 0.213325
v -2.948883 0.496816 0.213325
v -3.028456 0.304709 0.213325
v -3.028456 -0.235591 0.213325
v -2.948883 -0.427698 0.213325
v -2.801851 -0.574730 0.213325
v -2.609745 -0.654303 0.213325
v -2.537009 -0.660819 0.213325
v -2.615599 0.752854 0.183316
v -2.818523 0.668800 0.183316
v -2.973835 0.513488 0.183316
v -3.057890 0.310564 0.183316
v -3.057890 -0.241445 0.183316
v -2.973835 -0.444370 0.183316
v -2.818523 -0.599682 0.183316
v -2.615599 -0.683736 0.183316
v -2.527362 -0.689236 0.183316
v -2.617742 0.763627 0.142322
v -2.824626 0.677933 0.142322
v -2.982969 0.519591 0.142322
v -3.068662 0.312707 0.142322
v -3.068662 -0.243588 0.142322
v -2.982969 -0.450473 0.142322
v -2.824626 -0.608815 0.142322
v -2.617742 -0.694509 0.142322
v -2.523832 -0.699637 0.142322
v -2.615599 0.752854 0.101328
v -2.818523 0.668800 0.101328
v -2.973835 0.513488 0.101328
v -3.057890 0.310564 0.101328
v -3.057890 -0.241445 0.101328
v -2.973835 -0.444370 0.101328
v -2.818523 -0.599682 0.101328
v -2.615599 -0.683736 0.101328
v -2.527362 -0.689236 0.101328
v -2.609744 0.723421 0.071318
v -2.801851 0.643848 0.071318
v -2.948883 0.496816 0.071318
v -3.028456 0.304709 0.071318
v -3.028456 -0.235591 0.071318
v -2.948883 -0.427698 0.071318
v -2.801851 -0.574730 0.071318
v -2.609745 -0.654303 0.071318
v -2.537009 -0.660819 0.071318
v -2.601747 0.683215 0.060334
v -2.779076 0.609763 0.060334
v -2.914798 0.474041 0.060334
v -2.988250 0.296712 0.060334
v -2.988250 -0.227593 0.060334
v -2.914798 -0.404923 0.060334
v -2.779076 -0.540645 0.060334
v -2.601747 -0.614097 0.060334
v -2.550185 -0.622000 0.060334
v -2.593749 0.643009 0.071318
v -2.756301 0.575678 0.071318
v -2.880713 0.451266 0.071318
v -2.948044 0.288714 0.071318
v -2.948044 -0.219596 0.071318
v -2.880713 -0.382148 0.071318
v -2.756301 -0.506560 0.071318
v -2.593749 -0.573891 0.071318
v -2.563918 -0.573891 0.071318
v -2.587894 0.613576 0.101328
v -2.739629 0.550726 0.101328
v -2.855761 0.434594 0.101328
v -2.918611 0.282860 0.101328
v -2.918611 -0.213741 0.101328
v -2.855761 -0.365475 0.101328
v -2.739629 -0.481608 0.101328
v -2.587895 -0.544458 0.101328
v -2.558064 -0.544458 0.101328
v -2.540799 0.615979 0.183316
v -2.506575 0.586120 0.201855
v -2.531153 0.644397 0.213325
v -2.544331 0.605578 0.142322
v -2.511622 0.572254 0.142322
v -2.540799 0.615979 0.101328
v -2.506575 0.586120 0.082788
v -2.531153 0.644397 0.071318
v -2.492787 0.624001 0.039207
v -2.517977 0.683215 0.060334
v -2.473953 0.675748 0.023255
v -2.504799 0.722033 0.071318
v -2.455118 0.727494 0.039207
v -2.495153 0.750450 0.101328
v -2.441331 0.765376 0.082788
v -2.491622 0.760851 0.142322
v -2.436284 0.779241 0.142322
v -2.495153 0.750450 0.183316
v -2.441331 0.765376 0.201855
v -2.504799 0.722033 0.213325
v -2.455118 0.727494 0.245436
v -2.517977 0.683215 0.224309
v -2.473953 0.675748 0.261388
v -2.492787 0.624001 0.245436
v -2.485313 -0.672848 0.039207
v -2.506331 -0.586791 0.023255
v -2.471525 -0.710729 0.082788
v -2.466478 -0.724594 0.142322
v -2.471525 -0.710729 0.201855
v -2.485313 -0.672848 0.245436
v -2.527671 -0.519735 0.198837
v -2.532751 -0.505778 0.142322
v -2.527671 -0.519735 0.085806
v -2.513793 -0.557865 0.044434
vt 0.383830 0.372982
vt 0.410152 0.372164
vt 0.411918 0.378546
vt 0.384422 0.379476
vt 0.355792 0.372819
vt 0.356002 0.379332
vt 0.327176 0.372529
vt 0.327258 0.379049
vt 0.247588 0.372920
vt 0.247592 0.379434
vt 0.219179 0.373599
vt 0.219003 0.380093
vt 0.191718 0.373932
vt 0.190974 0.380338
vt 0.166856 0.371848
vt 0.164476 0.378166
vt 0.163464 0.369980
vt 0.160166 0.376049
vt 0.413652 0.385028
vt 0.384992 0.385824
vt 0.356170 0.385729
vt 0.327324 0.385483
vt 0.247561 0.385854
vt 0.218797 0.386470
vt 0.190215 0.386633
vt 0.162148 0.384719
vt 0.157558 0.382905
vt 0.415025 0.391534
vt 0.385437 0.392055
vt 0.356278 0.392014
vt 0.327371 0.391839
vt 0.247508 0.392192
vt 0.218609 0.392738
vt 0.189558 0.392847
vt 0.160239 0.391326
vt 0.149251 0.378479
vt 0.152336 0.390404
vt 0.145614 0.382275
vt 0.415969 0.398022
vt 0.385746 0.398258
vt 0.356346 0.398267
vt 0.327405 0.398195
vt 0.247467 0.398528
vt 0.218476 0.398976
vt 0.189064 0.399053
vt 0.158820 0.397930
vt 0.147866 0.396670
vt 0.416522 0.404530
vt 0.385937 0.404514
vt 0.356401 0.404568
vt 0.327436 0.404625
vt 0.247462 0.404937
vt 0.218418 0.405261
vt 0.188767 0.405321
vt 0.157939 0.404595
vt 0.145233 0.403769
vt 0.416724 0.411079
vt 0.386011 0.410834
vt 0.356450 0.410927
vt 0.327470 0.411123
vt 0.247488 0.411422
vt 0.218429 0.411602
vt 0.188672 0.411649
vt 0.157569 0.411354
vt 0.144330 0.411186
vt 0.416409 0.417602
vt 0.385944 0.417154
vt 0.356472 0.417287
vt 0.327500 0.417617
vt 0.247523 0.417912
vt 0.218482 0.417941
vt 0.188762 0.417977
vt 0.157788 0.418140
vt 0.145014 0.418642
vt 0.415727 0.424027
vt 0.385719 0.423413
vt 0.356441 0.423590
vt 0.327502 0.424034
vt 0.247558 0.424333
vt 0.218558 0.424225
vt 0.189016 0.424245
vt 0.158516 0.424886
vt 0.147451 0.425851
vt 0.414644 0.430392
vt 0.385340 0.429612
vt 0.356349 0.429845
vt 0.327472 0.430378
vt 0.247601 0.430681
vt 0.218661 0.430463
vt 0.189432 0.430461
vt 0.159790 0.431612
vt 0.151493 0.432349
vt 0.413138 0.436773
vt 0.384835 0.435823
vt 0.356214 0.436128
vt 0.327433 0.436722
vt 0.247660 0.437032
vt 0.218817 0.436737
vt 0.190026 0.436704
vt 0.161553 0.438339
vt 0.156881 0.439967
vt 0.411291 0.443188
vt 0.384261 0.442130
vt 0.356070 0.442518
vt 0.327416 0.443146
vt 0.247738 0.443462
vt 0.219039 0.443127
vt 0.190770 0.443057
vt 0.163731 0.444952
vt 0.159338 0.446893
vt 0.409429 0.449616
vt 0.383715 0.448565
vt 0.355953 0.449019
vt 0.327432 0.449662
vt 0.247830 0.449982
vt 0.219296 0.449639
vt 0.191525 0.449550
vt 0.165960 0.451204
vt 0.162489 0.453019
vt 0.419401 0.376539
vt 0.425839 0.372822
vt 0.423688 0.382830
vt 0.415751 0.370693
vt 0.420353 0.365972
vt 0.418650 0.445439
vt 0.424956 0.449340
vt 0.419353 0.456024
vt 0.414898 0.451192
vt 0.423045 0.439305
vt 0.430401 0.443157
vt 0.427454 0.432905
vt 0.435525 0.436786
vt 0.431109 0.426095
vt 0.439678 0.429405
vt 0.433447 0.418831
vt 0.442407 0.420811
vt 0.434374 0.411288
vt 0.443196 0.411459
vt 0.433629 0.403706
vt 0.442663 0.402085
vt 0.431465 0.396355
vt 0.440163 0.393369
vt 0.427965 0.389403
vt 0.436191 0.385809
vt 0.431192 0.379221
vt 0.138505 0.428480
vt 0.144594 0.440349
vt 0.135529 0.420142
vt 0.134559 0.410950
vt 0.135843 0.401839
vt 0.139084 0.393704
vt 0.154781 0.372593
vt 0.160000 0.366130
vt 0.153853 0.450142
vt 0.158906 0.456777
vt 0.148602 0.443906
vn 0.316569 -0.948570 -0.000000
vn 0.264850 -0.813784 0.517311
vn 0.474885 -0.710715 0.519008
vn 0.555569 -0.831471 -0.000000
vn 0.555569 -0.831471 -0.000000
vn 0.474885 -0.710715 0.519008
vn 0.710715 -0.474885 0.519007
vn 0.831470 -0.555570 -0.000000
vn 0.831470 -0.555570 -0.000000
vn 0.710715 -0.474885 0.519007
vn 0.853517 -0.083118 0.514394
vn 0.995396 -0.095845 0.000000
vn 0.995396 0.095845 0.000000
vn 0.995396 -0.095845 0.000000
vn 0.853517 -0.083118 0.514394
vn 0.853517 0.083118 0.514394
vn 0.710716 0.474885 0.519007
vn 0.831470 0.555569 -0.000000
vn 0.995396 0.095845 0.000000
vn 0.853517 0.083118 0.514394
vn 0.474886 0.710715 0.519006
vn 0.555571 0.831469 0.000000
vn 0.831470 0.555569 -0.000000
vn 0.710716 0.474885 0.519007
vn 0.280845 0.810138 0.514589
vn 0.326481 0.945204 -0.000000
vn 0.555571 0.831469 0.000000
vn 0.474886 0.710715 0.519006
vn -0.470094 0.745970 0.471742
vn -0.509800 0.860293 0.000001
vn 0.326481 0.945204 -0.000000
vn 0.280845 0.810138 0.514589
vn 0.264850 -0.813784 0.517311
vn 0.136908 -0.444764 0.885122
vn 0.259385 -0.388199 0.884319
vn 0.474885 -0.710715 0.519008
vn 0.474885 -0.710715 0.519008
vn 0.259385 -0.388199 0.884319
vn 0.388198 -0.259385 0.884320
vn 0.710715 -0.474885 0.519007
vn 0.710715 -0.474885 0.519007
vn 0.388198 -0.259385 0.884320
vn 0.470661 -0.047030 0.881060
vn 0.853517 -0.083118 0.514394
vn 0.853517 0.083118 0.514394
vn 0.853517 -0.083118 0.514394
vn 0.470661 -0.047030 0.881060
vn 0.470661 0.047030 0.881060
vn 0.388198 0.259385 0.884320
vn 0.710716 0.474885 0.519007
vn 0.853517 0.083118 0.514394
vn 0.470661 0.047030 0.881060
vn 0.259385 0.388198 0.884320
vn 0.474886 0.710715 0.519006
vn 0.710716 0.474885 0.519007
vn 0.388198 0.259385 0.884320
vn 0.153098 0.437038 0.886317
vn 0.280845 0.810138 0.514589
vn 0.474886 0.710715 0.519006
vn 0.259385 0.388198 0.884320
vn -0.383687 0.419502 0.822680
vn -0.470094 0.745970 0.471742
vn 0.280845 0.810138 0.514589
vn 0.153098 0.437038 0.886317
vn 0.136908 -0.444764 0.885122
vn -0.011084 0.048837 0.998745
vn -0.024026 0.035957 0.999065
vn 0.259385 -0.388199 0.884319
vn 0.259385 -0.388199 0.884319
vn -0.024026 0.035957 0.999065
vn -0.035957 0.024025 0.999065
vn 0.388198 -0.259385 0.884320
vn 0.388198 -0.259385 0.884320
vn -0.035957 0.024025 0.999065
vn -0.038038 0.004533 0.999266
vn 0.470661 -0.047030 0.881060
vn 0.470661 0.047030 0.881060
vn 0.470661 -0.047030 0.881060
vn -0.038038 0.004533 0.999266
vn -0.038037 -0.004533 0.999266
vn -0.035956 -0.024025 0.999065
vn 0.388198 0.259385 0.884320
vn 0.470661 0.047030 0.881060
vn -0.038037 -0.004533 0.999266
vn -0.024025 -0.035957 0.999065
vn 0.259385 0.388198 0.884320
vn 0.388198 0.259385 0.884320
vn -0.035956 -0.024025 0.999065
vn -0.015272 -0.045421 0.998851
vn 0.153098 0.437038 0.886317
vn 0.259385 0.388198 0.884320
vn -0.024025 -0.035957 0.999065
vn -0.568214 -0.087612 0.818204
vn -0.614351 0.323411 0.719708
vn -0.383687 0.419502 0.822680
vn -0.354624 -0.156247 0.921861
vn -0.011084 0.048837 0.998745
vn -0.135757 0.521496 0.842385
vn -0.295514 0.442268 0.846800
vn -0.024026 0.035957 0.999065
vn -0.024026 0.035957 0.999065
vn -0.295514 0.442268 0.846800
vn -0.442268 0.295514 0.846800
vn -0.035957 0.024025 0.999065
vn -0.035957 0.024025 0.999065
vn -0.442268 0.295514 0.846800
vn -0.526906 0.057581 0.847971
vn -0.038038 0.004533 0.999266
vn -0.038037 -0.004533 0.999266
vn -0.038038 0.004533 0.999266
vn -0.526906 0.057581 0.847971
vn -0.526906 -0.057580 0.847971
vn -0.442267 -0.295514 0.846801
vn -0.035956 -0.024025 0.999065
vn -0.038037 -0.004533 0.999266
vn -0.526906 -0.057580 0.847971
vn -0.295514 -0.442268 0.846800
vn -0.024025 -0.035957 0.999065
vn -0.035956 -0.024025 0.999065
vn -0.442267 -0.295514 0.846801
vn -0.166227 -0.515529 0.840594
vn -0.015272 -0.045421 0.998851
vn -0.024025 -0.035957 0.999065
vn -0.295514 -0.442268 0.846800
vn -0.321679 -0.553683 0.768087
vn -0.354624 -0.156247 0.921861
vn -0.015272 -0.045421 0.998851
vn -0.166227 -0.515529 0.840594
vn -0.135757 0.521496 0.842385
vn -0.216036 0.852197 0.476538
vn -0.486989 0.728832 0.481296
vn -0.295514 0.442268 0.846800
vn -0.295514 0.442268 0.846800
vn -0.486989 0.728832 0.481296
vn -0.728831 0.486991 0.481296
vn -0.442268 0.295514 0.846800
vn -0.442268 0.295514 0.846800
vn -0.728831 0.486991 0.481296
vn -0.870928 0.096774 0.481787
vn -0.526906 0.057581 0.847971
vn -0.526906 -0.057580 0.847971
vn -0.526906 0.057581 0.847971
vn -0.870928 0.096774 0.481787
vn -0.870928 -0.096774 0.481787
vn -0.728833 -0.486990 0.481294
vn -0.442267 -0.295514 0.846801
vn -0.526906 -0.057580 0.847971
vn -0.870928 -0.096774 0.481787
vn -0.486990 -0.728832 0.481295
vn -0.295514 -0.442268 0.846800
vn -0.442267 -0.295514 0.846801
vn -0.728833 -0.486990 0.481294
vn -0.259643 -0.841280 0.474167
vn -0.166227 -0.515529 0.840594
vn -0.295514 -0.442268 0.846800
vn -0.486990 -0.728832 0.481295
vn -0.257564 -0.877573 0.404383
vn -0.321679 -0.553683 0.768087
vn -0.166227 -0.515529 0.840594
vn -0.259643 -0.841280 0.474167
vn -0.216036 0.852197 0.476538
vn -0.243538 0.969891 -0.000000
vn -0.555571 0.831469 -0.000000
vn -0.486989 0.728832 0.481296
vn -0.486989 0.728832 0.481296
vn -0.555571 0.831469 -0.000000
vn -0.831470 0.555570 0.000000
vn -0.728831 0.486991 0.481296
vn -0.728831 0.486991 0.481296
vn -0.831470 0.555570 0.000000
vn -0.993807 0.111123 0.000000
vn -0.870928 0.096774 0.481787
vn -0.870928 -0.096774 0.481787
vn -0.870928 0.096774 0.481787
vn -0.993807 0.111123 0.000000
vn -0.993807 -0.111123 0.000000
vn -0.831469 -0.555571 0.000000
vn -0.728833 -0.486990 0.481294
vn -0.870928 -0.096774 0.481787
vn -0.993807 -0.111123 0.000000
vn -0.555570 -0.831469 0.000000
vn -0.486990 -0.728832 0.481295
vn -0.728833 -0.486990 0.481294
vn -0.831469 -0.555571 0.000000
vn -0.290876 -0.956761 -0.000000
vn -0.259643 -0.841280 0.474167
vn -0.486990 -0.728832 0.481295
vn -0.555570 -0.831469 0.000000
vn -0.235638 -0.971841 0.000000
vn -0.257564 -0.877573 0.404383
vn -0.259643 -0.841280 0.474167
vn -0.290876 -0.956761 -0.000000
vn -0.243538 0.969891 -0.000000
vn -0.216036 0.852197 -0.476538
vn -0.486988 0.728832 -0.481296
vn -0.555571 0.831469 -0.000000
vn -0.555571 0.831469 -0.000000
vn -0.486988 0.728832 -0.481296
vn -0.728831 0.486990 -0.481296
vn -0.831470 0.555570 0.000000
vn -0.831470 0.555570 0.000000
vn -0.728831 0.486990 -0.481296
vn -0.870928 0.096774 -0.481787
vn -0.993807 0.111123 0.000000
vn -0.870928 0.096774 -0.481787
vn -0.870928 -0.096774 -0.481787
vn -0.993807 -0.111123 0.000000
vn -0.993807 0.111123 0.000000
vn -0.728833 -0.486990 -0.481294
vn -0.831469 -0.555571 0.000000
vn -0.993807 -0.111123 0.000000
vn -0.870928 -0.096774 -0.481787
vn -0.486990 -0.728832 -0.481295
vn -0.555570 -0.831469 0.000000
vn -0.831469 -0.555571 0.000000
vn -0.728833 -0.486990 -0.481294
vn -0.259643 -0.841280 -0.474167
vn -0.290876 -0.956761 -0.000000
vn -0.555570 -0.831469 0.000000
vn -0.486990 -0.728832 -0.481295
vn -0.257565 -0.877573 -0.404383
vn -0.235638 -0.971841 0.000000
vn -0.290876 -0.956761 -0.000000
vn -0.259643 -0.841280 -0.474167
vn -0.216036 0.852197 -0.476538
vn -0.135757 0.521496 -0.842385
vn -0.295514 0.442268 -0.846800
vn -0.486988 0.728832 -0.481296
vn -0.486988 0.728832 -0.481296
vn -0.295514 0.442268 -0.846800
vn -0.442268 0.295514 -0.846800
vn -0.728831 0.486990 -0.481296
vn -0.728831 0.486990 -0.481296
vn -0.442268 0.295514 -0.846800
vn -0.526906 0.057581 -0.847971
vn -0.870928 0.096774 -0.481787
vn -0.526906 0.057581 -0.847971
vn -0.526906 -0.057580 -0.847971
vn -0.870928 -0.096774 -0.481787
vn -0.870928 0.096774 -0.481787
vn -0.442267 -0.295513 -0.846801
vn -0.728833 -0.486990 -0.481294
vn -0.870928 -0.096774 -0.481787
vn -0.526906 -0.057580 -0.847971
vn -0.295514 -0.442268 -0.846800
vn -0.486990 -0.728832 -0.481295
vn -0.728833 -0.486990 -0.481294
vn -0.442267 -0.295513 -0.846801
vn -0.165910 -0.515013 -0.840973
vn -0.259643 -0.841280 -0.474167
vn -0.486990 -0.728832 -0.481295
vn -0.295514 -0.442268 -0.846800
vn -0.320648 -0.553087 -0.768947
vn -0.257565 -0.877573 -0.404383
vn -0.259643 -0.841280 -0.474167
vn -0.165910 -0.515013 -0.840973
vn -0.135757 0.521496 -0.842385
vn -0.011084 0.048837 -0.998745
vn -0.024025 0.035956 -0.999065
vn -0.295514 0.442268 -0.846800
vn -0.295514 0.442268 -0.846800
vn -0.024025 0.035956 -0.999065
vn -0.035957 0.024025 -0.999065
vn -0.442268 0.295514 -0.846800
vn -0.442268 0.295514 -0.846800
vn -0.035957 0.024025 -0.999065
vn -0.038038 0.004533 -0.999266
vn -0.526906 0.057581 -0.847971
vn -0.038038 0.004533 -0.999266
vn -0.038037 -0.004533 -0.999266
vn -0.526906 -0.057580 -0.847971
vn -0.526906 0.057581 -0.847971
vn -0.035956 -0.024025 -0.999065
vn -0.442267 -0.295513 -0.846801
vn -0.526906 -0.057580 -0.847971
vn -0.038037 -0.004533 -0.999266
vn -0.024025 -0.035957 -0.999065
vn -0.295514 -0.442268 -0.846800
vn -0.442267 -0.295513 -0.846801
vn -0.035956 -0.024025 -0.999065
vn -0.015226 -0.045454 -0.998850
vn -0.165910 -0.515013 -0.840973
vn -0.295514 -0.442268 -0.846800
vn -0.024025 -0.035957 -0.999065
vn -0.361137 -0.157097 -0.919185
vn -0.320648 -0.553087 -0.768947
vn -0.165910 -0.515013 -0.840973
vn -0.015226 -0.045454 -0.998850
vn -0.011084 0.048837 -0.998745
vn 0.136908 -0.444763 -0.885122
vn 0.259385 -0.388198 -0.884320
vn -0.024025 0.035956 -0.999065
vn -0.024025 0.035956 -0.999065
vn 0.259385 -0.388198 -0.884320
vn 0.388198 -0.259385 -0.884320
vn -0.035957 0.024025 -0.999065
vn -0.035957 0.024025 -0.999065
vn 0.388198 -0.259385 -0.884320
vn 0.470660 -0.047030 -0.881060
vn -0.038038 0.004533 -0.999266
vn 0.470660 -0.047030 -0.881060
vn 0.470660 0.047030 -0.881060
vn -0.038037 -0.004533 -0.999266
vn -0.038038 0.004533 -0.999266
vn 0.388197 0.259385 -0.884320
vn -0.035956 -0.024025 -0.999065
vn -0.038037 -0.004533 -0.999266
vn 0.470660 0.047030 -0.881060
vn 0.259385 0.388198 -0.884320
vn -0.024025 -0.035957 -0.999065
vn -0.035956 -0.024025 -0.999065
vn 0.388197 0.259385 -0.884320
vn 0.152704 0.436612 -0.886595
vn -0.015226 -0.045454 -0.998850
vn -0.024025 -0.035957 -0.999065
vn 0.259385 0.388198 -0.884320
vn -0.379143 0.415362 -0.826877
vn -0.361137 -0.157097 -0.919185
vn -0.015226 -0.045454 -0.998850
vn 0.152704 0.436612 -0.886595
vn 0.136908 -0.444763 -0.885122
vn 0.264850 -0.813784 -0.517311
vn 0.474885 -0.710715 -0.519008
vn 0.259385 -0.388198 -0.884320
vn 0.259385 -0.388198 -0.884320
vn 0.474885 -0.710715 -0.519008
vn 0.710715 -0.474885 -0.519008
vn 0.388198 -0.259385 -0.884320
vn 0.388198 -0.259385 -0.884320
vn 0.710715 -0.474885 -0.519008
vn 0.853516 -0.083118 -0.514394
vn 0.470660 -0.047030 -0.881060
vn 0.853516 -0.083118 -0.514394
vn 0.853517 0.083118 -0.514394
vn 0.470660 0.047030 -0.881060
vn 0.470660 -0.047030 -0.881060
vn 0.710715 0.474885 -0.519007
vn 0.388197 0.259385 -0.884320
vn 0.470660 0.047030 -0.881060
vn 0.853517 0.083118 -0.514394
vn 0.474886 0.710715 -0.519006
vn 0.259385 0.388198 -0.884320
vn 0.388197 0.259385 -0.884320
vn 0.710715 0.474885 -0.519007
vn 0.280845 0.810138 -0.514589
vn 0.152704 0.436612 -0.886595
vn 0.259385 0.388198 -0.884320
vn 0.474886 0.710715 -0.519006
vn -0.470093 0.745971 -0.471741
vn -0.379143 0.415362 -0.826877
vn 0.152704 0.436612 -0.886595
vn 0.280845 0.810138 -0.514589
vn 0.264850 -0.813784 -0.517311
vn 0.316569 -0.948570 -0.000000
vn 0.555569 -0.831471 -0.000000
vn 0.474885 -0.710715 -0.519008
vn 0.474885 -0.710715 -0.519008
vn 0.555569 -0.831471 -0.000000
vn 0.831470 -0.555570 -0.000000
vn 0.710715 -0.474885 -0.519008
vn 0.710715 -0.474885 -0.519008
vn 0.831470 -0.555570 -0.000000
vn 0.995396 -0.095845 0.000000
vn 0.853516 -0.083118 -0.514394
vn 0.995396 -0.095845 0.000000
vn 0.995396 0.095845 0.000000
vn 0.853517 0.083118 -0.514394
vn 0.853516 -0.083118 -0.514394
vn 0.831470 0.555569 -0.000000
vn 0.710715 0.474885 -0.519007
vn 0.853517 0.083118 -0.514394
vn 0.995396 0.095845 0.000000
vn 0.555571 0.831469 0.000000
vn 0.474886 0.710715 -0.519006
vn 0.710715 0.474885 -0.519007
vn 0.831470 0.555569 -0.000000
vn 0.326481 0.945204 -0.000000
vn 0.280845 0.810138 -0.514589
vn 0.474886 0.710715 -0.519006
vn 0.555571 0.831469 0.000000
vn -0.509800 0.860293 0.000001
vn -0.470093 0.745971 -0.471741
vn 0.280845 0.810138 -0.514589
vn 0.326481 0.945204 -0.000000
vn -0.342939 -0.807827 0.479383
vn -0.717209 -0.583925 0.380320
vn -0.312275 -0.341122 0.886634
vn -0.719267 -0.694734 0.000000
vn -0.717209 -0.583925 0.380320
vn -0.342939 -0.807827 0.479383
vn -0.420906 -0.907104 -0.000000
vn -0.717208 -0.583925 -0.380320
vn -0.719267 -0.694734 0.000000
vn -0.420906 -0.907104 -0.000000
vn -0.342938 -0.807828 -0.479383
vn -0.312275 -0.341122 -0.886634
vn -0.675067 -0.121290 -0.727718
vn -0.717208 -0.583925 -0.380320
vn -0.596301 0.235673 -0.767388
vn -0.675067 -0.121290 -0.727718
vn -0.312275 -0.341122 -0.886634
vn -0.300744 0.149712 -0.941881
vn -0.479793 0.592684 -0.646934
vn -0.596301 0.235673 -0.767388
vn -0.300744 0.149712 -0.941881
vn -0.213172 0.597893 -0.772711
vn -0.370014 0.849876 -0.375234
vn -0.479793 0.592684 -0.646934
vn -0.213172 0.597893 -0.772711
vn -0.144607 0.891816 -0.428665
vn -0.322961 0.946412 -0.000000
vn -0.370014 0.849876 -0.375234
vn -0.144607 0.891816 -0.428665
vn -0.119141 0.992877 -0.000000
vn -0.370014 0.849876 0.375234
vn -0.322961 0.946412 -0.000000
vn -0.119141 0.992877 -0.000000
vn -0.144607 0.891816 0.428665
vn -0.479793 0.592684 0.646934
vn -0.370014 0.849876 0.375234
vn -0.144607 0.891816 0.428665
vn -0.213172 0.597893 0.772711
vn -0.596301 0.235674 0.767388
vn -0.479793 0.592684 0.646934
vn -0.213172 0.597893 0.772711
vn -0.300744 0.149712 0.941881
vn -0.675067 -0.121290 0.727718
vn -0.596301 0.235674 0.767388
vn -0.300744 0.149712 0.941881
vn -0.312275 -0.341122 0.886634
vn -0.312275 -0.341122 0.886634
vn -0.300744 0.149712 0.941881
vn -0.011084 0.048837 0.998745
vn 0.136908 -0.444764 0.885122
vn -0.342939 -0.807827 0.479383
vn -0.312275 -0.341122 0.886634
vn 0.136908 -0.444764 0.885122
vn 0.264850 -0.813784 0.517311
vn -0.420906 -0.907104 -0.000000
vn -0.342939 -0.807827 0.479383
vn 0.264850 -0.813784 0.517311
vn 0.316569 -0.948570 -0.000000
vn -0.342938 -0.807828 -0.479383
vn -0.420906 -0.907104 -0.000000
vn 0.316569 -0.948570 -0.000000
vn 0.264850 -0.813784 -0.517311
vn -0.312275 -0.341122 -0.886634
vn -0.342938 -0.807828 -0.479383
vn 0.264850 -0.813784 -0.517311
vn 0.136908 -0.444763 -0.885122
vn -0.300744 0.149712 -0.941881
vn -0.312275 -0.341122 -0.886634
vn 0.136908 -0.444763 -0.885122
vn -0.011084 0.048837 -0.998745
vn -0.213172 0.597893 -0.772711
vn -0.300744 0.149712 -0.941881
vn -0.011084 0.048837 -0.998745
vn -0.135757 0.521496 -0.842385
vn -0.144607 0.891816 -0.428665
vn -0.213172 0.597893 -0.772711
vn -0.135757 0.521496 -0.842385
vn -0.216036 0.852197 -0.476538
vn -0.119141 0.992877 -0.000000
vn -0.144607 0.891816 -0.428665
vn -0.216036 0.852197 -0.476538
vn -0.243538 0.969891 -0.000000
vn -0.144607 0.891816 0.428665
vn -0.119141 0.992877 -0.000000
vn -0.243538 0.969891 -0.000000
vn -0.216036 0.852197 0.476538
vn -0.213172 0.597893 0.772711
vn -0.144607 0.891816 0.428665
vn -0.216036 0.852197 0.476538
vn -0.135757 0.521496 0.842385
vn -0.300744 0.149712 0.941881
vn -0.213172 0.597893 0.772711
vn -0.135757 0.521496 0.842385
vn -0.011084 0.048837 0.998745
vn -0.574389 -0.088562 -0.813777
vn -0.503083 -0.529702 -0.682879
vn -0.320648 -0.553087 -0.768947
vn -0.361137 -0.157097 -0.919185
vn -0.503083 -0.529702 -0.682879
vn -0.438196 -0.830287 -0.344395
vn -0.257565 -0.877573 -0.404383
vn -0.320648 -0.553087 -0.768947
vn -0.438196 -0.830287 -0.344395
vn -0.405579 -0.914060 -0.000000
vn -0.235638 -0.971841 0.000000
vn -0.257565 -0.877573 -0.404383
vn -0.405579 -0.914060 -0.000000
vn -0.438195 -0.830288 0.344394
vn -0.257564 -0.877573 0.404383
vn -0.235638 -0.971841 0.000000
vn -0.438195 -0.830288 0.344394
vn -0.497942 -0.530740 0.685835
vn -0.321679 -0.553683 0.768087
vn -0.257564 -0.877573 0.404383
vn -0.497942 -0.530740 0.685835
vn -0.568214 -0.087612 0.818204
vn -0.354624 -0.156247 0.921861
vn -0.321679 -0.553683 0.768087
vn -0.614351 0.323411 0.719708
vn -0.652905 0.612047 0.446222
vn -0.470094 0.745970 0.471742
vn -0.383687 0.419502 0.822680
vn -0.652905 0.612047 0.446222
vn -0.729127 0.684379 0.000000
vn -0.509800 0.860293 0.000001
vn -0.470094 0.745970 0.471742
vn -0.729127 0.684379 0.000000
vn -0.652904 0.612049 -0.446221
vn -0.470093 0.745971 -0.471741
vn -0.509800 0.860293 0.000001
vn -0.652904 0.612049 -0.446221
vn -0.617927 0.313923 -0.720845
vn -0.379143 0.415362 -0.826877
vn -0.470093 0.745971 -0.471741
vn -0.354624 -0.156247 0.921861
vn -0.383687 0.419502 0.822680
vn 0.153098 0.437038 0.886317
vn -0.015272 -0.045421 0.998851
vn -0.312275 -0.341122 0.886634
vn -0.717209 -0.583925 0.380320
vn -0.675067 -0.121290 0.727718
vn -0.617927 0.313923 -0.720845
vn -0.574389 -0.088562 -0.813777
vn -0.361137 -0.157097 -0.919185
vn -0.379143 0.415362 -0.826877
vn -0.312275 -0.341122 -0.886634
vn -0.717208 -0.583925 -0.380320
vn -0.342938 -0.807828 -0.479383
s off
g SM_compass_low sm_compass_hook_low
usemtl lambert2SG
f 940/1722/3771 941/1723/3772 942/1724/3773 939/1721/3774
f 939/1721/3775 942/1724/3776 944/1726/3777 943/1725/3778
f 943/1725/3779 944/1726/3780 946/1728/3781 945/1727/3782
f 947/1729/3783 945/1727/3784 946/1728/3785 948/1730/3786
f 950/1732/3787 949/1731/3788 947/1729/3789 948/1730/3790
f 952/1734/3791 951/1733/3792 949/1731/3793 950/1732/3794
f 954/1736/3795 953/1735/3796 951/1733/3797 952/1734/3798
f 956/1738/3799 955/1737/3800 953/1735/3801 954/1736/3802
f 941/1723/3803 957/1739/3804 958/1740/3805 942/1724/3806
f 942/1724/3807 958/1740/3808 959/1741/3809 944/1726/3810
f 944/1726/3811 959/1741/3812 960/1742/3813 946/1728/3814
f 948/1730/3815 946/1728/3816 960/1742/3817 961/1743/3818
f 962/1744/3819 950/1732/3820 948/1730/3821 961/1743/3822
f 963/1745/3823 952/1734/3824 950/1732/3825 962/1744/3826
f 964/1746/3827 954/1736/3828 952/1734/3829 963/1745/3830
f 965/1747/3831 956/1738/3832 954/1736/3833 964/1746/3834
f 957/1739/3835 966/1748/3836 967/1749/3837 958/1740/3838
f 958/1740/3839 967/1749/3840 968/1750/3841 959/1741/3842
f 959/1741/3843 968/1750/3844 969/1751/3845 960/1742/3846
f 961/1743/3847 960/1742/3848 969/1751/3849 970/1752/3850
f 971/1753/3851 962/1744/3852 961/1743/3853 970/1752/3854
f 972/1754/3855 963/1745/3856 962/1744/3857 971/1753/3858
f 973/1755/3859 964/1746/3860 963/1745/3861 972/1754/3862
f 976/1758/3863 974/1756/3864 965/1747/3865 975/1757/3866
f 966/1748/3867 977/1759/3868 978/1760/3869 967/1749/3870
f 967/1749/3871 978/1760/3872 979/1761/3873 968/1750/3874
f 968/1750/3875 979/1761/3876 980/1762/3877 969/1751/3878
f 970/1752/3879 969/1751/3880 980/1762/3881 981/1763/3882
f 982/1764/3883 971/1753/3884 970/1752/3885 981/1763/3886
f 983/1765/3887 972/1754/3888 971/1753/3889 982/1764/3890
f 984/1766/3891 973/1755/3892 972/1754/3893 983/1765/3894
f 985/1767/3895 975/1757/3896 973/1755/3897 984/1766/3898
f 977/1759/3899 986/1768/3900 987/1769/3901 978/1760/3902
f 978/1760/3903 987/1769/3904 988/1770/3905 979/1761/3906
f 979/1761/3907 988/1770/3908 989/1771/3909 980/1762/3910
f 981/1763/3911 980/1762/3912 989/1771/3913 990/1772/3914
f 991/1773/3915 982/1764/3916 981/1763/3917 990/1772/3918
f 992/1774/3919 983/1765/3920 982/1764/3921 991/1773/3922
f 993/1775/3923 984/1766/3924 983/1765/3925 992/1774/3926
f 994/1776/3927 985/1767/3928 984/1766/3929 993/1775/3930
f 986/1768/3931 995/1777/3932 996/1778/3933 987/1769/3934
f 987/1769/3935 996/1778/3936 997/1779/3937 988/1770/3938
f 988/1770/3939 997/1779/3940 998/1780/3941 989/1771/3942
f 990/1772/3943 989/1771/3944 998/1780/3945 999/1781/3946
f 1000/1782/3947 991/1773/3948 990/1772/3949 999/1781/3950
f 1001/1783/3951 992/1774/3952 991/1773/3953 1000/1782/3954
f 1002/1784/3955 993/1775/3956 992/1774/3957 1001/1783/3958
f 1003/1785/3959 994/1776/3960 993/1775/3961 1002/1784/3962
f 995/1777/3963 1004/1786/3964 1005/1787/3965 996/1778/3966
f 996/1778/3967 1005/1787/3968 1006/1788/3969 997/1779/3970
f 997/1779/3971 1006/1788/3972 1007/1789/3973 998/1780/3974
f 1007/1789/3975 1008/1790/3976 999/1781/3977 998/1780/3978
f 1009/1791/3979 1000/1782/3980 999/1781/3981 1008/1790/3982
f 1010/1792/3983 1001/1783/3984 1000/1782/3985 1009/1791/3986
f 1011/1793/3987 1002/1784/3988 1001/1783/3989 1010/1792/3990
f 1012/1794/3991 1003/1785/3992 1002/1784/3993 1011/1793/3994
f 1004/1786/3995 1013/1795/3996 1014/1796/3997 1005/1787/3998
f 1005/1787/3999 1014/1796/4000 1015/1797/4001 1006/1788/4002
f 1006/1788/4003 1015/1797/4004 1016/1798/4005 1007/1789/4006
f 1016/1798/4007 1017/1799/4008 1008/1790/4009 1007/1789/4010
f 1018/1800/4011 1009/1791/4012 1008/1790/4013 1017/1799/4014
f 1019/1801/4015 1010/1792/4016 1009/1791/4017 1018/1800/4018
f 1020/1802/4019 1011/1793/4020 1010/1792/4021 1019/1801/4022
f 1021/1803/4023 1012/1794/4024 1011/1793/4025 1020/1802/4026
f 1013/1795/4027 1022/1804/4028 1023/1805/4029 1014/1796/4030
f 1014/1796/4031 1023/1805/4032 1024/1806/4033 1015/1797/4034
f 1015/1797/4035 1024/1806/4036 1025/1807/4037 1016/1798/4038
f 1025/1807/4039 1026/1808/4040 1017/1799/4041 1016/1798/4042
f 1027/1809/4043 1018/1800/4044 1017/1799/4045 1026/1808/4046
f 1028/1810/4047 1019/1801/4048 1018/1800/4049 1027/1809/4050
f 1029/1811/4051 1020/1802/4052 1019/1801/4053 1028/1810/4054
f 1030/1812/4055 1021/1803/4056 1020/1802/4057 1029/1811/4058
f 1022/1804/4059 1031/1813/4060 1032/1814/4061 1023/1805/4062
f 1023/1805/4063 1032/1814/4064 1033/1815/4065 1024/1806/4066
f 1024/1806/4067 1033/1815/4068 1034/1816/4069 1025/1807/4070
f 1034/1816/4071 1035/1817/4072 1026/1808/4073 1025/1807/4074
f 1036/1818/4075 1027/1809/4076 1026/1808/4077 1035/1817/4078
f 1037/1819/4079 1028/1810/4080 1027/1809/4081 1036/1818/4082
f 1038/1820/4083 1029/1811/4084 1028/1810/4085 1037/1819/4086
f 1039/1821/4087 1030/1812/4088 1029/1811/4089 1038/1820/4090
f 1031/1813/4091 1040/1822/4092 1041/1823/4093 1032/1814/4094
f 1032/1814/4095 1041/1823/4096 1042/1824/4097 1033/1815/4098
f 1033/1815/4099 1042/1824/4100 1043/1825/4101 1034/1816/4102
f 1043/1825/4103 1044/1826/4104 1035/1817/4105 1034/1816/4106
f 1045/1827/4107 1036/1818/4108 1035/1817/4109 1044/1826/4110
f 1046/1828/4111 1037/1819/4112 1036/1818/4113 1045/1827/4114
f 1047/1829/4115 1038/1820/4116 1037/1819/4117 1046/1828/4118
f 1048/1830/4119 1039/1821/4120 1038/1820/4121 1047/1829/4122
f 1040/1822/4123 940/1831/4124 939/1832/4125 1041/1823/4126
f 1041/1823/4127 939/1832/4128 943/1833/4129 1042/1824/4130
f 1042/1824/4131 943/1833/4132 945/1834/4133 1043/1825/4134
f 945/1834/4135 947/1835/4136 1044/1826/4137 1043/1825/4138
f 949/1836/4139 1045/1827/4140 1044/1826/4141 947/1835/4142
f 951/1837/4143 1046/1828/4144 1045/1827/4145 949/1836/4146
f 953/1838/4147 1047/1829/4148 1046/1828/4149 951/1837/4150
f 955/1839/4151 1048/1830/4152 1047/1829/4153 953/1838/4154
f 1049/1840/4155 1050/1841/4156 1051/1842/4157
f 1053/1844/4158 1050/1841/4159 1049/1840/4160 1052/1843/4161
f 1055/1846/4162 1053/1847/4163 1052/1848/4164 1054/1845/4165
f 1056/1849/4166 1057/1850/4167 1055/1846/4168
f 1059/1852/4169 1057/1850/4170 1056/1849/4171 1058/1851/4172
f 1061/1854/4173 1059/1852/4174 1058/1851/4175 1060/1853/4176
f 1063/1856/4177 1061/1854/4178 1060/1853/4179 1062/1855/4180
f 1065/1858/4181 1063/1856/4182 1062/1855/4183 1064/1857/4184
f 1067/1860/4185 1065/1858/4186 1064/1857/4187 1066/1859/4188
f 1069/1862/4189 1067/1860/4190 1066/1859/4191 1068/1861/4192
f 1071/1864/4193 1069/1862/4194 1068/1861/4195 1070/1863/4196
f 1072/1865/4197 1071/1864/4198 1070/1863/4199 1051/1842/4200
f 1051/1842/4201 1070/1863/4202 966/1748/4203 957/1739/4204
f 1049/1840/4205 1051/1842/4206 957/1739/4207 941/1723/4208
f 1052/1843/4209 1049/1840/4210 941/1723/4211 940/1722/4212
f 1054/1845/4213 1052/1848/4214 940/1831/4215 1040/1822/4216
f 1056/1849/4217 1054/1845/4218 1040/1822/4219 1031/1813/4220
f 1058/1851/4221 1056/1849/4222 1031/1813/4223 1022/1804/4224
f 1060/1853/4225 1058/1851/4226 1022/1804/4227 1013/1795/4228
f 1062/1855/4229 1060/1853/4230 1013/1795/4231 1004/1786/4232
f 1064/1857/4233 1062/1855/4234 1004/1786/4235 995/1777/4236
f 1066/1859/4237 1064/1857/4238 995/1777/4239 986/1768/4240
f 1068/1861/4241 1066/1859/4242 986/1768/4243 977/1759/4244
f 1070/1863/4245 1068/1861/4246 977/1759/4247 966/1748/4248
f 1074/1867/4249 1073/1866/4250 1021/1803/4251 1030/1812/4252
f 1073/1866/4253 1075/1868/4254 1012/1794/4255 1021/1803/4256
f 1075/1868/4257 1076/1869/4258 1003/1785/4259 1012/1794/4260
f 1076/1869/4261 1077/1870/4262 994/1776/4263 1003/1785/4264
f 1077/1870/4265 1078/1871/4266 985/1767/4267 994/1776/4268
f 1078/1871/4269 976/1758/4270 975/1757/4271 985/1767/4272
f 974/1756/4273 1079/1872/4274 956/1738/4275 965/1747/4276
f 1079/1872/4277 1080/1873/4278 955/1737/4279 956/1738/4280
f 1080/1875/4281 1081/1874/4282 1048/1830/4283 955/1839/4284
f 1081/1874/4285 1082/1876/4286 1039/1821/4287 1048/1830/4288
f 975/1757/4289 965/1747/4290 964/1746/4291 973/1755/4292
f 1051/1842/4293 1050/1841/4294 1072/1865/4295
f 1082/1876/4296 1074/1867/4297 1030/1812/4298 1039/1821/4299
f 1056/1849/4300 1055/1846/4301 1054/1845/4302
g default
v 0.860301 1.490085 0.917205
v 0.498791 0.974162 0.918477
v 0.594253 0.919047 0.918477
v -0.202980 -0.575014 0.917448
v -0.396486 -0.463293 0.917448
v -0.396486 -0.463293 0.892383
v -0.202980 -0.575014 0.892383
v 0.594253 0.919047 0.891354
v 0.498791 0.974162 0.891354
v 0.860301 1.490085 0.892627
v 0.497280 0.908706 0.919829
v 0.538322 0.885010 0.919829
v 0.538322 0.885010 0.890002
v 0.497280 0.908706 0.890002
v 0.103439 0.288612 0.919087
v 0.198226 0.233886 0.919087
v 0.198226 0.233886 0.890745
v 0.103439 0.288612 0.890745
v -0.284063 -0.360570 0.919392
v -0.170231 -0.426291 0.919392
v -0.170231 -0.426291 0.890439
v -0.284063 -0.360570 0.890439
v -0.330625 -0.410782 0.919355
v -0.190435 -0.491721 0.919355
v -0.190435 -0.491721 0.890476
v -0.330625 -0.410782 0.890476
vt 0.010042 0.350596
vt 0.116047 0.341949
vt 0.116047 0.359242
vt 0.408674 0.321904
vt 0.461879 0.321904
vt 0.461879 0.318049
vt 0.408674 0.318049
vt 0.286349 0.327528
vt 0.286349 0.338375
vt 0.389647 0.332952
vt 0.139299 0.322671
vt 0.139299 0.317468
vt 0.210261 0.317468
vt 0.210261 0.322671
vt 0.125953 0.347510
vt 0.125953 0.353681
vt 0.216893 0.322671
vt 0.216893 0.317468
vt 0.276695 0.331017
vt 0.276695 0.334887
vt 0.252498 0.341949
vt 0.252498 0.359242
vt 0.301604 0.322671
vt 0.301604 0.317468
vt 0.153382 0.327529
vt 0.153382 0.338375
vt 0.382641 0.339846
vt 0.382641 0.361345
vt 0.388724 0.322671
vt 0.388724 0.317468
vt 0.026563 0.326210
vt 0.026563 0.339694
vt 0.394378 0.336977
vt 0.394378 0.364214
vt 0.396581 0.322671
vt 0.396581 0.317468
vt 0.015126 0.324410
vt 0.015126 0.341493
vt 0.406567 0.331364
vt 0.406567 0.369827
vt 0.404740 0.322671
vt 0.404740 0.317468
vt 0.003249 0.320889
vt 0.003249 0.345014
vt 0.210261 0.322671
vt 0.210261 0.317468
vt 0.210261 0.317468
vt 0.210261 0.322671
vt 0.216893 0.317468
vt 0.216893 0.322671
vt 0.301604 0.317468
vt 0.301604 0.322671
vt 0.216893 0.322671
vt 0.216893 0.317468
vt 0.388724 0.317468
vt 0.388724 0.322671
vt 0.301604 0.322671
vt 0.301604 0.317468
vt 0.396581 0.317468
vt 0.396581 0.322671
vt 0.388724 0.322671
vt 0.388724 0.317468
vt 0.404740 0.317468
vt 0.404740 0.322671
vt 0.396581 0.322671
vt 0.396581 0.317468
vn 0.001014 0.001756 0.999998
vn 0.001624 0.002813 0.999995
vn 0.001624 0.002813 0.999995
vn -0.500000 -0.866025 0.000000
vn -0.500000 -0.866025 0.000000
vn -0.500000 -0.866025 0.000000
vn -0.500000 -0.866025 0.000000
vn 0.001624 0.002813 -0.999995
vn 0.001624 0.002813 -0.999995
vn 0.001014 0.001756 -0.999998
vn -0.858897 0.512148 0.000000
vn -0.858897 0.512148 0.000000
vn -0.818961 0.573849 0.000000
vn -0.818961 0.573849 0.000000
vn 0.906448 -0.422316 0.000000
vn 0.906448 -0.422316 0.000000
vn 0.872982 -0.487753 0.000000
vn 0.872982 -0.487753 0.000000
vn 0.001624 0.002813 0.999995
vn 0.000679 0.001176 0.999999
vn 0.000679 0.001176 0.999999
vn 0.001624 0.002813 0.999995
vn 0.869153 -0.494543 0.000000
vn 0.869153 -0.494543 -0.000000
vn 0.872982 -0.487753 0.000000
vn 0.872982 -0.487753 0.000000
vn 0.000679 0.001176 -0.999999
vn 0.001624 0.002813 -0.999995
vn 0.001624 0.002813 -0.999995
vn 0.000679 0.001176 -0.999999
vn -0.858897 0.512148 0.000000
vn -0.858897 0.512148 0.000000
vn -0.862863 0.505437 -0.000000
vn -0.862863 0.505438 0.000000
vn 0.000679 0.001176 0.999999
vn 0.000004 0.000007 1.000000
vn 0.000004 0.000007 1.000000
vn 0.000679 0.001176 0.999999
vn 0.869153 -0.494543 -0.000000
vn 0.869153 -0.494543 0.000000
vn 0.879923 -0.475116 0.000000
vn 0.879923 -0.475116 0.000000
vn 0.000004 0.000007 -1.000000
vn 0.000679 0.001176 -0.999999
vn 0.000679 0.001176 -0.999999
vn 0.000004 0.000007 -1.000000
vn -0.851424 0.524478 0.000000
vn -0.851424 0.524478 0.000000
vn -0.862863 0.505438 0.000000
vn -0.862863 0.505437 -0.000000
vn 0.000004 0.000007 1.000000
vn 0.000117 0.000202 1.000000
vn 0.000117 0.000202 1.000000
vn 0.000004 0.000007 1.000000
vn 0.879923 -0.475116 0.000000
vn 0.879923 -0.475116 0.000000
vn 0.881682 -0.471845 0.000000
vn 0.881681 -0.471845 -0.000000
vn 0.000117 0.000202 -1.000000
vn 0.000004 0.000007 -1.000000
vn 0.000004 0.000007 -1.000000
vn 0.000117 0.000202 -1.000000
vn -0.849471 0.527636 -0.000000
vn -0.849470 0.527636 -0.000000
vn -0.851424 0.524478 0.000000
vn -0.851424 0.524478 0.000000
vn 0.000117 0.000202 1.000000
vn -0.011272 -0.019523 0.999746
vn -0.011272 -0.019523 0.999746
vn 0.000117 0.000202 1.000000
vn 0.881681 -0.471845 -0.000000
vn 0.881682 -0.471845 0.000000
vn 0.973287 -0.229590 -0.000000
vn 0.973287 -0.229591 -0.000000
vn -0.011271 -0.019522 -0.999746
vn 0.000117 0.000202 -1.000000
vn 0.000117 0.000202 -1.000000
vn -0.011271 -0.019522 -0.999746
vn -0.685475 0.728096 0.000000
vn -0.685475 0.728096 -0.000000
vn -0.849470 0.527636 -0.000000
vn -0.849471 0.527636 -0.000000
vn -0.011272 -0.019523 0.999746
vn -0.012158 -0.021058 0.999704
vn -0.012158 -0.021058 0.999704
vn -0.011272 -0.019523 0.999746
vn 0.973287 -0.229591 -0.000000
vn 0.973287 -0.229590 -0.000000
vn 0.988847 -0.148932 0.000000
vn 0.988847 -0.148932 0.000000
vn -0.012157 -0.021057 -0.999704
vn -0.011271 -0.019522 -0.999746
vn -0.011271 -0.019522 -0.999746
vn -0.012157 -0.021057 -0.999704
vn -0.623403 0.781901 0.000000
vn -0.623403 0.781901 0.000000
vn -0.685475 0.728096 -0.000000
vn -0.685475 0.728096 0.000000
s off
g SM_compass_low sm_compass_hand_low
usemtl lambert2SG
f 1083/1877/4303 1084/1878/4304 1085/1879/4305
f 1087/1881/4306 1088/1882/4307 1089/1883/4308 1086/1880/4309
f 1090/1884/4310 1091/1885/4311 1092/1886/4312
f 1091/1889/4313 1084/1890/4314 1083/1887/4315 1092/1888/4316
f 1092/1888/4317 1083/1887/4318 1085/1921/4319 1090/1922/4320
f 1084/1878/4321 1093/1891/4322 1094/1892/4323 1085/1879/4324
f 1094/1893/4325 1095/1894/4326 1090/1923/4327 1085/1924/4328
f 1096/1896/4329 1091/1885/4330 1090/1884/4331 1095/1895/4332
f 1084/1890/4333 1091/1889/4334 1096/1925/4335 1093/1926/4336
f 1093/1891/4337 1097/1897/4338 1098/1898/4339 1094/1892/4340
f 1095/1894/4341 1094/1893/4342 1098/1899/4343 1099/1900/4344
f 1100/1902/4345 1096/1896/4346 1095/1895/4347 1099/1901/4348
f 1100/1927/4349 1097/1928/4350 1093/1929/4351 1096/1930/4352
f 1097/1897/4353 1101/1903/4354 1102/1904/4355 1098/1898/4356
f 1099/1900/4357 1098/1899/4358 1102/1905/4359 1103/1906/4360
f 1104/1908/4361 1100/1902/4362 1099/1901/4363 1103/1907/4364
f 1104/1931/4365 1101/1932/4366 1097/1933/4367 1100/1934/4368
f 1101/1903/4369 1105/1909/4370 1106/1910/4371 1102/1904/4372
f 1103/1906/4373 1102/1905/4374 1106/1911/4375 1107/1912/4376
f 1108/1914/4377 1104/1908/4378 1103/1907/4379 1107/1913/4380
f 1108/1935/4381 1105/1936/4382 1101/1937/4383 1104/1938/4384
f 1105/1909/4385 1087/1915/4386 1086/1916/4387 1106/1910/4388
f 1107/1912/4389 1106/1911/4390 1086/1917/4391 1089/1918/4392
f 1088/1920/4393 1108/1914/4394 1107/1913/4395 1089/1919/4396
f 1088/1939/4397 1087/1940/4398 1105/1941/4399 1108/1942/4400
g default
v -2.115981 0.985882 1.247535
v -2.176346 1.029740 1.247535
v -2.176994 1.027746 1.309756
v -2.117676 0.984650 1.309756
v -2.250962 1.029740 1.247535
v -2.250314 1.027746 1.309756
v -2.311327 0.985882 1.247535
v -2.309631 0.984650 1.309756
v -2.334384 0.914918 1.247535
v -2.332288 0.914918 1.309756
v -2.311327 0.843954 1.247535
v -2.309631 0.845187 1.309756
v -2.250962 0.800096 1.247535
v -2.250314 0.802090 1.309756
v -2.176346 0.800096 1.247535
v -2.176994 0.802090 1.309756
v -2.115980 0.843954 1.247535
v -2.117676 0.845187 1.309756
v -2.092923 0.914918 1.247535
v -2.095019 0.914918 1.309756
v -2.213654 0.914918 1.313776
v -2.193348 -0.799101 1.247535
v -2.267045 -0.810773 1.247535
v -2.266093 -0.812641 1.309756
v -2.193676 -0.801171 1.309756
v -2.319806 -0.863534 1.247535
v -2.317939 -0.864486 1.309756
v -2.331479 -0.937231 1.247535
v -2.329408 -0.936903 1.309756
v -2.297604 -1.003714 1.247535
v -2.296121 -1.002232 1.309756
v -2.231121 -1.037589 1.247535
v -2.230793 -1.035519 1.309756
v -2.157424 -1.025917 1.247535
v -2.158376 -1.024049 1.309756
v -2.104662 -0.973155 1.247535
v -2.106530 -0.972204 1.309756
v -2.092990 -0.899458 1.247535
v -2.095061 -0.899786 1.309756
v -2.126865 -0.832976 1.247535
v -2.128347 -0.834458 1.309756
v -2.212234 -0.918345 1.313776
v -0.985882 -2.115981 1.247535
v -1.029740 -2.176346 1.247535
v -1.027746 -2.176994 1.309756
v -0.984650 -2.117676 1.309756
v -1.029740 -2.250962 1.247535
v -1.027746 -2.250314 1.309756
v -0.985882 -2.311327 1.247535
v -0.984650 -2.309631 1.309756
v -0.914918 -2.334384 1.247535
v -0.914918 -2.332288 1.309756
v -0.843954 -2.311327 1.247535
v -0.845187 -2.309631 1.309756
v -0.800096 -2.250962 1.247535
v -0.802090 -2.250314 1.309756
v -0.800096 -2.176346 1.247535
v -0.802090 -2.176994 1.309756
v -0.843954 -2.115980 1.247535
v -0.845187 -2.117676 1.309756
v -0.914918 -2.092923 1.247535
v -0.914918 -2.095019 1.309756
v -0.914918 -2.213654 1.313776
v 0.799101 -2.193348 1.247535
v 0.810773 -2.267045 1.247535
v 0.812641 -2.266093 1.309756
v 0.801171 -2.193676 1.309756
v 0.863534 -2.319806 1.247535
v 0.864486 -2.317939 1.309756
v 0.937231 -2.331479 1.247535
v 0.936903 -2.329408 1.309756
v 1.003714 -2.297604 1.247535
v 1.002232 -2.296121 1.309756
v 1.037589 -2.231121 1.247535
v 1.035519 -2.230793 1.309756
v 1.025917 -2.157424 1.247535
v 1.024049 -2.158376 1.309756
v 0.973155 -2.104662 1.247535
v 0.972204 -2.106530 1.309756
v 0.899458 -2.092990 1.247535
v 0.899786 -2.095061 1.309756
v 0.832976 -2.126865 1.247535
v 0.834458 -2.128347 1.309756
v 0.918345 -2.212234 1.313776
v 2.115981 -0.985882 1.247535
v 2.176346 -1.029740 1.247535
v 2.176994 -1.027746 1.309756
v 2.117676 -0.984650 1.309756
v 2.250962 -1.029740 1.247535
v 2.250314 -1.027746 1.309756
v 2.311327 -0.985882 1.247535
v 2.309631 -0.984650 1.309756
v 2.334384 -0.914918 1.247535
v 2.332288 -0.914918 1.309756
v 2.311327 -0.843954 1.247535
v 2.309631 -0.845187 1.309756
v 2.250962 -0.800096 1.247535
v 2.250314 -0.802090 1.309756
v 2.176346 -0.800096 1.247535
v 2.176994 -0.802090 1.309756
v 2.115980 -0.843954 1.247535
v 2.117676 -0.845187 1.309756
v 2.092923 -0.914918 1.247535
v 2.095019 -0.914918 1.309756
v 2.213654 -0.914918 1.313776
v 2.193348 0.799101 1.247535
v 2.267045 0.810773 1.247535
v 2.266093 0.812641 1.309756
v 2.193676 0.801171 1.309756
v 2.319806 0.863534 1.247535
v 2.317939 0.864486 1.309756
v 2.331479 0.937231 1.247535
v 2.329408 0.936903 1.309756
v 2.297604 1.003714 1.247535
v 2.296121 1.002232 1.309756
v 2.231121 1.037589 1.247535
v 2.230793 1.035519 1.309756
v 2.157424 1.025917 1.247535
v 2.158376 1.024049 1.309756
v 2.104662 0.973155 1.247535
v 2.106530 0.972204 1.309756
v 2.092990 0.899458 1.247535
v 2.095061 0.899786 1.309756
v 2.126865 0.832976 1.247535
v 2.128347 0.834458 1.309756
v 2.212234 0.918345 1.313776
v 0.985882 2.115981 1.247535
v 1.029740 2.176346 1.247535
v 1.027746 2.176994 1.309756
v 0.984650 2.117676 1.309756
v 1.029740 2.250962 1.247535
v 1.027746 2.250314 1.309756
v 0.985882 2.311327 1.247535
v 0.984650 2.309631 1.309756
v 0.914918 2.334384 1.247535
v 0.914918 2.332288 1.309756
v 0.843954 2.311327 1.247535
v 0.845187 2.309631 1.309756
v 0.800096 2.250962 1.247535
v 0.802090 2.250314 1.309756
v 0.800096 2.176346 1.247535
v 0.802090 2.176994 1.309756
v 0.843954 2.115980 1.247535
v 0.845187 2.117676 1.309756
v 0.914918 2.092923 1.247535
v 0.914918 2.095019 1.309756
v 0.914918 2.213654 1.313776
v -0.799101 2.193348 1.247535
v -0.810773 2.267045 1.247535
v -0.812641 2.266093 1.309756
v -0.801171 2.193676 1.309756
v -0.863534 2.319806 1.247535
v -0.864486 2.317939 1.309756
v -0.937231 2.331479 1.247535
v -0.936903 2.329408 1.309756
v -1.003714 2.297604 1.247535
v -1.002232 2.296121 1.309756
v -1.037589 2.231121 1.247535
v -1.035519 2.230793 1.309756
v -1.025917 2.157424 1.247535
v -1.024049 2.158376 1.309756
v -0.973155 2.104662 1.247535
v -0.972204 2.106530 1.309756
v -0.899458 2.092990 1.247535
v -0.899786 2.095061 1.309756
v -0.832976 2.126865 1.247535
v -0.834458 2.128347 1.309756
v -0.918345 2.212234 1.313776
vt 0.155110 0.286756
vt 0.178503 0.286756
vt 0.178503 0.307404
vt 0.155110 0.307404
vt 0.201897 0.286756
vt 0.201897 0.307404
vt 0.225291 0.286756
vt 0.225291 0.307404
vt 0.248684 0.286756
vt 0.248684 0.307404
vt 0.272078 0.286756
vt 0.272078 0.307404
vt 0.295471 0.286756
vt 0.295471 0.307404
vt 0.318865 0.286756
vt 0.318865 0.307404
vt 0.342259 0.286756
vt 0.342259 0.307404
vt 0.365652 0.286756
vt 0.365652 0.307404
vt 0.389046 0.286756
vt 0.389046 0.307404
vt 0.539817 0.975738
vt 0.523104 0.987880
vt 0.512775 0.954753
vt 0.502446 0.987880
vt 0.485733 0.975738
vt 0.479349 0.956091
vt 0.485733 0.936443
vt 0.502446 0.924301
vt 0.523104 0.924301
vt 0.539817 0.936443
vt 0.546200 0.956091
vt 0.184161 0.262498
vt 0.207555 0.262498
vt 0.207555 0.283146
vt 0.184161 0.283146
vt 0.230949 0.262498
vt 0.230949 0.283146
vt 0.254342 0.262498
vt 0.254342 0.283146
vt 0.277736 0.262498
vt 0.277736 0.283146
vt 0.301129 0.262498
vt 0.301129 0.283146
vt 0.324523 0.262498
vt 0.324523 0.283146
vt 0.347917 0.262498
vt 0.347917 0.283146
vt 0.371310 0.262498
vt 0.371310 0.283146
vt 0.394704 0.262498
vt 0.394704 0.283146
vt 0.418097 0.262498
vt 0.418097 0.283146
vt 0.058790 0.556220
vt 0.042782 0.567850
vt 0.032889 0.536120
vt 0.022995 0.567850
vt 0.006987 0.556220
vt 0.000872 0.537401
vt 0.006987 0.518582
vt 0.022995 0.506951
vt 0.042782 0.506951
vt 0.058790 0.518582
vt 0.064905 0.537401
vt 0.183470 0.238060
vt 0.206864 0.238060
vt 0.206864 0.258708
vt 0.183470 0.258708
vt 0.230258 0.238060
vt 0.230258 0.258708
vt 0.253651 0.238060
vt 0.253651 0.258708
vt 0.277045 0.238060
vt 0.277045 0.258708
vt 0.300439 0.238060
vt 0.300439 0.258708
vt 0.323832 0.238060
vt 0.323832 0.258708
vt 0.347226 0.238060
vt 0.347226 0.258708
vt 0.370619 0.238060
vt 0.370619 0.258708
vt 0.394013 0.238060
vt 0.394013 0.258708
vt 0.417407 0.238060
vt 0.417407 0.258708
vt 0.155083 0.286862
vt 0.178477 0.286862
vt 0.178477 0.307510
vt 0.155083 0.307510
vt 0.201870 0.286862
vt 0.201870 0.307510
vt 0.225264 0.286862
vt 0.225264 0.307510
vt 0.248658 0.286862
vt 0.248658 0.307510
vt 0.272051 0.286862
vt 0.272051 0.307510
vt 0.295445 0.286862
vt 0.295445 0.307510
vt 0.318839 0.286862
vt 0.318839 0.307510
vt 0.342232 0.286862
vt 0.342232 0.307510
vt 0.365626 0.286862
vt 0.365626 0.307510
vt 0.389019 0.286862
vt 0.389019 0.307510
vt 0.058790 0.556220
vt 0.042782 0.567850
vt 0.032889 0.536120
vt 0.042782 0.567850
vt 0.022995 0.567850
vt 0.032889 0.536120
vt 0.022995 0.567850
vt 0.006987 0.556220
vt 0.032889 0.536120
vt 0.006987 0.556220
vt 0.000872 0.537401
vt 0.032889 0.536120
vt 0.000872 0.537401
vt 0.006987 0.518582
vt 0.032889 0.536120
vt 0.006987 0.518582
vt 0.022995 0.506951
vt 0.032889 0.536120
vt 0.022995 0.506951
vt 0.042782 0.506951
vt 0.032889 0.536120
vt 0.042782 0.506951
vt 0.058790 0.518582
vt 0.032889 0.536120
vt 0.058790 0.518582
vt 0.064905 0.537401
vt 0.032889 0.536120
vt 0.064905 0.537401
vt 0.058790 0.556220
vt 0.032889 0.536120
vt 0.058790 0.556220
vt 0.042782 0.567850
vt 0.032889 0.536120
vt 0.042782 0.567850
vt 0.022995 0.567850
vt 0.032889 0.536120
vt 0.022995 0.567850
vt 0.006987 0.556220
vt 0.032889 0.536120
vt 0.006987 0.556220
vt 0.000872 0.537401
vt 0.032889 0.536120
vt 0.000872 0.537401
vt 0.006987 0.518582
vt 0.032889 0.536120
vt 0.006987 0.518582
vt 0.022995 0.506951
vt 0.032889 0.536120
vt 0.022995 0.506951
vt 0.042782 0.506951
vt 0.032889 0.536120
vt 0.042782 0.506951
vt 0.058790 0.518582
vt 0.032889 0.536120
vt 0.058790 0.518582
vt 0.064905 0.537401
vt 0.032889 0.536120
vt 0.064905 0.537401
vt 0.058790 0.556220
vt 0.032889 0.536120
vt 0.178477 0.286862
vt 0.178477 0.307510
vt 0.155083 0.307510
vt 0.155083 0.286862
vt 0.201870 0.286862
vt 0.201870 0.307510
vt 0.178477 0.307510
vt 0.178477 0.286862
vt 0.225264 0.286862
vt 0.225264 0.307510
vt 0.201870 0.307510
vt 0.201870 0.286862
vt 0.248658 0.286862
vt 0.248658 0.307510
vt 0.225264 0.307510
vt 0.225264 0.286862
vt 0.248658 0.307510
vt 0.248658 0.286862
vt 0.272051 0.286862
vt 0.272051 0.307510
vt 0.272051 0.307510
vt 0.272051 0.286862
vt 0.295445 0.286862
vt 0.295445 0.307510
vt 0.295445 0.307510
vt 0.295445 0.286862
vt 0.318839 0.286862
vt 0.318839 0.307510
vt 0.318839 0.307510
vt 0.318839 0.286862
vt 0.342232 0.286862
vt 0.342232 0.307510
vt 0.342232 0.307510
vt 0.342232 0.286862
vt 0.365626 0.286862
vt 0.365626 0.307510
vt 0.389019 0.286862
vt 0.389019 0.307510
vt 0.365626 0.307510
vt 0.365626 0.286862
vt 0.058790 0.556220
vt 0.042782 0.567850
vt 0.032889 0.536120
vt 0.042782 0.567850
vt 0.022995 0.567850
vt 0.032889 0.536120
vt 0.022995 0.567850
vt 0.006987 0.556220
vt 0.032889 0.536120
vt 0.006987 0.556220
vt 0.000872 0.537401
vt 0.032889 0.536120
vt 0.000872 0.537401
vt 0.006987 0.518582
vt 0.032889 0.536120
vt 0.006987 0.518582
vt 0.022995 0.506951
vt 0.032889 0.536120
vt 0.022995 0.506951
vt 0.042782 0.506951
vt 0.032889 0.536120
vt 0.042782 0.506951
vt 0.058790 0.518582
vt 0.032889 0.536120
vt 0.058790 0.518582
vt 0.064905 0.537401
vt 0.032889 0.536120
vt 0.064905 0.537401
vt 0.058790 0.556220
vt 0.032889 0.536120
vt 0.178477 0.286862
vt 0.178477 0.307510
vt 0.155083 0.307510
vt 0.155083 0.286862
vt 0.201870 0.286862
vt 0.201870 0.307510
vt 0.178477 0.307510
vt 0.178477 0.286862
vt 0.225264 0.286862
vt 0.225264 0.307510
vt 0.201870 0.307510
vt 0.201870 0.286862
vt 0.225264 0.307510
vt 0.225264 0.286862
vt 0.248658 0.286862
vt 0.248658 0.307510
vt 0.248658 0.307510
vt 0.248658 0.286862
vt 0.272051 0.286862
vt 0.272051 0.307510
vt 0.272051 0.307510
vt 0.272051 0.286862
vt 0.295445 0.286862
vt 0.295445 0.307510
vt 0.295445 0.307510
vt 0.295445 0.286862
vt 0.318839 0.286862
vt 0.318839 0.307510
vt 0.318839 0.307510
vt 0.318839 0.286862
vt 0.342232 0.286862
vt 0.342232 0.307510
vt 0.365626 0.286862
vt 0.365626 0.307510
vt 0.342232 0.307510
vt 0.342232 0.286862
vt 0.389019 0.286862
vt 0.389019 0.307510
vt 0.365626 0.307510
vt 0.365626 0.286862
vt 0.058790 0.556220
vt 0.042782 0.567850
vt 0.032889 0.536120
vt 0.042782 0.567850
vt 0.022995 0.567850
vt 0.032889 0.536120
vt 0.022995 0.567850
vt 0.006987 0.556220
vt 0.032889 0.536120
vt 0.006987 0.556220
vt 0.000872 0.537401
vt 0.032889 0.536120
vt 0.000872 0.537401
vt 0.006987 0.518582
vt 0.032889 0.536120
vt 0.006987 0.518582
vt 0.022995 0.506951
vt 0.032889 0.536120
vt 0.022995 0.506951
vt 0.042782 0.506951
vt 0.032889 0.536120
vt 0.042782 0.506951
vt 0.058790 0.518582
vt 0.032889 0.536120
vt 0.058790 0.518582
vt 0.064905 0.537401
vt 0.032889 0.536120
vt 0.064905 0.537401
vt 0.058790 0.556220
vt 0.032889 0.536120
vt 0.178477 0.286862
vt 0.178477 0.307510
vt 0.155083 0.307510
vt 0.155083 0.286862
vt 0.178477 0.286862
vt 0.201870 0.286862
vt 0.201870 0.307510
vt 0.178477 0.307510
vt 0.201870 0.307510
vt 0.201870 0.286862
vt 0.225264 0.286862
vt 0.225264 0.307510
vt 0.225264 0.307510
vt 0.225264 0.286862
vt 0.248658 0.286862
vt 0.248658 0.307510
vt 0.248658 0.307510
vt 0.248658 0.286862
vt 0.272051 0.286862
vt 0.272051 0.307510
vt 0.272051 0.307510
vt 0.272051 0.286862
vt 0.295445 0.286862
vt 0.295445 0.307510
vt 0.318839 0.307510
vt 0.295445 0.307510
vt 0.295445 0.286862
vt 0.318839 0.286862
vt 0.342232 0.286862
vt 0.342232 0.307510
vt 0.318839 0.307510
vt 0.318839 0.286862
vt 0.365626 0.286862
vt 0.365626 0.307510
vt 0.342232 0.307510
vt 0.342232 0.286862
vt 0.389019 0.286862
vt 0.389019 0.307510
vt 0.365626 0.307510
vt 0.365626 0.286862
vt 0.058790 0.556220
vt 0.042782 0.567850
vt 0.032889 0.536120
vt 0.042782 0.567850
vt 0.022995 0.567850
vt 0.032889 0.536120
vt 0.022995 0.567850
vt 0.006987 0.556220
vt 0.032889 0.536120
vt 0.006987 0.556220
vt 0.000872 0.537401
vt 0.032889 0.536120
vt 0.000872 0.537401
vt 0.006987 0.518582
vt 0.032889 0.536120
vt 0.006987 0.518582
vt 0.022995 0.506951
vt 0.032889 0.536120
vt 0.022995 0.506951
vt 0.042782 0.506951
vt 0.032889 0.536120
vt 0.042782 0.506951
vt 0.058790 0.518582
vt 0.032889 0.536120
vt 0.058790 0.518582
vt 0.064905 0.537401
vt 0.032889 0.536120
vt 0.064905 0.537401
vt 0.058790 0.556220
vt 0.032889 0.536120
vt 0.155083 0.307510
vt 0.155083 0.286862
vt 0.178477 0.286862
vt 0.178477 0.307510
vt 0.178477 0.307510
vt 0.178477 0.286862
vt 0.201870 0.286862
vt 0.201870 0.307510
vt 0.201870 0.307510
vt 0.201870 0.286862
vt 0.225264 0.286862
vt 0.225264 0.307510
vt 0.225264 0.307510
vt 0.225264 0.286862
vt 0.248658 0.286862
vt 0.248658 0.307510
vt 0.248658 0.307510
vt 0.248658 0.286862
vt 0.272051 0.286862
vt 0.272051 0.307510
vt 0.295445 0.286862
vt 0.295445 0.307510
vt 0.272051 0.307510
vt 0.272051 0.286862
vt 0.318839 0.286862
vt 0.318839 0.307510
vt 0.295445 0.307510
vt 0.295445 0.286862
vt 0.342232 0.286862
vt 0.342232 0.307510
vt 0.318839 0.307510
vt 0.318839 0.286862
vt 0.365626 0.286862
vt 0.365626 0.307510
vt 0.342232 0.307510
vt 0.342232 0.286862
vt 0.389019 0.286862
vt 0.389019 0.307510
vt 0.365626 0.307510
vt 0.365626 0.286862
vt 0.058790 0.556220
vt 0.042782 0.567850
vt 0.032889 0.536120
vt 0.042782 0.567850
vt 0.022995 0.567850
vt 0.032889 0.536120
vt 0.022995 0.567850
vt 0.006987 0.556220
vt 0.032889 0.536120
vt 0.006987 0.556220
vt 0.000872 0.537401
vt 0.032889 0.536120
vt 0.000872 0.537401
vt 0.006987 0.518582
vt 0.032889 0.536120
vt 0.006987 0.518582
vt 0.022995 0.506951
vt 0.032889 0.536120
vt 0.022995 0.506951
vt 0.042782 0.506951
vt 0.032889 0.536120
vt 0.042782 0.506951
vt 0.058790 0.518582
vt 0.032889 0.536120
vt 0.058790 0.518582
vt 0.064905 0.537401
vt 0.032889 0.536120
vt 0.064905 0.537401
vt 0.058790 0.556220
vt 0.032889 0.536120
vn 0.808559 0.587451 0.033669
vn 0.808558 0.587452 0.033669
vn 0.308841 0.950518 0.033671
vn 0.308842 0.950517 0.033671
vn 0.308842 0.950517 0.033671
vn 0.308841 0.950518 0.033671
vn -0.308841 0.950517 0.033672
vn -0.308841 0.950517 0.033672
vn -0.308841 0.950517 0.033672
vn -0.308841 0.950517 0.033672
vn -0.808559 0.587452 0.033672
vn -0.808559 0.587451 0.033672
vn -0.808559 0.587451 0.033672
vn -0.808559 0.587452 0.033672
vn -0.999433 -0.000001 0.033671
vn -0.999433 0.000000 0.033671
vn -0.808558 -0.587452 0.033671
vn -0.808559 -0.587451 0.033671
vn -0.999433 0.000000 0.033671
vn -0.999433 -0.000001 0.033671
vn -0.308841 -0.950517 0.033671
vn -0.308841 -0.950517 0.033671
vn -0.808559 -0.587451 0.033671
vn -0.808558 -0.587452 0.033671
vn 0.308841 -0.950517 0.033672
vn 0.308843 -0.950517 0.033672
vn -0.308841 -0.950517 0.033671
vn -0.308841 -0.950517 0.033671
vn 0.808559 -0.587451 0.033672
vn 0.808559 -0.587451 0.033672
vn 0.308843 -0.950517 0.033672
vn 0.308841 -0.950517 0.033672
vn 0.999433 0.000000 0.033670
vn 0.999433 0.000000 0.033670
vn 0.808559 -0.587451 0.033672
vn 0.808559 -0.587451 0.033672
vn 0.999433 0.000000 0.033670
vn 0.999433 0.000000 0.033670
vn 0.808558 0.587452 0.033669
vn 0.808559 0.587451 0.033669
vn 0.027397 0.019905 0.999426
vn 0.010466 0.032207 0.999426
vn 0.000000 0.000000 1.000000
vn 0.010466 0.032207 0.999426
vn -0.010465 0.032207 0.999426
vn 0.000000 0.000000 1.000000
vn -0.010465 0.032207 0.999426
vn -0.027396 0.019905 0.999426
vn 0.000000 0.000000 1.000000
vn -0.027396 0.019905 0.999426
vn -0.033864 -0.000000 0.999426
vn 0.000000 0.000000 1.000000
vn -0.033864 -0.000000 0.999426
vn -0.027397 -0.019905 0.999426
vn 0.000000 0.000000 1.000000
vn -0.027397 -0.019905 0.999426
vn -0.010466 -0.032207 0.999426
vn 0.000000 0.000000 1.000000
vn -0.010466 -0.032207 0.999426
vn 0.010463 -0.032207 0.999426
vn 0.000000 0.000000 1.000000
vn 0.010463 -0.032207 0.999426
vn 0.027398 -0.019905 0.999426
vn 0.000000 0.000000 1.000000
vn 0.027398 -0.019905 0.999426
vn 0.033865 -0.000000 0.999426
vn 0.000000 0.000000 1.000000
vn 0.033865 -0.000000 0.999426
vn 0.027397 0.019905 0.999426
vn 0.000000 0.000000 1.000000
vn 0.156347 0.987128 0.033669
vn 0.156346 0.987128 0.033669
vn -0.453735 0.890501 0.033669
vn -0.453734 0.890501 0.033669
vn -0.453734 0.890501 0.033669
vn -0.453735 0.890501 0.033669
vn -0.890501 0.453734 0.033671
vn -0.890501 0.453734 0.033671
vn -0.890501 0.453734 0.033671
vn -0.890501 0.453734 0.033671
vn -0.987128 -0.156346 0.033671
vn -0.987128 -0.156347 0.033671
vn -0.706705 -0.706707 0.033670
vn -0.706705 -0.706706 0.033670
vn -0.987128 -0.156347 0.033671
vn -0.987128 -0.156346 0.033671
vn -0.156346 -0.987128 0.033671
vn -0.156347 -0.987128 0.033671
vn -0.706705 -0.706706 0.033670
vn -0.706705 -0.706707 0.033670
vn 0.453733 -0.890501 0.033673
vn 0.453733 -0.890501 0.033673
vn -0.156347 -0.987128 0.033671
vn -0.156346 -0.987128 0.033671
vn 0.890500 -0.453735 0.033673
vn 0.890500 -0.453734 0.033673
vn 0.453733 -0.890501 0.033673
vn 0.453733 -0.890501 0.033673
vn 0.987128 0.156346 0.033673
vn 0.987128 0.156346 0.033673
vn 0.890500 -0.453734 0.033673
vn 0.890500 -0.453735 0.033673
vn 0.987128 0.156346 0.033673
vn 0.987128 0.156346 0.033673
vn 0.706705 0.706707 0.033671
vn 0.706705 0.706707 0.033671
vn 0.706705 0.706707 0.033671
vn 0.706705 0.706707 0.033671
vn 0.156346 0.987128 0.033669
vn 0.156347 0.987128 0.033669
vn 0.005298 0.033447 0.999426
vn -0.015374 0.030173 0.999426
vn -0.000000 0.000000 1.000000
vn -0.015374 0.030173 0.999426
vn -0.030174 0.015374 0.999426
vn -0.000000 0.000000 1.000000
vn -0.030174 0.015374 0.999426
vn -0.033448 -0.005297 0.999426
vn -0.000000 0.000000 1.000000
vn -0.033448 -0.005297 0.999426
vn -0.023946 -0.023945 0.999426
vn -0.000000 0.000000 1.000000
vn -0.023946 -0.023945 0.999426
vn -0.005298 -0.033447 0.999426
vn -0.000000 0.000000 1.000000
vn -0.005298 -0.033447 0.999426
vn 0.015374 -0.030173 0.999426
vn -0.000000 0.000000 1.000000
vn 0.015374 -0.030173 0.999426
vn 0.030174 -0.015374 0.999426
vn -0.000000 0.000000 1.000000
vn 0.030174 -0.015374 0.999426
vn 0.033447 0.005297 0.999426
vn -0.000000 0.000000 1.000000
vn 0.033447 0.005297 0.999426
vn 0.023946 0.023945 0.999426
vn -0.000000 0.000000 1.000000
vn 0.023946 0.023945 0.999426
vn 0.005298 0.033447 0.999426
vn -0.000000 0.000000 1.000000
vn -0.587450 0.808559 0.033668
vn -0.587452 0.808559 0.033668
vn -0.950518 0.308841 0.033670
vn -0.950517 0.308842 0.033670
vn -0.950517 -0.308842 0.033671
vn -0.950517 0.308842 0.033670
vn -0.950518 0.308841 0.033670
vn -0.950517 -0.308842 0.033671
vn -0.587451 -0.808559 0.033672
vn -0.587451 -0.808559 0.033672
vn -0.950517 -0.308842 0.033671
vn -0.950517 -0.308842 0.033671
vn 0.000001 -0.999433 0.033673
vn 0.000000 -0.999433 0.033673
vn -0.587451 -0.808559 0.033672
vn -0.587451 -0.808559 0.033672
vn 0.587451 -0.808559 0.033672
vn 0.587450 -0.808560 0.033672
vn 0.000000 -0.999433 0.033673
vn 0.000001 -0.999433 0.033673
vn 0.950517 -0.308842 0.033672
vn 0.950517 -0.308842 0.033672
vn 0.587450 -0.808560 0.033672
vn 0.587451 -0.808559 0.033672
vn 0.950517 -0.308842 0.033672
vn 0.950518 0.308841 0.033673
vn 0.950517 0.308842 0.033673
vn 0.950517 -0.308842 0.033672
vn 0.950517 0.308842 0.033673
vn 0.950518 0.308841 0.033673
vn 0.587450 0.808559 0.033675
vn 0.587451 0.808559 0.033675
vn 0.587451 0.808559 0.033675
vn 0.587450 0.808559 0.033675
vn -0.000000 0.999433 0.033671
vn -0.000000 0.999433 0.033671
vn -0.000000 0.999433 0.033671
vn -0.000000 0.999433 0.033671
vn -0.587452 0.808559 0.033668
vn -0.587450 0.808559 0.033668
vn -0.019907 0.027397 0.999426
vn -0.032207 0.010465 0.999426
vn -0.000000 -0.000000 1.000000
vn -0.032207 0.010465 0.999426
vn -0.032206 -0.010465 0.999426
vn -0.000000 -0.000000 1.000000
vn -0.032206 -0.010465 0.999426
vn -0.019906 -0.027397 0.999426
vn -0.000000 -0.000000 1.000000
vn -0.019906 -0.027397 0.999426
vn 0.000000 -0.033864 0.999426
vn -0.000000 -0.000000 1.000000
vn 0.000000 -0.033864 0.999426
vn 0.019907 -0.027396 0.999426
vn -0.000000 -0.000000 1.000000
vn 0.019907 -0.027396 0.999426
vn 0.032207 -0.010465 0.999426
vn -0.000000 -0.000000 1.000000
vn 0.032207 -0.010465 0.999426
vn 0.032206 0.010465 0.999426
vn -0.000000 -0.000000 1.000000
vn 0.032206 0.010465 0.999426
vn 0.019906 0.027397 0.999426
vn -0.000000 -0.000000 1.000000
vn 0.019906 0.027397 0.999426
vn -0.000000 0.033864 0.999426
vn -0.000000 -0.000000 1.000000
vn -0.000000 0.033864 0.999426
vn -0.019907 0.027397 0.999426
vn -0.000000 -0.000000 1.000000
vn -0.890500 -0.453735 0.033671
vn -0.890501 -0.453734 0.033671
vn -0.987128 0.156347 0.033669
vn -0.987128 0.156346 0.033669
vn -0.453734 -0.890501 0.033672
vn -0.453734 -0.890501 0.033672
vn -0.890501 -0.453734 0.033671
vn -0.890500 -0.453735 0.033671
vn 0.156346 -0.987128 0.033672
vn 0.156347 -0.987128 0.033672
vn -0.453734 -0.890501 0.033672
vn -0.453734 -0.890501 0.033672
vn 0.706706 -0.706705 0.033672
vn 0.706706 -0.706706 0.033672
vn 0.156347 -0.987128 0.033672
vn 0.156346 -0.987128 0.033672
vn 0.987128 -0.156346 0.033671
vn 0.987128 -0.156347 0.033671
vn 0.706706 -0.706706 0.033672
vn 0.706706 -0.706705 0.033672
vn 0.987128 -0.156347 0.033671
vn 0.987128 -0.156346 0.033671
vn 0.890501 0.453734 0.033674
vn 0.890501 0.453734 0.033674
vn 0.890501 0.453734 0.033674
vn 0.890501 0.453734 0.033674
vn 0.453734 0.890501 0.033674
vn 0.453733 0.890501 0.033674
vn 0.453733 0.890501 0.033674
vn 0.453734 0.890501 0.033674
vn -0.156347 0.987128 0.033672
vn -0.156346 0.987128 0.033672
vn -0.156346 0.987128 0.033672
vn -0.156347 0.987128 0.033672
vn -0.706706 0.706706 0.033671
vn -0.706706 0.706706 0.033671
vn -0.706706 0.706706 0.033671
vn -0.706706 0.706706 0.033671
vn -0.987128 0.156346 0.033669
vn -0.987128 0.156347 0.033669
vn -0.033447 0.005298 0.999426
vn -0.030172 -0.015374 0.999427
vn 0.000000 -0.000000 1.000000
vn -0.030172 -0.015374 0.999427
vn -0.015373 -0.030173 0.999426
vn 0.000000 -0.000000 1.000000
vn -0.015373 -0.030173 0.999426
vn 0.005298 -0.033447 0.999426
vn 0.000000 -0.000000 1.000000
vn 0.005298 -0.033447 0.999426
vn 0.023946 -0.023946 0.999426
vn 0.000000 -0.000000 1.000000
vn 0.023946 -0.023946 0.999426
vn 0.033447 -0.005298 0.999426
vn 0.000000 -0.000000 1.000000
vn 0.033447 -0.005298 0.999426
vn 0.030172 0.015374 0.999427
vn 0.000000 -0.000000 1.000000
vn 0.030172 0.015374 0.999427
vn 0.015373 0.030173 0.999426
vn 0.000000 -0.000000 1.000000
vn 0.015373 0.030173 0.999426
vn -0.005296 0.033447 0.999426
vn 0.000000 -0.000000 1.000000
vn -0.005296 0.033447 0.999426
vn -0.023944 0.023945 0.999427
vn 0.000000 -0.000000 1.000000
vn -0.023944 0.023945 0.999427
vn -0.033447 0.005298 0.999426
vn 0.000000 -0.000000 1.000000
vn -0.308841 -0.950518 0.033671
vn -0.308842 -0.950517 0.033671
vn -0.808559 -0.587451 0.033669
vn -0.808558 -0.587452 0.033669
vn 0.308841 -0.950517 0.033672
vn 0.308841 -0.950517 0.033672
vn -0.308842 -0.950517 0.033671
vn -0.308841 -0.950518 0.033671
vn 0.808559 -0.587452 0.033672
vn 0.808559 -0.587451 0.033672
vn 0.308841 -0.950517 0.033672
vn 0.308841 -0.950517 0.033672
vn 0.999433 0.000001 0.033671
vn 0.999433 -0.000000 0.033671
vn 0.808559 -0.587451 0.033672
vn 0.808559 -0.587452 0.033672
vn 0.999433 -0.000000 0.033671
vn 0.999433 0.000001 0.033671
vn 0.808558 0.587452 0.033671
vn 0.808559 0.587451 0.033671
vn 0.808559 0.587451 0.033671
vn 0.808558 0.587452 0.033671
vn 0.308841 0.950517 0.033671
vn 0.308841 0.950517 0.033671
vn 0.308841 0.950517 0.033671
vn 0.308841 0.950517 0.033671
vn -0.308841 0.950517 0.033672
vn -0.308843 0.950517 0.033672
vn -0.308843 0.950517 0.033672
vn -0.308841 0.950517 0.033672
vn -0.808559 0.587451 0.033672
vn -0.808559 0.587451 0.033672
vn -0.808559 0.587451 0.033672
vn -0.808559 0.587451 0.033672
vn -0.999433 -0.000000 0.033670
vn -0.999433 -0.000000 0.033670
vn -0.808558 -0.587452 0.033669
vn -0.808559 -0.587451 0.033669
vn -0.999433 -0.000000 0.033670
vn -0.999433 -0.000000 0.033670
vn -0.027397 -0.019905 0.999426
vn -0.010466 -0.032207 0.999426
vn -0.000000 -0.000000 1.000000
vn -0.010466 -0.032207 0.999426
vn 0.010465 -0.032207 0.999426
vn -0.000000 -0.000000 1.000000
vn 0.010465 -0.032207 0.999426
vn 0.027396 -0.019905 0.999426
vn -0.000000 -0.000000 1.000000
vn 0.027396 -0.019905 0.999426
vn 0.033864 0.000000 0.999426
vn -0.000000 -0.000000 1.000000
vn 0.033864 0.000000 0.999426
vn 0.027397 0.019905 0.999426
vn -0.000000 -0.000000 1.000000
vn 0.027397 0.019905 0.999426
vn 0.010466 0.032207 0.999426
vn -0.000000 -0.000000 1.000000
vn 0.010466 0.032207 0.999426
vn -0.010463 0.032207 0.999426
vn -0.000000 -0.000000 1.000000
vn -0.010463 0.032207 0.999426
vn -0.027398 0.019905 0.999426
vn -0.000000 -0.000000 1.000000
vn -0.027398 0.019905 0.999426
vn -0.033865 0.000000 0.999426
vn -0.000000 -0.000000 1.000000
vn -0.033865 0.000000 0.999426
vn -0.027397 -0.019905 0.999426
vn -0.000000 -0.000000 1.000000
vn 0.453735 -0.890501 0.033669
vn 0.453734 -0.890501 0.033669
vn -0.156347 -0.987128 0.033669
vn -0.156346 -0.987128 0.033669
vn 0.890501 -0.453734 0.033671
vn 0.890501 -0.453734 0.033671
vn 0.453734 -0.890501 0.033669
vn 0.453735 -0.890501 0.033669
vn 0.987128 0.156346 0.033671
vn 0.987128 0.156347 0.033671
vn 0.890501 -0.453734 0.033671
vn 0.890501 -0.453734 0.033671
vn 0.987128 0.156347 0.033671
vn 0.987128 0.156346 0.033671
vn 0.706705 0.706707 0.033670
vn 0.706705 0.706706 0.033670
vn 0.706705 0.706706 0.033670
vn 0.706705 0.706707 0.033670
vn 0.156346 0.987128 0.033671
vn 0.156347 0.987128 0.033671
vn 0.156347 0.987128 0.033671
vn 0.156346 0.987128 0.033671
vn -0.453733 0.890501 0.033673
vn -0.453733 0.890501 0.033673
vn -0.453733 0.890501 0.033673
vn -0.453733 0.890501 0.033673
vn -0.890500 0.453735 0.033673
vn -0.890500 0.453734 0.033673
vn -0.890500 0.453734 0.033673
vn -0.890500 0.453735 0.033673
vn -0.987128 -0.156346 0.033673
vn -0.987128 -0.156346 0.033673
vn -0.706705 -0.706707 0.033671
vn -0.706705 -0.706707 0.033671
vn -0.987128 -0.156346 0.033673
vn -0.987128 -0.156346 0.033673
vn -0.156346 -0.987128 0.033669
vn -0.156347 -0.987128 0.033669
vn -0.706705 -0.706707 0.033671
vn -0.706705 -0.706707 0.033671
vn -0.005298 -0.033447 0.999426
vn 0.015374 -0.030173 0.999426
vn 0.000000 -0.000000 1.000000
vn 0.015374 -0.030173 0.999426
vn 0.030174 -0.015374 0.999426
vn 0.000000 -0.000000 1.000000
vn 0.030174 -0.015374 0.999426
vn 0.033448 0.005297 0.999426
vn 0.000000 -0.000000 1.000000
vn 0.033448 0.005297 0.999426
vn 0.023946 0.023945 0.999426
vn 0.000000 -0.000000 1.000000
vn 0.023946 0.023945 0.999426
vn 0.005298 0.033447 0.999426
vn 0.000000 -0.000000 1.000000
vn 0.005298 0.033447 0.999426
vn -0.015374 0.030173 0.999426
vn 0.000000 -0.000000 1.000000
vn -0.015374 0.030173 0.999426
vn -0.030174 0.015374 0.999426
vn 0.000000 -0.000000 1.000000
vn -0.030174 0.015374 0.999426
vn -0.033447 -0.005297 0.999426
vn 0.000000 -0.000000 1.000000
vn -0.033447 -0.005297 0.999426
vn -0.023946 -0.023945 0.999426
vn 0.000000 -0.000000 1.000000
vn -0.023946 -0.023945 0.999426
vn -0.005298 -0.033447 0.999426
vn 0.000000 -0.000000 1.000000
vn 0.950518 -0.308841 0.033670
vn 0.950517 -0.308842 0.033670
vn 0.587450 -0.808559 0.033668
vn 0.587452 -0.808559 0.033668
vn 0.950518 -0.308841 0.033670
vn 0.950517 0.308842 0.033671
vn 0.950517 0.308842 0.033671
vn 0.950517 -0.308842 0.033670
vn 0.950517 0.308842 0.033671
vn 0.950517 0.308842 0.033671
vn 0.587451 0.808559 0.033672
vn 0.587451 0.808559 0.033672
vn 0.587451 0.808559 0.033672
vn 0.587451 0.808559 0.033672
vn -0.000001 0.999433 0.033673
vn -0.000000 0.999433 0.033673
vn -0.000000 0.999433 0.033673
vn -0.000001 0.999433 0.033673
vn -0.587451 0.808559 0.033672
vn -0.587450 0.808560 0.033672
vn -0.587450 0.808560 0.033672
vn -0.587451 0.808559 0.033672
vn -0.950517 0.308842 0.033672
vn -0.950517 0.308842 0.033672
vn -0.950517 -0.308842 0.033673
vn -0.950517 0.308842 0.033672
vn -0.950517 0.308842 0.033672
vn -0.950518 -0.308841 0.033673
vn -0.587450 -0.808559 0.033675
vn -0.587451 -0.808559 0.033675
vn -0.950517 -0.308842 0.033673
vn -0.950518 -0.308841 0.033673
vn 0.000000 -0.999433 0.033671
vn 0.000000 -0.999433 0.033671
vn -0.587451 -0.808559 0.033675
vn -0.587450 -0.808559 0.033675
vn 0.587452 -0.808559 0.033668
vn 0.587450 -0.808559 0.033668
vn 0.000000 -0.999433 0.033671
vn 0.000000 -0.999433 0.033671
vn 0.019907 -0.027397 0.999426
vn 0.032207 -0.010465 0.999426
vn 0.000000 0.000000 1.000000
vn 0.032207 -0.010465 0.999426
vn 0.032206 0.010465 0.999426
vn 0.000000 0.000000 1.000000
vn 0.032206 0.010465 0.999426
vn 0.019906 0.027397 0.999426
vn 0.000000 0.000000 1.000000
vn 0.019906 0.027397 0.999426
vn -0.000000 0.033864 0.999426
vn 0.000000 0.000000 1.000000
vn -0.000000 0.033864 0.999426
vn -0.019907 0.027396 0.999426
vn 0.000000 0.000000 1.000000
vn -0.019907 0.027396 0.999426
vn -0.032207 0.010465 0.999426
vn 0.000000 0.000000 1.000000
vn -0.032207 0.010465 0.999426
vn -0.032206 -0.010465 0.999426
vn 0.000000 0.000000 1.000000
vn -0.032206 -0.010465 0.999426
vn -0.019906 -0.027397 0.999426
vn 0.000000 0.000000 1.000000
vn -0.019906 -0.027397 0.999426
vn 0.000000 -0.033864 0.999426
vn 0.000000 0.000000 1.000000
vn 0.000000 -0.033864 0.999426
vn 0.019907 -0.027397 0.999426
vn 0.000000 0.000000 1.000000
vn 0.987128 -0.156347 0.033669
vn 0.987128 -0.156346 0.033669
vn 0.890500 0.453735 0.033671
vn 0.890501 0.453734 0.033671
vn 0.890501 0.453734 0.033671
vn 0.890500 0.453735 0.033671
vn 0.453734 0.890501 0.033672
vn 0.453734 0.890501 0.033672
vn 0.453734 0.890501 0.033672
vn 0.453734 0.890501 0.033672
vn -0.156346 0.987128 0.033672
vn -0.156347 0.987128 0.033672
vn -0.156347 0.987128 0.033672
vn -0.156346 0.987128 0.033672
vn -0.706706 0.706705 0.033672
vn -0.706706 0.706706 0.033672
vn -0.706706 0.706706 0.033672
vn -0.706706 0.706705 0.033672
vn -0.987128 0.156346 0.033671
vn -0.987128 0.156347 0.033671
vn -0.890501 -0.453734 0.033674
vn -0.890501 -0.453734 0.033674
vn -0.987128 0.156347 0.033671
vn -0.987128 0.156346 0.033671
vn -0.453734 -0.890501 0.033674
vn -0.453733 -0.890501 0.033674
vn -0.890501 -0.453734 0.033674
vn -0.890501 -0.453734 0.033674
vn 0.156347 -0.987128 0.033672
vn 0.156346 -0.987128 0.033672
vn -0.453733 -0.890501 0.033674
vn -0.453734 -0.890501 0.033674
vn 0.706706 -0.706706 0.033671
vn 0.706706 -0.706706 0.033671
vn 0.156346 -0.987128 0.033672
vn 0.156347 -0.987128 0.033672
vn 0.987128 -0.156346 0.033669
vn 0.987128 -0.156347 0.033669
vn 0.706706 -0.706706 0.033671
vn 0.706706 -0.706706 0.033671
vn 0.033447 -0.005298 0.999426
vn 0.030172 0.015374 0.999427
vn -0.000000 0.000000 1.000000
vn 0.030172 0.015374 0.999427
vn 0.015373 0.030173 0.999426
vn -0.000000 0.000000 1.000000
vn 0.015373 0.030173 0.999426
vn -0.005298 0.033447 0.999426
vn -0.000000 0.000000 1.000000
vn -0.005298 0.033447 0.999426
vn -0.023946 0.023946 0.999426
vn -0.000000 0.000000 1.000000
vn -0.023946 0.023946 0.999426
vn -0.033447 0.005298 0.999426
vn -0.000000 0.000000 1.000000
vn -0.033447 0.005298 0.999426
vn -0.030172 -0.015374 0.999427
vn -0.000000 0.000000 1.000000
vn -0.030172 -0.015374 0.999427
vn -0.015373 -0.030173 0.999426
vn -0.000000 0.000000 1.000000
vn -0.015373 -0.030173 0.999426
vn 0.005296 -0.033447 0.999426
vn -0.000000 0.000000 1.000000
vn 0.005296 -0.033447 0.999426
vn 0.023944 -0.023945 0.999427
vn -0.000000 0.000000 1.000000
vn 0.023944 -0.023945 0.999427
vn 0.033447 -0.005298 0.999426
vn -0.000000 0.000000 1.000000
s off
g SM_compass_low sm_compass_bolt_low
usemtl lambert2SG
f 1112/1946/4401 1109/1943/4402 1110/1944/4403 1111/1945/4404
f 1111/1945/4405 1110/1944/4406 1113/1947/4407 1114/1948/4408
f 1114/1948/4409 1113/1947/4410 1115/1949/4411 1116/1950/4412
f 1116/1950/4413 1115/1949/4414 1117/1951/4415 1118/1952/4416
f 1119/1953/4417 1120/1954/4418 1118/1952/4419 1117/1951/4420
f 1121/1955/4421 1122/1956/4422 1120/1954/4423 1119/1953/4424
f 1123/1957/4425 1124/1958/4426 1122/1956/4427 1121/1955/4428
f 1125/1959/4429 1126/1960/4430 1124/1958/4431 1123/1957/4432
f 1127/1961/4433 1128/1962/4434 1126/1960/4435 1125/1959/4436
f 1128/1962/4437 1127/1961/4438 1109/1963/4439 1112/1964/4440
f 1112/1965/4441 1111/1966/4442 1129/1967/4443
f 1111/1966/4444 1114/1968/4445 1129/1967/4446
f 1114/1968/4447 1116/1969/4448 1129/1967/4449
f 1116/1969/4450 1118/1970/4451 1129/1967/4452
f 1118/1970/4453 1120/1971/4454 1129/1967/4455
f 1120/1971/4456 1122/1972/4457 1129/1967/4458
f 1122/1972/4459 1124/1973/4460 1129/1967/4461
f 1124/1973/4462 1126/1974/4463 1129/1967/4464
f 1126/1974/4465 1128/1975/4466 1129/1967/4467
f 1128/1975/4468 1112/1965/4469 1129/1967/4470
f 1133/1979/4471 1130/1976/4472 1131/1977/4473 1132/1978/4474
f 1132/1978/4475 1131/1977/4476 1134/1980/4477 1135/1981/4478
f 1135/1981/4479 1134/1980/4480 1136/1982/4481 1137/1983/4482
f 1138/1984/4483 1139/1985/4484 1137/1983/4485 1136/1982/4486
f 1140/1986/4487 1141/1987/4488 1139/1985/4489 1138/1984/4490
f 1142/1988/4491 1143/1989/4492 1141/1987/4493 1140/1986/4494
f 1144/1990/4495 1145/1991/4496 1143/1989/4497 1142/1988/4498
f 1146/1992/4499 1147/1993/4500 1145/1991/4501 1144/1990/4502
f 1147/1993/4503 1146/1992/4504 1148/1994/4505 1149/1995/4506
f 1149/1995/4507 1148/1994/4508 1130/1996/4509 1133/1997/4510
f 1133/1998/4511 1132/1999/4512 1150/2000/4513
f 1132/1999/4514 1135/2001/4515 1150/2000/4516
f 1135/2001/4517 1137/2002/4518 1150/2000/4519
f 1137/2002/4520 1139/2003/4521 1150/2000/4522
f 1139/2003/4523 1141/2004/4524 1150/2000/4525
f 1141/2004/4526 1143/2005/4527 1150/2000/4528
f 1143/2005/4529 1145/2006/4530 1150/2000/4531
f 1145/2006/4532 1147/2007/4533 1150/2000/4534
f 1147/2007/4535 1149/2008/4536 1150/2000/4537
f 1149/2008/4538 1133/1998/4539 1150/2000/4540
f 1154/2012/4541 1151/2009/4542 1152/2010/4543 1153/2011/4544
f 1156/2014/4545 1153/2011/4546 1152/2010/4547 1155/2013/4548
f 1157/2015/4549 1158/2016/4550 1156/2014/4551 1155/2013/4552
f 1159/2017/4553 1160/2018/4554 1158/2016/4555 1157/2015/4556
f 1161/2019/4557 1162/2020/4558 1160/2018/4559 1159/2017/4560
f 1163/2021/4561 1164/2022/4562 1162/2020/4563 1161/2019/4564
f 1163/2021/4565 1165/2023/4566 1166/2024/4567 1164/2022/4568
f 1166/2024/4569 1165/2023/4570 1167/2025/4571 1168/2026/4572
f 1168/2026/4573 1167/2025/4574 1169/2027/4575 1170/2028/4576
f 1170/2028/4577 1169/2027/4578 1151/2029/4579 1154/2030/4580
f 1154/2053/4581 1153/2054/4582 1171/2055/4583
f 1153/2056/4584 1156/2057/4585 1171/2058/4586
f 1156/2059/4587 1158/2060/4588 1171/2061/4589
f 1158/2062/4590 1160/2063/4591 1171/2064/4592
f 1160/2065/4593 1162/2066/4594 1171/2067/4595
f 1162/2068/4596 1164/2069/4597 1171/2070/4598
f 1164/2071/4599 1166/2072/4600 1171/2073/4601
f 1166/2074/4602 1168/2075/4603 1171/2076/4604
f 1168/2077/4605 1170/2078/4606 1171/2079/4607
f 1170/2080/4608 1154/2081/4609 1171/2082/4610
f 1173/2032/4611 1174/2033/4612 1175/2034/4613 1172/2031/4614
f 1176/2035/4615 1177/2036/4616 1174/2033/4617 1173/2032/4618
f 1178/2037/4619 1179/2038/4620 1177/2036/4621 1176/2035/4622
f 1180/2039/4623 1181/2040/4624 1179/2038/4625 1178/2037/4626
f 1182/2041/4627 1183/2042/4628 1181/2040/4629 1180/2039/4630
f 1183/2042/4631 1182/2041/4632 1184/2043/4633 1185/2044/4634
f 1185/2044/4635 1184/2043/4636 1186/2045/4637 1187/2046/4638
f 1187/2046/4639 1186/2045/4640 1188/2047/4641 1189/2048/4642
f 1189/2048/4643 1188/2047/4644 1190/2049/4645 1191/2050/4646
f 1191/2050/4647 1190/2049/4648 1172/2051/4649 1175/2052/4650
f 1175/2083/4651 1174/2084/4652 1192/2085/4653
f 1174/2086/4654 1177/2087/4655 1192/2088/4656
f 1177/2089/4657 1179/2090/4658 1192/2091/4659
f 1179/2092/4660 1181/2093/4661 1192/2094/4662
f 1181/2095/4663 1183/2096/4664 1192/2097/4665
f 1183/2098/4666 1185/2099/4667 1192/2100/4668
f 1185/2101/4669 1187/2102/4670 1192/2103/4671
f 1187/2104/4672 1189/2105/4673 1192/2106/4674
f 1189/2107/4675 1191/2108/4676 1192/2109/4677
f 1191/2110/4678 1175/2111/4679 1192/2112/4680
f 1194/2113/4681 1195/2114/4682 1196/2115/4683 1193/2116/4684
f 1197/2117/4685 1198/2118/4686 1195/2119/4687 1194/2120/4688
f 1199/2121/4689 1200/2122/4690 1198/2123/4691 1197/2124/4692
f 1201/2125/4693 1202/2126/4694 1200/2127/4695 1199/2128/4696
f 1202/2129/4697 1201/2130/4698 1203/2131/4699 1204/2132/4700
f 1204/2133/4701 1203/2134/4702 1205/2135/4703 1206/2136/4704
f 1206/2137/4705 1205/2138/4706 1207/2139/4707 1208/2140/4708
f 1208/2141/4709 1207/2142/4710 1209/2143/4711 1210/2144/4712
f 1210/2145/4713 1209/2146/4714 1211/2147/4715 1212/2148/4716
f 1193/2149/4717 1196/2150/4718 1212/2151/4719 1211/2152/4720
f 1196/2153/4721 1195/2154/4722 1213/2155/4723
f 1195/2156/4724 1198/2157/4725 1213/2158/4726
f 1198/2159/4727 1200/2160/4728 1213/2161/4729
f 1200/2162/4730 1202/2163/4731 1213/2164/4732
f 1202/2165/4733 1204/2166/4734 1213/2167/4735
f 1204/2168/4736 1206/2169/4737 1213/2170/4738
f 1206/2171/4739 1208/2172/4740 1213/2173/4741
f 1208/2174/4742 1210/2175/4743 1213/2176/4744
f 1210/2177/4745 1212/2178/4746 1213/2179/4747
f 1212/2180/4748 1196/2181/4749 1213/2182/4750
f 1215/2183/4751 1216/2184/4752 1217/2185/4753 1214/2186/4754
f 1218/2187/4755 1219/2188/4756 1216/2189/4757 1215/2190/4758
f 1220/2191/4759 1221/2192/4760 1219/2193/4761 1218/2194/4762
f 1221/2195/4763 1220/2196/4764 1222/2197/4765 1223/2198/4766
f 1223/2199/4767 1222/2200/4768 1224/2201/4769 1225/2202/4770
f 1225/2203/4771 1224/2204/4772 1226/2205/4773 1227/2206/4774
f 1227/2207/4775 1226/2208/4776 1228/2209/4777 1229/2210/4778
f 1229/2211/4779 1228/2212/4780 1230/2213/4781 1231/2214/4782
f 1232/2215/4783 1233/2216/4784 1231/2217/4785 1230/2218/4786
f 1214/2219/4787 1217/2220/4788 1233/2221/4789 1232/2222/4790
f 1217/2223/4791 1216/2224/4792 1234/2225/4793
f 1216/2226/4794 1219/2227/4795 1234/2228/4796
f 1219/2229/4797 1221/2230/4798 1234/2231/4799
f 1221/2232/4800 1223/2233/4801 1234/2234/4802
f 1223/2235/4803 1225/2236/4804 1234/2237/4805
f 1225/2238/4806 1227/2239/4807 1234/2240/4808
f 1227/2241/4809 1229/2242/4810 1234/2243/4811
f 1229/2244/4812 1231/2245/4813 1234/2246/4814
f 1231/2247/4815 1233/2248/4816 1234/2249/4817
f 1233/2250/4818 1217/2251/4819 1234/2252/4820
f 1236/2253/4821 1237/2254/4822 1238/2255/4823 1235/2256/4824
f 1236/2257/4825 1239/2258/4826 1240/2259/4827 1237/2260/4828
f 1240/2261/4829 1239/2262/4830 1241/2263/4831 1242/2264/4832
f 1242/2265/4833 1241/2266/4834 1243/2267/4835 1244/2268/4836
f 1244/2269/4837 1243/2270/4838 1245/2271/4839 1246/2272/4840
f 1246/2273/4841 1245/2274/4842 1247/2275/4843 1248/2276/4844
f 1250/2277/4845 1248/2278/4846 1247/2279/4847 1249/2280/4848
f 1251/2281/4849 1252/2282/4850 1250/2283/4851 1249/2284/4852
f 1253/2285/4853 1254/2286/4854 1252/2287/4855 1251/2288/4856
f 1235/2289/4857 1238/2290/4858 1254/2291/4859 1253/2292/4860
f 1238/2293/4861 1237/2294/4862 1255/2295/4863
f 1237/2296/4864 1240/2297/4865 1255/2298/4866
f 1240/2299/4867 1242/2300/4868 1255/2301/4869
f 1242/2302/4870 1244/2303/4871 1255/2304/4872
f 1244/2305/4873 1246/2306/4874 1255/2307/4875
f 1246/2308/4876 1248/2309/4877 1255/2310/4878
f 1248/2311/4879 1250/2312/4880 1255/2313/4881
f 1250/2314/4882 1252/2315/4883 1255/2316/4884
f 1252/2317/4885 1254/2318/4886 1255/2319/4887
f 1254/2320/4888 1238/2321/4889 1255/2322/4890
f 1259/2323/4891 1256/2324/4892 1257/2325/4893 1258/2326/4894
f 1258/2327/4895 1257/2328/4896 1260/2329/4897 1261/2330/4898
f 1261/2331/4899 1260/2332/4900 1262/2333/4901 1263/2334/4902
f 1263/2335/4903 1262/2336/4904 1264/2337/4905 1265/2338/4906
f 1265/2339/4907 1264/2340/4908 1266/2341/4909 1267/2342/4910
f 1268/2343/4911 1269/2344/4912 1267/2345/4913 1266/2346/4914
f 1270/2347/4915 1271/2348/4916 1269/2349/4917 1268/2350/4918
f 1272/2351/4919 1273/2352/4920 1271/2353/4921 1270/2354/4922
f 1274/2355/4923 1275/2356/4924 1273/2357/4925 1272/2358/4926
f 1256/2359/4927 1259/2360/4928 1275/2361/4929 1274/2362/4930
f 1259/2363/4931 1258/2364/4932 1276/2365/4933
f 1258/2366/4934 1261/2367/4935 1276/2368/4936
f 1261/2369/4937 1263/2370/4938 1276/2371/4939
f 1263/2372/4940 1265/2373/4941 1276/2374/4942
f 1265/2375/4943 1267/2376/4944 1276/2377/4945
f 1267/2378/4946 1269/2379/4947 1276/2380/4948
f 1269/2381/4949 1271/2382/4950 1276/2383/4951
f 1271/2384/4952 1273/2385/4953 1276/2386/4954
f 1273/2387/4955 1275/2388/4956 1276/2389/4957
f 1275/2390/4958 1259/2391/4959 1276/2392/4960
