mtllib soviet_gunner_officer.mtl
o soviet_gunner_officer_0
v 0.449670 1.067590 0.232660
v 0.451660 1.073100 0.244550
v 0.454290 1.064260 0.240750
v 0.448730 1.076430 0.237260
v 0.453590 1.086270 0.239610
v 0.452130 1.071770 0.248640
v 0.455510 1.062990 0.245880
v 0.457360 1.083290 0.248260
v 0.466360 1.091800 0.235530
v 0.448180 1.059280 0.251300
v 0.471960 1.087840 0.247160
v 0.457740 1.082060 0.253030
v 0.483490 1.085490 0.241650
v 0.477480 1.089790 0.229300
v 0.473260 1.086140 0.252660
v 0.485370 1.083460 0.247580
v 0.491150 1.076630 0.234400
v 0.482720 1.080860 0.222180
v 0.493470 1.073600 0.240740
v 0.487170 1.080830 0.253930
v 0.473260 1.084240 0.258590
v 0.456140 1.080860 0.259070
v 0.488610 1.074300 0.270510
v 0.446910 1.070870 0.254100
v 0.471510 1.079480 0.273110
v 0.451950 1.079960 0.269630
v 0.435750 1.069920 0.262170
v 0.435860 1.053450 0.259860
v 0.470610 1.072850 0.296540
v 0.435620 1.071600 0.285060
v 0.427000 1.062910 0.276860
v 0.430850 1.045970 0.274800
v 0.445950 1.070370 0.296390
v 0.423730 1.059180 0.300720
v 0.423060 1.049870 0.292180
v 0.430150 1.042090 0.287610
v 0.422250 1.044540 0.298400
v 0.429990 1.037360 0.298650
v 0.420750 1.054180 0.306260
v 0.421920 1.040290 0.304650
v 0.428720 1.033250 0.307530
v 0.427690 1.059460 0.313950
v 0.420220 1.050350 0.311440
v 0.422030 1.037180 0.309290
v 0.427950 1.028470 0.315050
v 0.420490 1.046640 0.315230
v 0.428030 1.055930 0.317980
v 0.421440 1.040690 0.322000
v 0.421950 1.032950 0.317770
v 0.422530 1.029970 0.321850
v 0.428450 1.026070 0.321780
v 0.421500 1.038030 0.326160
v 0.422000 1.036080 0.328890
v 0.427680 1.044640 0.331010
v 0.428380 1.052520 0.322050
v 0.428060 1.047620 0.327890
v 0.437960 1.055700 0.318890
v 0.437270 1.051720 0.323580
v 0.437020 1.047970 0.327600
v 0.442680 1.048470 0.318900
v 0.442810 1.045820 0.321460
v 0.444440 1.053480 0.313830
v 0.442050 1.041760 0.325180
v 0.441190 1.040060 0.329670
v 0.437020 1.043910 0.333270
v 0.441890 1.034000 0.338880
v 0.427730 1.042210 0.333480
v 0.436690 1.038980 0.341640
v 0.427900 1.040090 0.335490
v 0.441480 1.031300 0.343830
v 0.428530 1.036660 0.339020
v 0.436740 1.035050 0.346770
v 0.439530 1.027470 0.351080
v 0.428300 1.032180 0.343020
v 0.423230 1.031450 0.335130
v 0.435700 1.030300 0.352330
v 0.428260 1.027490 0.349710
v 0.433100 1.024640 0.357100
v 0.436570 1.022990 0.355990
v 0.433230 1.017960 0.356200
v 0.423970 1.028020 0.339750
v 0.428900 1.020260 0.357700
v 0.429620 1.014480 0.353880
v 0.427930 1.022760 0.356230
v 0.423840 1.023110 0.347180
v 0.423920 1.018810 0.353770
v 0.425300 1.016760 0.355190
v 0.426220 1.013100 0.349060
v 0.423170 1.015780 0.350520
v 0.425770 1.013950 0.341990
v 0.422290 1.017630 0.343730
v 0.422090 1.021290 0.336410
v 0.426860 1.016480 0.333380
v 0.422500 1.024170 0.330810
v 0.427390 1.019710 0.327500
v 0.422460 1.026940 0.327070
v 0.422590 1.033800 0.331520
v 0.422610 1.028550 0.324270
v 0.465080 1.046420 0.216450
v 0.481760 1.037060 0.217730
v 0.477570 1.040260 0.208470
v 0.489400 1.050870 0.207100
v 0.469920 1.042190 0.225050
v 0.454390 1.058230 0.226880
v 0.493650 1.046890 0.216760
v 0.489740 1.061210 0.210500
v 0.484520 1.035130 0.224210
v 0.458500 1.055600 0.235460
v 0.449670 1.067590 0.232660
v 0.454290 1.064260 0.240750
v 0.472710 1.039260 0.230890
v 0.459850 1.054000 0.244800
v 0.455510 1.062990 0.245880
v 0.448180 1.059280 0.251300
v 0.470710 1.038910 0.242890
v 0.455260 1.049670 0.251380
v 0.435860 1.053450 0.259860
v 0.464720 1.044420 0.249990
v 0.443430 1.043660 0.263930
v 0.430850 1.045970 0.274800
v 0.457550 1.039710 0.263680
v 0.467510 1.037180 0.261240
v 0.453910 1.036180 0.279230
v 0.440260 1.039830 0.276340
v 0.430150 1.042090 0.287610
v 0.442490 1.038710 0.295980
v 0.429990 1.037360 0.298650
v 0.449110 1.037110 0.286640
v 0.462190 1.034780 0.281420
v 0.458510 1.043810 0.307330
v 0.467370 1.037830 0.300010
v 0.451130 1.047320 0.309330
v 0.470900 1.037110 0.314670
v 0.437950 1.037130 0.303860
v 0.428720 1.033250 0.307530
v 0.445310 1.045540 0.310450
v 0.437740 1.032280 0.310720
v 0.427950 1.028470 0.315050
v 0.443960 1.042290 0.313590
v 0.442680 1.048470 0.318900
v 0.444440 1.053480 0.313830
v 0.442810 1.045820 0.321460
v 0.452880 1.054180 0.312540
v 0.443350 1.039010 0.317390
v 0.442050 1.041760 0.325180
v 0.441700 1.034330 0.322540
v 0.441190 1.040060 0.329670
v 0.435750 1.028700 0.317240
v 0.428450 1.026070 0.321780
v 0.440220 1.031780 0.326060
v 0.441890 1.034000 0.338880
v 0.435200 1.027340 0.323110
v 0.442100 1.026690 0.332700
v 0.435560 1.020510 0.327090
v 0.427390 1.019710 0.327500
v 0.442230 1.024570 0.338510
v 0.441480 1.031300 0.343830
v 0.439530 1.019560 0.334220
v 0.434010 1.017060 0.331800
v 0.426860 1.016480 0.333380
v 0.437130 1.017360 0.341720
v 0.441460 1.021310 0.344760
v 0.439530 1.027470 0.351080
v 0.431560 1.014280 0.339920
v 0.425770 1.013950 0.341990
v 0.430710 1.012300 0.347000
v 0.426220 1.013100 0.349060
v 0.429620 1.014480 0.353880
v 0.434990 1.014550 0.349920
v 0.433230 1.017960 0.356200
v 0.439520 1.021260 0.352070
v 0.436570 1.022990 0.355990
v 0.461630 1.049750 0.324140
v 0.464070 1.056280 0.329630
v 0.465010 1.043210 0.319390
v 0.466250 1.040060 0.332190
v 0.463460 1.046190 0.335680
v 0.465930 1.053330 0.340370
v 0.464920 1.044110 0.344640
v 0.468650 1.051150 0.348110
v 0.466260 1.041260 0.364620
v 0.467320 1.038060 0.341260
v 0.464070 1.035300 0.360620
v 0.477060 1.031550 0.333840
v 0.468240 1.028900 0.356820
v 0.476770 1.033230 0.339380
v 0.484590 1.035980 0.339010
v 0.483670 1.035030 0.342330
v 0.484180 1.027390 0.336390
v 0.476550 1.025740 0.357080
v 0.483820 1.028420 0.359720
v 0.487170 1.033180 0.340740
v 0.468280 1.027700 0.360650
v 0.475910 1.024190 0.360510
v 0.483090 1.026170 0.363930
v 0.480560 1.022710 0.365980
v 0.474210 1.021010 0.361850
v 0.473450 1.010650 0.373480
v 0.464210 1.033200 0.364030
v 0.465530 1.038680 0.368890
v 0.463660 1.034900 0.371370
v 0.462570 1.030220 0.366150
v 0.457950 1.022210 0.379480
v 0.465850 1.024390 0.362180
v 0.457130 1.019860 0.373340
v 0.455950 1.017760 0.374360
v 0.456250 1.019860 0.380590
v 0.460410 1.015160 0.368140
v 0.453990 1.016860 0.380890
v 0.467530 1.010880 0.367830
v 0.459720 1.012800 0.369490
v 0.466040 1.008920 0.369800
v 0.471270 1.007020 0.375190
v 0.469260 1.003940 0.375730
v 0.453770 1.014880 0.374670
v 0.451120 1.012080 0.382070
v 0.463760 1.005970 0.370130
v 0.465430 0.999290 0.376040
v 0.457150 1.009700 0.369900
v 0.450810 1.009870 0.376110
v 0.448410 1.004520 0.384210
v 0.459990 1.001640 0.371270
v 0.454290 1.005770 0.371410
v 0.456800 0.997060 0.374210
v 0.462010 0.995010 0.377970
v 0.448820 1.002440 0.378820
v 0.451620 0.999560 0.375430
v 0.455670 0.993880 0.377730
v 0.458770 0.991730 0.381320
v 0.452590 0.992850 0.384710
v 0.451130 0.995110 0.379390
v 0.448310 0.997930 0.381280
v 0.448290 0.998510 0.385700
v 0.475360 1.033030 0.296010
v 0.471200 1.033250 0.279950
v 0.478090 1.029950 0.308220
v 0.482200 1.022840 0.325370
v 0.484360 1.021810 0.302400
v 0.482290 1.025790 0.291540
v 0.492190 1.015280 0.323660
v 0.476790 1.028850 0.277980
v 0.490360 1.013100 0.296050
v 0.474490 1.029200 0.257680
v 0.488310 1.018430 0.285940
v 0.482420 1.021390 0.274230
v 0.484070 1.023420 0.249190
v 0.491550 1.013180 0.268660
v 0.495160 1.008600 0.279670
v 0.495210 1.022710 0.244650
v 0.478680 1.033200 0.235790
v 0.487750 1.032950 0.230740
v 0.496280 1.044320 0.224290
v 0.498640 1.040390 0.231580
v 0.495770 1.057180 0.221090
v 0.488500 1.070200 0.214830
v 0.498610 1.054130 0.227940
v 0.494790 1.065140 0.225840
v 0.498510 1.061910 0.233010
v 0.501690 1.050650 0.236220
v 0.495660 1.070800 0.247450
v 0.501670 1.058360 0.240930
v 0.500650 1.064390 0.264750
v 0.492190 1.064540 0.292670
v 0.506940 1.050820 0.256110
v 0.504380 1.053050 0.286290
v 0.507590 1.040590 0.251020
v 0.514480 1.038430 0.277830
v 0.505150 1.031600 0.246450
v 0.515610 1.023940 0.268640
v 0.511880 1.016880 0.265140
v 0.501590 1.011980 0.265330
v 0.519240 1.016560 0.278590
v 0.513900 1.009500 0.274120
v 0.504620 1.006290 0.275250
v 0.507110 1.000390 0.285080
v 0.498990 1.002360 0.290720
v 0.516470 1.001160 0.287270
v 0.510560 0.996260 0.292290
v 0.503500 1.003390 0.308380
v 0.504820 0.997080 0.297990
v 0.512890 0.991480 0.297270
v 0.516930 0.996330 0.293050
v 0.522340 1.003390 0.291670
v 0.524120 1.010150 0.299200
v 0.521870 0.998080 0.297340
v 0.517930 0.991430 0.297300
v 0.522100 0.994210 0.301180
v 0.505570 0.993080 0.300730
v 0.504880 0.997630 0.308750
v 0.507340 0.983690 0.308360
v 0.505150 0.988750 0.314210
v 0.510550 1.004820 0.310750
v 0.511480 1.000310 0.313430
v 0.510080 0.990930 0.319820
v 0.505150 1.003490 0.315110
v 0.505910 0.985570 0.316750
v 0.508890 0.988100 0.322130
v 0.509330 1.001090 0.314710
v 0.506450 0.985520 0.324080
v 0.507850 0.981160 0.311680
v 0.503680 0.983840 0.318230
v 0.497850 0.977540 0.320950
v 0.499280 0.977660 0.328720
v 0.504950 0.978710 0.313140
v 0.499680 0.974430 0.316710
v 0.496250 0.974230 0.321350
v 0.495690 0.975360 0.329170
v 0.492780 0.974310 0.328710
v 0.497690 0.971900 0.318310
v 0.493140 0.974430 0.320650
v 0.487090 0.972100 0.328000
v 0.486850 0.970600 0.321260
v 0.483450 0.970280 0.327300
v 0.502440 0.970030 0.315070
v 0.494440 0.970980 0.316670
v 0.497120 0.966500 0.315840
v 0.483080 0.969830 0.321940
v 0.480540 0.968820 0.323410
v 0.480400 0.967000 0.326360
v 0.479880 0.962390 0.323470
v 0.480980 0.964970 0.319980
v 0.482360 0.961320 0.318630
v 0.483880 0.959190 0.320270
v 0.484710 0.962890 0.316600
v 0.483820 0.967120 0.317980
v 0.487490 0.967950 0.317460
v 0.489060 0.964120 0.315920
v 0.487510 0.959390 0.318870
v 0.484940 0.958910 0.323610
v 0.479880 0.962390 0.323470
v 0.491810 0.959810 0.318540
v 0.488770 0.959260 0.322940
v 0.482320 0.960940 0.326370
v 0.480400 0.967000 0.326360
v 0.486900 0.961690 0.327360
v 0.482980 0.964770 0.328610
v 0.483450 0.970280 0.327300
v 0.485580 0.966720 0.329660
v 0.487090 0.972100 0.328000
v 0.490840 0.962890 0.327960
v 0.489030 0.967650 0.330560
v 0.492780 0.974310 0.328710
v 0.494420 0.968500 0.330890
v 0.495690 0.975360 0.329170
v 0.492860 0.960690 0.323640
v 0.496630 0.963940 0.328910
v 0.499570 0.970180 0.331960
v 0.499280 0.977660 0.328720
v 0.499310 0.962170 0.318460
v 0.498590 0.960770 0.324310
v 0.501750 0.964720 0.330210
v 0.503630 0.972180 0.331830
v 0.513000 0.981090 0.326890
v 0.506450 0.985520 0.324080
v 0.506810 0.966670 0.330150
v 0.508890 0.988100 0.322130
v 0.503660 0.961520 0.324790
v 0.507960 0.963720 0.324440
v 0.502620 0.963590 0.318210
v 0.500160 0.968350 0.316440
v 0.505200 0.965270 0.317520
v 0.514330 0.972350 0.313910
v 0.509690 0.975130 0.311690
v 0.512290 0.977810 0.310330
v 0.518180 0.972880 0.319660
v 0.512710 0.980510 0.306980
v 0.518200 0.980110 0.307710
v 0.517410 0.975260 0.311850
v 0.523250 0.981670 0.311550
v 0.521630 0.976730 0.316870
v 0.517380 0.976360 0.324760
v 0.522390 0.980140 0.322130
v 0.516800 0.985540 0.325140
v 0.510080 0.990930 0.319820
v 0.524250 0.985570 0.318120
v 0.519470 0.989750 0.321910
v 0.521070 0.998540 0.307170
v 0.518370 1.001610 0.312600
v 0.511480 1.000310 0.313430
v 0.510550 1.004820 0.310750
v 0.521810 1.003220 0.304180
v 0.517380 1.009000 0.309030
v 0.509330 1.001090 0.314710
v 0.520430 1.007300 0.321310
v 0.513910 0.993780 0.326240
v 0.522080 1.015980 0.304140
v 0.518790 1.029070 0.292280
v 0.521950 1.013530 0.314310
v 0.522710 1.019510 0.307730
v 0.519750 0.999540 0.330190
v 0.507640 1.045670 0.302000
v 0.518680 0.992830 0.336950
v 0.512940 0.988550 0.331650
v 0.519310 1.004870 0.335500
v 0.518820 1.013880 0.326130
v 0.518050 0.998180 0.343190
v 0.513060 0.986470 0.342640
v 0.513480 1.008450 0.339020
v 0.509020 0.984140 0.334930
v 0.513030 0.991400 0.347790
v 0.512520 1.002160 0.346130
v 0.505170 1.003320 0.345580
v 0.508430 0.995510 0.350430
v 0.505270 1.008120 0.338450
v 0.503230 0.998940 0.348810
v 0.510180 1.018310 0.328910
v 0.503870 1.016110 0.328570
v 0.491920 0.985370 0.356480
v 0.502830 1.018110 0.326730
v 0.508600 1.023490 0.326970
v 0.502960 1.016710 0.331560
v 0.512780 1.025190 0.323690
v 0.494870 0.982070 0.357680
v 0.497840 0.976660 0.355920
v 0.489190 0.979110 0.357630
v 0.487890 0.983220 0.357200
v 0.491480 0.973910 0.355580
v 0.498750 0.972800 0.350160
v 0.496840 0.971800 0.343220
v 0.493190 0.969680 0.350810
v 0.493570 0.970000 0.343110
v 0.487750 0.972730 0.354400
v 0.485530 0.978190 0.356710
v 0.484890 0.982470 0.356210
v 0.489580 0.968720 0.350090
v 0.490670 0.969530 0.342680
v 0.484010 0.972380 0.353580
v 0.480940 0.977230 0.355150
v 0.477820 0.981210 0.353740
v 0.485180 0.967670 0.348310
v 0.482200 0.966820 0.342930
v 0.477450 0.969480 0.353130
v 0.474590 0.975080 0.354980
v 0.472630 0.978490 0.353690
v 0.479290 0.966050 0.348010
v 0.478340 0.965520 0.343230
v 0.472140 0.973000 0.354350
v 0.468510 0.974410 0.352170
v 0.468770 0.968770 0.349650
v 0.475520 0.965370 0.348280
v 0.473160 0.964870 0.345710
v 0.472200 0.968220 0.351610
v 0.473600 1.068370 0.314570
v 0.448370 1.062690 0.308390
v 0.495370 1.058310 0.310110
v 0.430900 1.063360 0.310110
v 0.438830 1.060130 0.313890
v 0.452880 1.054180 0.312540
v 0.464070 1.056280 0.329630
v 0.474570 1.062010 0.333030
v 0.465930 1.053330 0.340370
v 0.486750 1.061240 0.331830
v 0.474730 1.058910 0.344140
v 0.468650 1.051150 0.348110
v 0.475380 1.054900 0.350530
v 0.487470 1.056000 0.343130
v 0.473080 1.043490 0.367540
v 0.466260 1.041260 0.364620
v 0.465530 1.038680 0.368890
v 0.495540 1.053030 0.328600
v 0.499300 1.050020 0.327080
v 0.492220 1.047690 0.338260
v 0.507530 1.043840 0.324350
v 0.499410 1.044140 0.336290
v 0.488730 1.043290 0.344150
v 0.485640 1.051550 0.349450
v 0.481680 1.040740 0.367070
v 0.486080 1.033750 0.363570
v 0.490200 1.041810 0.339340
v 0.484590 1.035980 0.339010
v 0.483670 1.035030 0.342330
v 0.487170 1.033180 0.340740
v 0.483820 1.028420 0.359720
v 0.483090 1.026170 0.363930
v 0.498080 1.038630 0.340910
v 0.493750 1.024890 0.356500
v 0.485240 1.030420 0.367980
v 0.482820 1.026120 0.371220
v 0.480560 1.022710 0.365980
v 0.480480 1.037060 0.372920
v 0.477780 1.031000 0.376370
v 0.474010 1.012380 0.377950
v 0.473450 1.010650 0.373480
v 0.471270 1.007020 0.375190
v 0.471510 1.040160 0.372580
v 0.468770 1.034850 0.375890
v 0.463660 1.034900 0.371370
v 0.457950 1.022210 0.379480
v 0.462460 1.020710 0.383370
v 0.456250 1.019860 0.380590
v 0.469460 1.016230 0.382820
v 0.460390 1.017810 0.384790
v 0.453990 1.016860 0.380890
v 0.471990 1.007870 0.379800
v 0.467210 1.012250 0.384530
v 0.470150 1.005140 0.381000
v 0.469260 1.003940 0.375730
v 0.464870 1.008920 0.385200
v 0.458710 1.014630 0.385690
v 0.461110 1.004920 0.384790
v 0.466620 0.999910 0.381130
v 0.465430 0.999290 0.376040
v 0.454410 1.010420 0.385960
v 0.451120 1.012080 0.382070
v 0.448410 1.004520 0.384210
v 0.463600 0.996330 0.381900
v 0.462010 0.995010 0.377970
v 0.450480 1.003690 0.386930
v 0.448290 0.998510 0.385700
v 0.457340 0.999040 0.386500
v 0.459940 0.993480 0.383200
v 0.458770 0.991730 0.381320
v 0.450970 0.999390 0.387240
v 0.452590 0.992850 0.384710
v 0.454370 0.994560 0.386190
v 0.522160 1.026220 0.312740
v 0.515950 1.032900 0.316650
v 0.512890 1.036680 0.319630
v 0.520570 1.020290 0.320250
v 0.508410 1.039480 0.332220
v 0.511640 1.030100 0.327780
v 0.507240 1.036010 0.338000
v 0.509860 1.026270 0.332530
v 0.501340 1.024470 0.358580
v 0.492740 1.021390 0.361420
v 0.507750 1.019940 0.356020
v 0.500660 1.020410 0.364340
v 0.508730 1.012750 0.350420
v 0.505920 1.008820 0.346720
v 0.505350 1.004540 0.352160
v 0.508680 1.007620 0.356040
v 0.506580 1.014830 0.362650
v 0.504050 1.002210 0.360900
v 0.501290 0.999910 0.355980
v 0.492980 0.990980 0.363930
v 0.502540 1.009620 0.367400
v 0.494420 0.992430 0.369570
v 0.490070 0.988500 0.364380
v 0.493630 0.997360 0.375090
v 0.490100 0.987770 0.370600
v 0.486380 0.992600 0.376340
v 0.485950 0.985320 0.369930
v 0.486030 0.986420 0.363320
v 0.488870 1.003420 0.376180
v 0.482200 0.990500 0.375760
v 0.478830 0.982570 0.369190
v 0.478140 0.982470 0.363740
v 0.496920 1.015230 0.368550
v 0.490600 1.017830 0.364740
v 0.483830 1.006520 0.372620
v 0.480080 1.003540 0.373900
v 0.482130 0.999290 0.377930
v 0.477350 1.001940 0.374210
v 0.478830 0.997910 0.377340
v 0.471810 0.993980 0.375960
v 0.469660 0.997480 0.372430
v 0.475410 0.987350 0.374840
v 0.466780 0.991330 0.375500
v 0.463250 0.991950 0.371650
v 0.474480 0.980190 0.368420
v 0.471530 0.979990 0.363430
v 0.463780 0.988400 0.374670
v 0.461450 0.987900 0.371280
v 0.470260 0.984170 0.374770
v 0.469620 0.978610 0.369480
v 0.467130 0.978690 0.366090
v 0.462690 0.981740 0.368930
v 0.464800 0.981670 0.373230
v 0.495350 1.008100 0.313640
v 0.500440 1.007000 0.318780
v 0.498740 1.013100 0.323940
v 0.500660 0.998790 0.328530
v 0.502830 1.018110 0.326730
v 0.503870 1.016110 0.328570
v 0.499510 1.004490 0.333810
v 0.505270 1.008120 0.338450
v 0.499520 1.000390 0.337760
v 0.505170 1.003320 0.345580
v 0.503230 0.998940 0.348810
v 0.492420 1.017480 0.329280
v 0.502960 1.016710 0.331560
v 0.486820 1.021790 0.331630
v 0.489050 1.013450 0.346510
v 0.495940 1.007870 0.343890
v 0.505920 1.008820 0.346720
v 0.495050 1.005170 0.350270
v 0.505350 1.004540 0.352160
v 0.490220 1.009700 0.352000
v 0.501290 0.999910 0.355980
v 0.488200 1.019560 0.351740
v 0.493750 1.024890 0.356500
v 0.488680 1.015630 0.357510
v 0.492740 1.021390 0.361420
v 0.490600 1.017830 0.364740
v 0.485340 1.012350 0.359920
v 0.483830 1.006520 0.372620
v 0.486670 1.005740 0.354030
v 0.480880 1.005590 0.365260
v 0.479290 1.002720 0.366490
v 0.480080 1.003540 0.373900
v 0.477350 1.001940 0.374210
v 0.476930 1.001490 0.366170
v 0.469660 0.997480 0.372430
v 0.482610 0.997910 0.361090
v 0.482790 0.999440 0.358570
v 0.492900 1.000710 0.352280
v 0.488340 0.993130 0.357720
v 0.492980 0.990980 0.363930
v 0.486750 0.991750 0.360420
v 0.490070 0.988500 0.364380
v 0.486030 0.986420 0.363320
v 0.483780 0.990530 0.359420
v 0.478140 0.982470 0.363740
v 0.480410 0.996780 0.359830
v 0.475650 0.986420 0.358960
v 0.471530 0.979990 0.363430
v 0.471290 0.992250 0.359220
v 0.468890 0.996830 0.365480
v 0.469090 0.982890 0.360970
v 0.466050 0.988350 0.361570
v 0.463780 0.992080 0.366870
v 0.463250 0.991950 0.371650
v 0.461870 0.988570 0.367670
v 0.461450 0.987900 0.371280
v 0.462690 0.981740 0.368930
v 0.463020 0.984640 0.365020
v 0.466890 0.980790 0.363440
v 0.467130 0.978690 0.366090
v 0.506920 0.994530 0.325370
v 0.513910 0.993780 0.326240
v 0.500740 0.995060 0.333000
v 0.506410 0.990250 0.330660
v 0.512940 0.988550 0.331650
v 0.509020 0.984140 0.334930
v 0.503020 0.986100 0.332410
v 0.492250 0.978910 0.337390
v 0.496840 0.971800 0.343220
v 0.496720 0.991380 0.334340
v 0.495030 0.996980 0.339990
v 0.488890 0.984520 0.339370
v 0.487510 0.988670 0.346200
v 0.491920 0.985370 0.356480
v 0.487430 0.981790 0.341760
v 0.485820 0.986350 0.347430
v 0.487890 0.983220 0.357200
v 0.484890 0.982470 0.356210
v 0.489590 0.977390 0.340080
v 0.493570 0.970000 0.343110
v 0.490670 0.969530 0.342680
v 0.487680 0.976380 0.339230
v 0.482200 0.966820 0.342930
v 0.485690 0.982240 0.341300
v 0.484380 0.985920 0.347450
v 0.477820 0.981210 0.353740
v 0.474690 0.982570 0.345950
v 0.472630 0.978490 0.353690
v 0.479290 0.972700 0.338870
v 0.478340 0.965520 0.343230
v 0.475920 0.979160 0.340710
v 0.469830 0.977990 0.348220
v 0.468510 0.974410 0.352170
v 0.473920 0.970230 0.340520
v 0.473160 0.964870 0.345710
v 0.470350 0.975560 0.343110
v 0.470840 0.968820 0.343620
v 0.468770 0.968770 0.349650
v 0.467740 0.976280 0.348770
v 0.467760 0.971680 0.346470
v -0.227290 0.478710 0.027230
v -0.223980 0.489800 0.066590
v -0.239190 0.468200 0.068660
v -0.227390 0.492760 0.030850
v -0.224400 0.514230 0.041750
v -0.193900 0.525920 -0.012340
v -0.219990 0.478990 0.105160
v -0.220620 0.469750 0.024080
v -0.184280 0.463020 -0.001570
v -0.226650 0.457640 0.071720
v -0.212050 0.455160 0.027240
v -0.234730 0.460090 0.104580
v -0.226230 0.447830 0.071880
v -0.226340 0.439290 0.094650
v -0.235310 0.429830 0.065880
v -0.222720 0.448830 0.125060
v -0.219040 0.433410 0.114260
v -0.230800 0.417890 0.101230
v -0.204810 0.432610 0.140210
v -0.205760 0.476990 0.128050
v -0.198360 0.504270 0.126180
v -0.195630 0.398840 0.142930
v -0.226810 0.511880 0.094540
v -0.233850 0.513430 0.061350
v -0.222960 0.540490 0.092400
v -0.228730 0.540810 0.058570
v -0.222380 0.541890 0.037800
v -0.228430 0.593800 0.085910
v -0.195600 0.553050 0.119320
v -0.161440 0.551400 0.137850
v -0.234860 0.596230 0.050150
v -0.187230 0.604910 0.125670
v -0.172660 0.500310 0.144550
v -0.152410 0.605670 0.139550
v -0.123020 0.545320 0.143190
v -0.182270 0.464920 0.144170
v -0.154390 0.415360 0.151790
v -0.145720 0.448100 0.148580
v -0.125020 0.491550 0.146740
v -0.126610 0.407800 0.143610
v -0.115030 0.436760 0.141090
v -0.085720 0.535360 0.135880
v -0.088300 0.474930 0.130850
v -0.096160 0.432130 0.119790
v -0.106510 0.408880 0.117400
v -0.074130 0.458810 0.107040
v -0.106010 0.387330 0.111900
v -0.046500 0.512280 0.108950
v -0.093870 0.415240 0.099600
v -0.043380 0.572050 0.105010
v -0.090790 0.430360 0.097970
v -0.088460 0.395140 0.104670
v -0.076860 0.429960 0.077240
v -0.069220 0.406450 0.079390
v -0.084740 0.405280 0.074340
v -0.094000 0.404400 0.070410
v -0.080530 0.441890 0.089940
v -0.064040 0.452810 0.062790
v -0.096450 0.384650 0.095880
v -0.095860 0.380050 0.058510
v -0.108920 0.372890 0.102400
v -0.101200 0.365450 0.053220
v -0.061590 0.464470 0.076580
v -0.056930 0.480620 0.048180
v -0.044740 0.488250 0.079290
v -0.035880 0.527220 0.049430
v -0.024560 0.545990 0.076750
v -0.018700 0.576480 0.043520
v -0.020000 0.604640 0.061580
v -0.012190 0.618660 0.032750
v -0.013200 0.635100 0.054120
v -0.002820 0.647440 0.026240
v -0.001970 0.669140 0.049670
v -0.036490 0.627270 0.098820
v -0.027320 0.663810 0.096030
v -0.005270 0.693420 0.088170
v -0.076510 0.591050 0.125590
v -0.053720 0.710720 0.107010
v -0.113460 0.601080 0.139380
v -0.069590 0.643890 0.120770
v -0.007680 0.716670 0.106890
v -0.063510 0.672800 0.121810
v -0.107410 0.653850 0.133410
v -0.141610 0.656450 0.139190
v -0.098630 0.692440 0.133150
v -0.081550 0.722710 0.122520
v -0.179110 0.650620 0.130560
v -0.130140 0.708710 0.135370
v -0.165760 0.701660 0.131670
v -0.209180 0.641860 0.104070
v -0.125090 0.728290 0.124050
v -0.157210 0.731040 0.131710
v -0.110410 0.760150 0.113920
v -0.191140 0.732870 0.117340
v -0.071890 0.744360 0.113370
v -0.063160 0.751560 0.109630
v -0.042990 0.727140 0.109380
v -0.029020 0.740430 0.107670
v -0.009970 0.739180 0.114150
v -0.193000 0.701810 0.107380
v -0.206640 0.734970 0.097810
v -0.201800 0.690320 0.112960
v -0.212130 0.700500 0.089960
v -0.214530 0.733990 0.077170
v -0.227790 0.663130 0.084020
v -0.233340 0.636500 0.077730
v -0.216380 0.708510 0.070450
v -0.215830 0.735400 0.050990
v -0.235010 0.688660 0.066760
v -0.238250 0.660380 0.053360
v -0.240320 0.628990 0.042120
v -0.227770 0.662910 0.031190
v -0.230290 0.690070 0.024920
v -0.219700 0.707460 0.026590
v -0.209020 0.738000 0.021860
v -0.231060 0.596330 0.032940
v -0.227640 0.630750 0.011850
v -0.210860 0.709990 -0.001660
v -0.202310 0.739050 -0.008730
v -0.216490 0.696170 0.005890
v -0.194250 0.718380 -0.025650
v -0.189060 0.704910 -0.030390
v -0.189590 0.737450 -0.035870
v -0.204800 0.676750 -0.002920
v -0.177730 0.686160 -0.029420
v -0.203500 0.645440 -0.015230
v -0.177330 0.659280 -0.040720
v -0.157450 0.686140 -0.052630
v -0.161720 0.711870 -0.055520
v -0.154530 0.652250 -0.053890
v -0.163240 0.723630 -0.059350
v -0.137470 0.682780 -0.073470
v -0.134220 0.713290 -0.079210
v -0.159490 0.746480 -0.053230
v -0.168910 0.736520 -0.057610
v -0.135490 0.729140 -0.082190
v -0.137120 0.745360 -0.078630
v -0.142820 0.737300 -0.085940
v -0.111610 0.742580 -0.108120
v -0.117660 0.736200 -0.113290
v -0.108230 0.708060 -0.101630
v -0.110470 0.725310 -0.104500
v -0.090230 0.745060 -0.121520
v -0.093580 0.731720 -0.131760
v -0.113460 0.672650 -0.088460
v -0.083810 0.717350 -0.117050
v -0.063210 0.741400 -0.127270
v -0.063720 0.731020 -0.134290
v -0.027030 0.727960 -0.129040
v -0.081060 0.693220 -0.109380
v -0.053810 0.709840 -0.120470
v -0.026000 0.738350 -0.123360
v -0.000520 0.725380 -0.125480
v 0.000100 0.744060 -0.122140
v 0.033750 0.727610 -0.125230
v -0.005990 0.707390 -0.105840
v -0.022010 0.703680 -0.109710
v -0.049180 0.675320 -0.101870
v -0.020350 0.673320 -0.083020
v -0.006590 0.679880 -0.074400
v -0.086360 0.659860 -0.091440
v -0.049600 0.647970 -0.073050
v -0.023080 0.652170 -0.056280
v -0.006170 0.658100 -0.038790
v -0.014220 0.621460 -0.004580
v -0.003720 0.637000 0.003370
v -0.002820 0.647440 0.026240
v -0.012190 0.618660 0.032750
v -0.057480 0.622340 -0.056330
v -0.028710 0.570920 0.019100
v -0.018700 0.576480 0.043520
v -0.035880 0.527220 0.049430
v -0.026880 0.603590 -0.012770
v -0.052750 0.509900 0.009930
v -0.090030 0.623560 -0.076830
v -0.062610 0.591320 -0.048280
v -0.048140 0.555710 -0.017340
v -0.096020 0.588820 -0.063820
v -0.072530 0.548120 -0.034850
v -0.067090 0.501040 -0.011860
v -0.056930 0.480620 0.048180
v -0.060850 0.462990 0.029010
v -0.090710 0.461690 -0.006840
v -0.091000 0.504690 -0.025910
v -0.103560 0.546370 -0.045060
v -0.062200 0.433230 0.037320
v -0.127050 0.555000 -0.039720
v -0.060560 0.423600 0.062360
v -0.064040 0.452810 0.062790
v -0.076860 0.429960 0.077240
v -0.069220 0.406450 0.079390
v -0.067920 0.410210 0.048000
v -0.084740 0.405280 0.074340
v -0.091330 0.427150 0.012730
v -0.081020 0.408450 0.043880
v -0.094000 0.404400 0.070410
v -0.099760 0.401800 0.044000
v -0.095860 0.380050 0.058510
v -0.100320 0.420120 0.017720
v -0.117240 0.426630 0.004380
v -0.099850 0.388130 0.039440
v -0.101200 0.365450 0.053220
v -0.109540 0.413260 0.022850
v -0.110840 0.398620 0.018740
v -0.098740 0.371810 0.032900
v -0.116550 0.349110 0.043800
v -0.111550 0.364730 0.016880
v -0.108350 0.384280 0.011950
v -0.125220 0.375690 -0.002350
v -0.123770 0.402600 0.005190
v -0.121530 0.393010 -0.002820
v -0.137140 0.381270 -0.013270
v -0.123210 0.421500 0.010140
v -0.137150 0.407030 0.000030
v -0.134670 0.397870 -0.012150
v -0.137490 0.425020 0.001990
v -0.151210 0.412960 -0.005500
v -0.152990 0.407050 -0.017780
v -0.162700 0.384980 -0.020150
v -0.191980 0.402570 -0.006460
v -0.197340 0.377690 -0.009380
v -0.175850 0.415610 -0.019780
v -0.172110 0.426930 -0.014890
v -0.222670 0.385180 0.021760
v -0.222110 0.367260 0.014930
v -0.226280 0.357640 0.040980
v -0.194370 0.416110 -0.011190
v -0.226550 0.409330 0.024480
v -0.190130 0.429200 -0.002860
v -0.209850 0.425780 0.017070
v -0.186060 0.441940 0.003580
v -0.157450 0.436190 -0.015060
v -0.129660 0.435490 -0.016610
v -0.155670 0.448830 -0.004730
v -0.108230 0.438590 -0.007210
v -0.134910 0.451710 -0.009600
v -0.112080 0.471910 -0.004200
v -0.133380 0.461620 -0.008330
v -0.119220 0.505950 -0.034160
v -0.142340 0.481890 -0.024530
v -0.157560 0.465100 -0.016370
v -0.143330 0.515510 -0.027880
v -0.175530 0.486900 -0.010580
v -0.181550 0.450250 0.007290
v -0.179030 0.520190 -0.016850
v -0.212710 0.441370 0.021420
v -0.229330 0.414510 0.059390
v -0.228650 0.399390 0.091260
v -0.235140 0.396840 0.053160
v -0.234670 0.375190 0.046110
v -0.232630 0.375620 0.084580
v -0.201230 0.379670 0.128900
v -0.225490 0.361870 0.073870
v -0.221430 0.349460 0.066120
v -0.201920 0.339920 0.089130
v -0.199610 0.357340 0.114510
v -0.199580 0.343800 0.100770
v -0.167990 0.332640 0.095860
v -0.166920 0.338170 0.115000
v -0.166230 0.347560 0.126000
v -0.135200 0.343950 0.095290
v -0.144150 0.331790 0.085780
v -0.137590 0.335490 0.070900
v -0.160080 0.365380 0.137910
v -0.143220 0.354890 0.111960
v -0.107660 0.341600 0.084970
v -0.116550 0.349110 0.043800
v -0.112570 0.353760 0.107820
v -0.134170 0.374440 0.133300
v -0.139980 0.390580 0.145040
v -0.162420 0.391160 0.150250
v -0.171910 0.617680 -0.029880
v -0.177860 0.595300 -0.018480
v -0.176930 0.581640 -0.019560
v -0.192540 0.613850 -0.014570
v -0.217760 0.599180 0.010470
v -0.204570 0.564720 0.015440
v -0.202650 0.546070 0.003550
v -0.166580 0.570320 -0.036180
v -0.152600 0.610920 -0.052060
v -0.152730 0.561540 -0.038890
v -0.139560 0.603090 -0.061630
v -0.119200 0.593380 -0.061740
v -0.136060 0.644010 -0.068460
v -0.117370 0.632050 -0.078890
v 0.011510 0.736370 0.116260
v 0.041980 0.715520 0.116630
v 0.007440 0.717300 0.110740
v -0.007680 0.716670 0.106890
v -0.009970 0.739180 0.114150
v 0.039350 0.737950 0.112890
v 0.075690 0.738400 0.128440
v 0.005400 0.693570 0.088500
v -0.005270 0.693420 0.088170
v 0.048800 0.697350 0.101680
v 0.081570 0.725660 0.110660
v 0.126850 0.741100 0.127420
v 0.004100 0.670840 0.048810
v -0.001970 0.669140 0.049670
v 0.003780 0.647620 0.026740
v -0.002820 0.647440 0.026240
v 0.024880 0.652220 0.082790
v 0.016890 0.637400 0.056480
v 0.014110 0.621260 0.037410
v 0.028890 0.571100 0.062570
v 0.028310 0.555460 0.046950
v 0.036810 0.597480 0.090620
v 0.049490 0.671870 0.106710
v 0.044960 0.514960 0.074680
v 0.050820 0.503490 0.053320
v 0.043530 0.521940 0.091690
v 0.060480 0.620910 0.114410
v 0.068770 0.455840 0.073480
v 0.076340 0.567950 0.130360
v 0.054410 0.450810 0.053910
v 0.075270 0.486950 0.115160
v 0.093340 0.508520 0.131260
v 0.075140 0.413410 0.097380
v 0.070940 0.417940 0.061050
v 0.068000 0.397290 0.064160
v 0.128950 0.521660 0.147180
v 0.082700 0.395490 0.104190
v 0.094590 0.391630 0.065820
v 0.090190 0.426580 0.102390
v 0.108240 0.399840 0.129150
v 0.093690 0.442120 0.120540
v 0.107660 0.415810 0.127950
v 0.107870 0.452480 0.139510
v 0.120500 0.416690 0.141440
v 0.131620 0.460090 0.147390
v 0.135370 0.419220 0.146630
v 0.123290 0.397970 0.139350
v 0.107650 0.393490 0.126710
v 0.140830 0.395040 0.144660
v 0.112750 0.388210 0.095460
v 0.104520 0.378270 0.058500
v 0.129670 0.383570 0.132240
v 0.119410 0.386800 0.109500
v 0.114300 0.367280 0.096110
v 0.128890 0.375290 0.117230
v 0.102240 0.359370 0.054770
v 0.145880 0.367060 0.123940
v 0.148610 0.376570 0.136930
v 0.177450 0.399270 0.141170
v 0.144960 0.341570 0.107440
v 0.137540 0.332260 0.072920
v 0.117370 0.347260 0.045620
v 0.144030 0.328130 0.087420
v 0.167860 0.328480 0.097470
v 0.171310 0.342880 0.111760
v 0.201810 0.335740 0.091030
v 0.173620 0.359220 0.126570
v 0.201810 0.354060 0.100660
v 0.176510 0.376970 0.137100
v 0.204840 0.368330 0.112550
v 0.206640 0.385850 0.121200
v 0.223740 0.356470 0.068890
v 0.221410 0.345550 0.068670
v 0.232610 0.379720 0.090410
v 0.226400 0.354310 0.043990
v 0.225990 0.364750 0.076260
v 0.234620 0.373060 0.047250
v 0.234110 0.374840 0.067170
v 0.236420 0.379650 0.075030
v 0.228910 0.385900 0.050690
v 0.230590 0.372240 0.023290
v 0.222460 0.363150 0.017990
v 0.223210 0.384880 0.029060
v 0.201680 0.381570 -0.001960
v 0.197930 0.371940 -0.006890
v 0.163400 0.378490 -0.018570
v 0.238420 0.389210 0.073650
v 0.233830 0.399470 0.026590
v 0.162290 0.395890 -0.017490
v 0.137760 0.375390 -0.011590
v 0.206080 0.395440 -0.004070
v 0.134920 0.390810 -0.012740
v 0.125710 0.370660 -0.000490
v 0.158920 0.418720 -0.008840
v 0.204040 0.420220 0.006050
v 0.116950 0.383900 -0.002610
v 0.111930 0.360750 0.019350
v 0.133280 0.415710 -0.003550
v 0.121780 0.406630 0.011160
v 0.105750 0.371010 0.020750
v 0.117370 0.347260 0.045620
v 0.102240 0.359370 0.054770
v 0.100390 0.391510 0.030220
v 0.104520 0.378270 0.058500
v 0.094590 0.391630 0.065820
v 0.092690 0.404600 0.033450
v 0.068000 0.397290 0.064160
v 0.111990 0.418720 0.014410
v 0.127190 0.424570 0.001740
v 0.095080 0.432830 0.011410
v 0.075700 0.413890 0.032230
v 0.070940 0.417940 0.061050
v 0.071820 0.434960 0.045690
v 0.054410 0.450810 0.053910
v 0.118910 0.437940 0.001330
v 0.049660 0.485370 0.029230
v 0.050820 0.503490 0.053320
v 0.085310 0.454380 0.012240
v 0.107230 0.455240 -0.003930
v 0.042540 0.537680 0.013910
v 0.028310 0.555460 0.046950
v 0.067790 0.486100 0.006870
v 0.091990 0.486820 -0.008700
v 0.070250 0.522440 -0.013150
v 0.025210 0.592880 0.003250
v 0.014110 0.621260 0.037410
v 0.054730 0.569350 -0.029300
v 0.013320 0.623860 -0.004470
v 0.003780 0.647620 0.026740
v 0.046610 0.607770 -0.042330
v 0.003830 0.636250 0.004410
v -0.003720 0.637000 0.003370
v -0.002820 0.647440 0.026240
v 0.005980 0.657900 -0.039540
v -0.006170 0.658100 -0.038790
v 0.016770 0.654600 -0.053700
v 0.005220 0.679980 -0.073590
v -0.006590 0.679880 -0.074400
v 0.007100 0.704960 -0.104070
v -0.005990 0.707390 -0.105840
v 0.000100 0.744060 -0.122140
v 0.033750 0.727610 -0.125230
v 0.019160 0.677300 -0.086590
v 0.020210 0.705790 -0.110800
v 0.059550 0.696400 -0.115040
v 0.069480 0.729910 -0.122520
v 0.048620 0.671820 -0.099790
v 0.045280 0.647040 -0.073010
v 0.098730 0.669640 -0.094330
v 0.103150 0.702680 -0.100860
v 0.114340 0.731870 -0.102640
v 0.150000 0.712090 -0.065000
v 0.156730 0.732790 -0.071630
v 0.139990 0.679600 -0.068980
v 0.095810 0.632450 -0.083660
v 0.136430 0.648390 -0.066130
v 0.098100 0.598460 -0.067530
v 0.133220 0.604410 -0.070930
v 0.103460 0.562960 -0.046100
v 0.117080 0.528650 -0.035860
v 0.143140 0.563340 -0.056290
v 0.130800 0.484350 -0.025480
v 0.142590 0.531500 -0.041930
v 0.149870 0.455710 -0.016420
v 0.166220 0.503270 -0.029330
v 0.164830 0.533030 -0.045020
v 0.159370 0.565890 -0.034520
v 0.152020 0.442550 -0.007900
v 0.195650 0.460490 -0.001320
v 0.155100 0.429730 -0.005110
v 0.194120 0.499590 -0.020750
v 0.202640 0.445150 0.009110
v 0.226890 0.471130 0.016560
v 0.171810 0.540440 -0.023720
v 0.208100 0.433010 0.016240
v 0.224620 0.449600 0.033100
v 0.228440 0.414990 0.029890
v 0.230400 0.431410 0.030040
v 0.238310 0.397340 0.052300
v 0.233050 0.412980 0.059140
v 0.230910 0.407750 0.080170
v 0.237220 0.423920 0.063870
v 0.230500 0.439290 0.068800
v 0.232870 0.415860 0.086840
v 0.226730 0.401520 0.098560
v 0.230300 0.411730 0.102420
v 0.223420 0.411480 0.119270
v 0.229870 0.429300 0.093350
v 0.237730 0.439840 0.099770
v 0.241150 0.450910 0.072020
v 0.170300 0.432110 0.141990
v 0.218000 0.440440 0.121810
v 0.213330 0.456310 0.117010
v 0.167970 0.460070 0.144980
v 0.226870 0.468100 0.096950
v 0.205760 0.535430 0.118080
v 0.164220 0.528850 0.144600
v 0.231730 0.474010 0.067110
v 0.230660 0.534910 0.087010
v 0.195390 0.597030 0.126340
v 0.153230 0.593600 0.146530
v 0.219540 0.486720 0.026950
v 0.235290 0.536210 0.060110
v 0.193960 0.509900 0.000070
v 0.229210 0.537130 0.036020
v 0.208950 0.546340 0.017020
v 0.176810 0.570570 -0.018620
v 0.213360 0.588820 0.020470
v 0.183520 0.605090 -0.012010
v 0.162080 0.616500 -0.036500
v 0.171020 0.652250 -0.041660
v 0.195070 0.635880 -0.016650
v 0.218860 0.623290 0.012550
v 0.229500 0.603740 0.039660
v 0.170150 0.682260 -0.031750
v 0.194700 0.669040 -0.005330
v 0.217420 0.660460 0.020780
v 0.227990 0.625310 0.045650
v 0.233340 0.594250 0.055420
v 0.234810 0.602610 0.081460
v 0.225110 0.647920 0.081290
v 0.230240 0.655650 0.048310
v 0.191590 0.654470 0.121700
v 0.223450 0.685940 0.030280
v 0.230690 0.683080 0.059470
v 0.204100 0.692420 -0.000080
v 0.215210 0.707460 0.041120
v 0.183340 0.702130 -0.028660
v 0.200800 0.712690 0.011260
v 0.173250 0.721480 -0.049120
v 0.175140 0.735370 -0.039650
v 0.197460 0.735950 -0.005800
v 0.214180 0.737320 0.044380
v 0.219100 0.705840 0.068380
v 0.218240 0.739900 0.075830
v 0.220420 0.680450 0.088200
v 0.210260 0.708460 0.092650
v 0.207840 0.743360 0.099660
v 0.187180 0.738320 0.116770
v 0.184450 0.701050 0.122310
v 0.131680 0.715350 0.128570
v 0.131440 0.706340 0.133740
v 0.089850 0.705110 0.120130
v 0.091230 0.694750 0.124580
v 0.142220 0.653900 0.136220
v 0.100380 0.641260 0.131800
v 0.112640 0.584840 0.145110
v 0.125760 0.132820 -0.077460
v 0.132500 0.095960 -0.047150
v 0.126420 0.102090 -0.090680
v 0.129260 0.075180 -0.096180
v 0.135080 0.133700 -0.041800
v 0.135630 0.190040 -0.054060
v 0.140910 0.063640 -0.041960
v 0.125730 0.046650 -0.095620
v 0.146390 0.045150 -0.037650
v 0.148130 0.045520 0.014760
v 0.140630 0.092580 -0.007360
v 0.142650 0.059590 0.017540
v 0.144240 0.033510 0.063040
v 0.147080 0.056030 0.069990
v 0.146590 0.030580 0.079450
v 0.144390 0.075780 0.027530
v 0.149150 0.054130 0.084900
v 0.158110 0.031400 0.113430
v 0.159920 0.079410 0.074840
v 0.159470 0.053830 0.115110
v 0.169830 0.035610 0.142190
v 0.161380 0.076910 0.088090
v 0.170460 0.054760 0.139770
v 0.183370 0.038310 0.154260
v 0.168490 0.072430 0.114830
v 0.184790 0.087720 0.074460
v 0.186940 0.085120 0.085940
v 0.182270 0.058190 0.149510
v 0.205600 0.040240 0.157560
v 0.179030 0.069970 0.140160
v 0.191120 0.081760 0.110200
v 0.203800 0.061760 0.151850
v 0.198220 0.078590 0.134690
v 0.234800 0.060560 0.146460
v 0.236110 0.039610 0.151330
v 0.232710 0.077810 0.128040
v 0.251710 0.055360 0.131340
v 0.253310 0.036230 0.135000
v 0.261880 0.032500 0.102750
v 0.225760 0.082440 0.077950
v 0.231460 0.079810 0.102710
v 0.247290 0.072030 0.120240
v 0.251320 0.071550 0.100020
v 0.260900 0.053710 0.101420
v 0.260430 0.055380 0.068200
v 0.251500 0.073130 0.072340
v 0.264330 0.031330 0.065370
v 0.223480 0.085540 0.066450
v 0.251290 0.073580 0.058730
v 0.260190 0.056130 0.052190
v 0.263130 0.033760 0.047510
v 0.241390 0.088920 0.016130
v 0.214880 0.106620 0.036180
v 0.247920 0.068500 0.003280
v 0.246920 0.047150 -0.005200
v 0.178880 0.107340 0.041190
v 0.207670 0.123160 0.010510
v 0.229760 0.106590 -0.015350
v 0.232970 0.074780 -0.047770
v 0.226710 0.045150 -0.067860
v 0.156790 0.095760 0.036070
v 0.175340 0.121760 0.015830
v 0.155570 0.110800 0.008820
v 0.173250 0.136480 -0.001300
v 0.153520 0.135050 -0.012470
v 0.201920 0.139310 -0.008760
v 0.141950 0.184390 -0.015920
v 0.132160 0.243510 -0.039050
v 0.160820 0.182680 0.008400
v 0.136960 0.231470 0.002390
v 0.112430 0.281850 -0.025690
v 0.216340 0.137050 -0.031470
v 0.209190 0.152720 -0.005230
v 0.182010 0.182460 0.017720
v 0.155520 0.225660 0.029890
v 0.123870 0.270160 0.021830
v 0.104150 0.312060 -0.009380
v 0.111460 0.300200 0.032870
v 0.109430 0.344330 0.009200
v 0.149430 0.263280 0.053480
v 0.180500 0.225810 0.043610
v 0.207650 0.190690 0.009430
v 0.180440 0.263410 0.068780
v 0.220310 0.162260 -0.028190
v 0.211370 0.237680 0.039710
v 0.223400 0.206690 -0.016280
v 0.217180 0.173720 -0.063040
v 0.232470 0.252070 0.008170
v 0.222550 0.224860 -0.047260
v 0.213010 0.133630 -0.078530
v 0.227300 0.104220 -0.049670
v 0.217360 0.064840 -0.090690
v 0.212830 0.045920 -0.118280
v 0.213300 0.102590 -0.084710
v 0.206450 0.081540 -0.117800
v 0.195440 0.047270 -0.146900
v 0.201890 0.133600 -0.107450
v 0.204600 0.104040 -0.116320
v 0.184870 0.100340 -0.140830
v 0.173670 0.046920 -0.155690
v 0.183010 0.134450 -0.130960
v 0.199530 0.186640 -0.095100
v 0.167800 0.106740 -0.146930
v 0.146380 0.048200 -0.148930
v 0.176520 0.191220 -0.107120
v 0.166220 0.134750 -0.139450
v 0.147980 0.105240 -0.140860
v 0.148050 0.133780 -0.132920
v 0.132740 0.093530 -0.126800
v 0.128050 0.047270 -0.127110
v 0.129260 0.075180 -0.096180
v 0.125730 0.046650 -0.095620
v 0.126420 0.102090 -0.090680
v 0.132660 0.104720 -0.124190
v 0.132930 0.132900 -0.114760
v 0.125760 0.132820 -0.077460
v 0.156040 0.192120 -0.099840
v 0.142000 0.191650 -0.082640
v 0.135630 0.190040 -0.054060
v 0.141600 0.249990 -0.064920
v 0.132160 0.243510 -0.039050
v 0.156770 0.251490 -0.076970
v 0.181080 0.248940 -0.080190
v 0.208290 0.237320 -0.067950
v 0.122090 0.290560 -0.056570
v 0.112430 0.281850 -0.025690
v 0.141960 0.296100 -0.070050
v 0.233400 0.268090 -0.031250
v 0.173400 0.294990 -0.074610
v 0.210410 0.284210 -0.059320
v 0.210830 0.313590 -0.053640
v 0.168600 0.322200 -0.063900
v 0.236870 0.296970 -0.026730
v 0.241740 0.288490 0.007620
v 0.207090 0.340620 -0.035000
v 0.134890 0.323650 -0.056490
v 0.236370 0.329230 -0.006120
v 0.169660 0.348980 -0.045450
v 0.120000 0.320220 -0.041590
v 0.104150 0.312060 -0.009380
v 0.197930 0.371940 -0.006890
v 0.222460 0.363150 0.017990
v 0.163400 0.378490 -0.018570
v 0.242110 0.319970 0.027060
v 0.226400 0.354310 0.043990
v 0.135630 0.352160 -0.035900
v 0.137760 0.375390 -0.011590
v 0.118160 0.350280 -0.020100
v 0.125710 0.370660 -0.000490
v 0.109430 0.344330 0.009200
v 0.111930 0.360750 0.019350
v 0.233080 0.310690 0.055880
v 0.221410 0.345550 0.068670
v 0.234780 0.282880 0.035540
v 0.214450 0.274020 0.061680
v 0.211340 0.298970 0.080210
v 0.201810 0.335740 0.091030
v 0.176320 0.290610 0.087160
v 0.167860 0.328480 0.097470
v 0.144030 0.328130 0.087420
v 0.143680 0.291870 0.072000
v 0.137540 0.332260 0.072920
v 0.114080 0.336820 0.043800
v 0.117370 0.347260 0.045620
v 0.111930 0.360750 0.019350
v 0.183620 0.032350 0.154850
v 0.202560 0.028270 0.140520
v 0.169900 0.030050 0.142730
v 0.169830 0.035610 0.142190
v 0.183370 0.038310 0.154260
v 0.158110 0.031400 0.113430
v 0.205600 0.040240 0.157560
v 0.206530 0.033280 0.157760
v 0.236110 0.039610 0.151330
v 0.157580 0.026800 0.113150
v 0.235770 0.032350 0.152060
v 0.253310 0.036230 0.135000
v 0.146590 0.030580 0.079450
v 0.233010 0.027820 0.136820
v 0.253740 0.030800 0.135590
v 0.261880 0.032500 0.102750
v 0.193850 0.025000 0.104150
v 0.240090 0.024670 0.100120
v 0.262200 0.026720 0.103100
v 0.264330 0.031330 0.065370
v 0.189900 0.026720 0.073020
v 0.264610 0.025970 0.064920
v 0.239850 0.025370 0.065950
v 0.263470 0.028350 0.046650
v 0.263130 0.033760 0.047510
v 0.146470 0.025800 0.079020
v 0.186420 0.029050 0.056430
v 0.144020 0.028450 0.062260
v 0.144240 0.033510 0.063040
v 0.147320 0.039460 0.014740
v 0.148130 0.045520 0.014760
v 0.238440 0.028320 0.048580
v 0.183470 0.038190 0.007390
v 0.147400 0.040740 -0.032000
v 0.146390 0.045150 -0.037650
v 0.145990 0.024350 -0.039740
v 0.171850 0.036280 -0.042710
v 0.125730 0.046650 -0.095620
v 0.224940 0.038340 -0.001530
v 0.247290 0.040840 -0.006430
v 0.246920 0.047150 -0.005200
v 0.228470 0.039790 -0.061610
v 0.226710 0.045150 -0.067860
v 0.210990 0.036710 -0.055230
v 0.227580 0.024370 -0.066220
v 0.212830 0.045920 -0.118280
v 0.208520 0.022620 -0.058760
v 0.212140 0.023070 -0.116680
v 0.195440 0.047270 -0.146900
v 0.188890 0.021620 -0.108030
v 0.171100 0.022670 -0.046340
v 0.195810 0.023590 -0.142550
v 0.173670 0.046920 -0.155690
v 0.155600 0.021620 -0.096250
v 0.174230 0.022890 -0.150080
v 0.127120 0.023270 -0.091110
v 0.128050 0.047270 -0.127110
v 0.129820 0.023240 -0.122780
v 0.146380 0.048200 -0.148930
v 0.148610 0.022240 -0.143550
v 0.149150 0.021320 -0.125010
v 0.178130 0.021340 -0.134770
v -0.469890 1.016880 0.235950
v -0.479090 1.018710 0.209500
v -0.487720 1.011080 0.230080
v -0.471790 1.019010 0.237400
v -0.457220 1.034980 0.244330
v -0.488210 1.013100 0.232000
v -0.454510 1.033830 0.243520
v -0.450540 1.063360 0.254420
v -0.499240 1.017610 0.228950
v -0.498390 1.019010 0.231030
v -0.507070 1.026590 0.231260
v -0.495590 1.033150 0.209320
v -0.490510 1.027520 0.208090
v -0.484480 1.038730 0.191280
v -0.481960 1.035960 0.190720
v -0.474400 1.043490 0.173780
v -0.469960 1.025020 0.191890
v -0.461710 1.030150 0.174480
v -0.445990 1.033850 0.183500
v -0.454180 1.028920 0.200700
v -0.431270 1.049920 0.196700
v -0.462660 1.023370 0.217640
v -0.439620 1.044720 0.212720
v -0.428670 1.076430 0.207590
v -0.447860 1.039310 0.228260
v -0.435830 1.071770 0.223910
v -0.441540 1.087540 0.226590
v -0.442790 1.067190 0.239690
v -0.434230 1.093070 0.210030
v -0.447720 1.063640 0.254040
v -0.455560 1.076600 0.257310
v -0.448680 1.082240 0.242560
v -0.453660 1.078530 0.256920
v -0.464370 1.089740 0.238840
v -0.456930 1.095330 0.222040
v -0.449450 1.101180 0.204770
v -0.462300 1.097580 0.197650
v -0.470240 1.085890 0.254760
v -0.470580 1.083110 0.255490
v -0.470660 1.091770 0.214860
v -0.472520 1.085790 0.188880
v -0.479180 1.086170 0.231790
v -0.486980 1.081830 0.248930
v -0.486060 1.079260 0.250260
v -0.500920 1.065110 0.242710
v -0.482230 1.079360 0.205620
v -0.477980 1.066140 0.179640
v -0.492260 1.072900 0.222330
v -0.502510 1.066990 0.240670
v -0.487830 1.060430 0.196830
v -0.478510 1.048140 0.174690
v -0.498290 1.054480 0.214250
v -0.509440 1.048220 0.234630
v -0.507530 1.047120 0.237100
v -0.507070 1.026590 0.231260
v -0.487830 1.041890 0.191220
v -0.509300 1.026540 0.229400
v -0.504550 1.017480 0.230160
v -0.498260 1.034780 0.208330
v -0.506520 1.016160 0.227950
v -0.493400 1.005590 0.225420
v -0.491100 1.005520 0.228600
v -0.482020 1.014400 0.207010
v -0.495950 1.024940 0.206300
v -0.484410 1.014280 0.205170
v -0.472360 1.021790 0.189090
v -0.485580 1.032430 0.188850
v -0.476650 1.038580 0.172200
v -0.475200 1.021410 0.188410
v -0.474400 1.043490 0.173780
v -0.474060 1.039980 0.172200
v -0.467370 1.026890 0.172130
v -0.464000 1.027570 0.171610
v -0.493890 1.026240 0.207790
v -0.491100 1.005520 0.228600
v -0.504550 1.017480 0.230160
v -0.482020 1.014400 0.207010
v -0.495590 1.033150 0.209320
v -0.507070 1.026590 0.231260
v -0.484480 1.038730 0.191280
v -0.483340 1.033700 0.189660
v -0.474400 1.043490 0.173780
v -0.472360 1.021790 0.189090
v -0.474060 1.039980 0.172200
v -0.464000 1.027570 0.171610
v -0.426970 1.097930 0.209010
v -0.420300 1.122330 0.180400
v -0.400570 1.092150 0.179820
v -0.428670 1.076430 0.207590
v -0.434230 1.093070 0.210030
v -0.440450 1.106760 0.203650
v -0.449450 1.101180 0.204770
v -0.462300 1.097580 0.197650
v -0.420850 1.075350 0.209500
v -0.421620 1.052520 0.197600
v -0.431270 1.049920 0.196700
v -0.445990 1.033850 0.183500
v -0.456400 1.116880 0.177690
v -0.469520 1.099210 0.168530
v -0.472520 1.085790 0.188880
v -0.477980 1.066140 0.179640
v -0.474990 1.066290 0.156030
v -0.478510 1.048140 0.174690
v -0.465860 1.039760 0.156630
v -0.474400 1.043490 0.173780
v -0.458150 1.043960 0.140720
v -0.470690 1.071370 0.139730
v -0.443710 1.053980 0.108970
v -0.469730 1.092600 0.145310
v -0.461160 1.082190 0.112020
v -0.450380 1.091020 0.090520
v -0.435250 1.060810 0.083960
v -0.459940 1.100880 0.119360
v -0.459250 1.112600 0.155150
v -0.448710 1.109820 0.099850
v -0.444960 1.120010 0.131890
v -0.446770 1.124090 0.167350
v -0.428770 1.132720 0.145370
v -0.434110 1.127210 0.114510
v -0.439120 1.116950 0.083240
v -0.416990 1.142030 0.128640
v -0.405070 1.132170 0.161270
v -0.426170 1.135250 0.099300
v -0.389210 1.139830 0.144190
v -0.405840 1.147840 0.114090
v -0.407660 1.151090 0.066840
v -0.383050 1.105690 0.166520
v -0.439630 1.098580 0.073100
v -0.425720 1.068140 0.064020
v -0.421100 1.133620 0.046850
v -0.419900 1.114900 0.033510
v -0.401590 1.086620 0.028560
v -0.398160 1.098780 0.013650
v -0.410130 1.142360 0.032080
v -0.408040 1.121460 0.019710
v -0.393650 1.125810 0.012590
v -0.388790 1.105290 0.005720
v -0.375760 1.116380 -0.008130
v -0.394930 1.145190 0.023060
v -0.380250 1.135500 0.003300
v -0.372990 1.144610 -0.008810
v -0.383670 1.153920 0.013700
v -0.364290 1.128740 -0.028260
v -0.385580 1.163460 0.046180
v -0.351230 1.176500 -0.039240
v -0.337420 1.149340 -0.054110
v -0.377640 1.163680 0.002740
v -0.314650 1.199950 -0.064800
v -0.291920 1.169410 -0.086090
v -0.356000 1.195200 -0.020900
v -0.368750 1.181200 0.028700
v -0.290070 1.217800 -0.092710
v -0.266710 1.179480 -0.097410
v -0.251790 1.189310 -0.106160
v -0.375830 1.171920 0.037360
v -0.348760 1.210160 0.009970
v -0.258110 1.224210 -0.111790
v -0.230230 1.193640 -0.116320
v -0.240800 1.233570 -0.117380
v -0.267530 1.263980 -0.095940
v -0.250410 1.277320 -0.103070
v -0.251840 1.303950 -0.080790
v -0.296070 1.248480 -0.069030
v -0.269770 1.290890 -0.063040
v -0.263050 1.303980 -0.041740
v -0.244360 1.324000 -0.057730
v -0.292080 1.270260 -0.037690
v -0.321740 1.224130 -0.044260
v -0.283150 1.275740 -0.004630
v -0.248450 1.302400 -0.019020
v -0.234140 1.325900 -0.039490
v -0.218260 1.312860 -0.016480
v -0.319090 1.242000 -0.013010
v -0.307000 1.244680 0.017140
v -0.263730 1.260220 0.033210
v -0.230070 1.282350 0.010520
v -0.201220 1.283330 0.014080
v -0.213540 1.260820 0.028650
v -0.189280 1.259600 0.027710
v -0.249910 1.244230 0.053850
v -0.289410 1.230910 0.049400
v -0.201110 1.238600 0.036270
v -0.186180 1.241980 0.023140
v -0.230980 1.216000 0.059530
v -0.204280 1.211790 0.034470
v -0.200220 1.190620 0.021660
v -0.183120 1.206110 0.015340
v -0.219440 1.186940 0.047690
v -0.274700 1.212990 0.066650
v -0.251000 1.188940 0.072330
v -0.207830 1.158230 -0.010810
v -0.200300 1.166610 -0.003200
v -0.216300 1.160350 0.016700
v -0.236950 1.157250 0.052630
v -0.219510 1.146190 -0.045200
v -0.210010 1.150070 -0.038250
v -0.226860 1.136730 -0.017910
v -0.234510 1.136600 -0.044790
v -0.231860 1.149220 -0.070910
v -0.218870 1.151340 -0.075980
v -0.247920 1.141530 -0.067550
v -0.235630 1.134170 0.016840
v -0.242150 1.164480 -0.094500
v -0.226070 1.166540 -0.100290
v -0.251790 1.189310 -0.106160
v -0.230230 1.193640 -0.116320
v -0.266710 1.179480 -0.097410
v -0.259540 1.156800 -0.087140
v -0.291920 1.169410 -0.086090
v -0.281500 1.143960 -0.077720
v -0.337420 1.149340 -0.054110
v -0.270300 1.127040 -0.057570
v -0.322000 1.124090 -0.054810
v -0.364290 1.128740 -0.028260
v -0.254850 1.118330 -0.039320
v -0.298240 1.105910 -0.045590
v -0.344430 1.111090 -0.027180
v -0.375760 1.116380 -0.008130
v -0.246290 1.118430 -0.015120
v -0.277800 1.100380 -0.025620
v -0.330310 1.088120 -0.006080
v -0.370020 1.099810 -0.010570
v -0.388790 1.105290 0.005720
v -0.261850 1.106210 0.006390
v -0.312370 1.088490 0.015420
v -0.341920 1.081940 0.010220
v -0.375470 1.079330 0.003060
v -0.398160 1.098780 0.013650
v -0.256430 1.118180 0.042280
v -0.293820 1.090750 0.033710
v -0.263610 1.137200 0.069050
v -0.291800 1.110340 0.061100
v -0.304860 1.085410 0.046790
v -0.322850 1.080480 0.027350
v -0.299710 1.104810 0.070470
v -0.293420 1.131840 0.072520
v -0.320950 1.080360 0.059750
v -0.333790 1.069240 0.040070
v -0.353170 1.069820 0.024260
v -0.371590 1.066040 0.013890
v -0.392080 1.072000 0.030010
v -0.401590 1.086620 0.028560
v -0.359650 1.057280 0.023210
v -0.378490 1.060610 0.039510
v -0.406280 1.053180 0.064470
v -0.425720 1.068140 0.064020
v -0.347510 1.050670 0.040250
v -0.367590 1.053250 0.047220
v -0.415700 1.045790 0.084350
v -0.386370 1.044270 0.075470
v -0.435250 1.060810 0.083960
v -0.340100 1.066470 0.052870
v -0.428000 1.035450 0.105710
v -0.443710 1.053980 0.108970
v -0.396700 1.039930 0.094950
v -0.408140 1.037410 0.117130
v -0.380270 1.039960 0.105190
v -0.445340 1.036380 0.140680
v -0.428110 1.020590 0.142570
v -0.458150 1.043960 0.140720
v -0.454630 1.031550 0.159150
v -0.465860 1.039760 0.156630
v -0.461710 1.030150 0.174480
v -0.474400 1.043490 0.173780
v -0.444930 1.030570 0.164000
v -0.427040 1.021210 0.171280
v -0.396550 1.038160 0.129090
v -0.416610 1.035030 0.157700
v -0.421250 1.055080 0.182720
v -0.401220 1.063310 0.185010
v -0.387070 1.046920 0.156920
v -0.381990 1.073580 0.167230
v -0.368270 1.052400 0.126720
v -0.363490 1.086240 0.145290
v -0.365530 1.114270 0.149010
v -0.346140 1.097580 0.126910
v -0.355270 1.059030 0.100550
v -0.351010 1.121010 0.132120
v -0.376000 1.145890 0.129940
v -0.350640 1.139400 0.121010
v -0.337930 1.087340 0.109780
v -0.366650 1.155870 0.111580
v -0.386490 1.162080 0.085550
v -0.351050 1.161580 0.096170
v -0.332220 1.130670 0.106470
v -0.397280 1.159830 0.055600
v -0.381940 1.169040 0.073410
v -0.361550 1.177370 0.073200
v -0.359410 1.176970 0.058250
v -0.354070 1.189310 0.050340
v -0.336470 1.175720 0.071300
v -0.345410 1.173900 0.084650
v -0.328620 1.130240 0.093370
v -0.331620 1.213820 0.038980
v -0.325580 1.191590 0.063590
v -0.312850 1.202080 0.062650
v -0.292910 1.186440 0.071280
v -0.323270 1.173770 0.073760
v -0.276750 1.161910 0.074880
v -0.305910 1.178500 0.073310
v -0.292690 1.155920 0.084170
v -0.309260 1.164980 0.085110
v -0.328320 1.167890 0.086940
v -0.306000 1.131920 0.083780
v -0.323700 1.146010 0.088670
v -0.317750 1.129040 0.085570
v -0.313060 1.098830 0.078070
v -0.326550 1.091900 0.081600
v -0.331540 1.081280 0.093630
v -0.333240 1.077380 0.068230
v -0.341190 1.061740 0.082560
v -0.332730 1.067590 0.075270
v -0.343720 1.049520 0.059120
v -0.353300 1.045570 0.065290
v -0.367500 1.044620 0.085150
v -0.173200 1.150720 0.029130
v -0.197560 1.145640 -0.032010
v -0.187850 1.163030 0.008470
v -0.210010 1.150070 -0.038250
v -0.200300 1.166610 -0.003200
v -0.218870 1.151340 -0.075980
v -0.204750 1.146690 -0.075910
v -0.226070 1.166540 -0.100290
v -0.188110 1.131290 -0.040740
v -0.175800 1.187860 0.023000
v -0.183120 1.206110 0.015340
v -0.154210 1.175970 0.054590
v -0.152360 1.246680 0.050250
v -0.185330 1.130870 -0.002620
v -0.179800 1.118850 -0.011410
v -0.172770 1.113320 -0.035100
v -0.180060 1.120710 0.014380
v -0.179170 1.105310 -0.017060
v -0.182410 1.092270 -0.029630
v -0.174810 1.114000 0.001890
v -0.163550 1.098580 0.002240
v -0.162420 1.062760 -0.008120
v -0.167200 1.036130 -0.019090
v -0.170780 1.095330 0.017440
v -0.172950 1.057530 0.014210
v -0.160720 1.035650 -0.006050
v -0.156980 1.019360 -0.013360
v -0.168860 1.035930 0.013360
v -0.163770 1.093800 0.036840
v -0.155850 1.056700 0.040420
v -0.156180 1.019660 0.016480
v -0.153630 1.036980 0.050260
v -0.156360 0.993630 0.018220
v -0.156950 0.993080 -0.014690
v -0.143480 1.018710 0.052520
v -0.156580 0.970200 -0.013120
v -0.131590 1.036580 0.077830
v -0.133270 1.064210 0.071980
v -0.141390 1.092770 0.056510
v -0.110420 1.098910 0.093010
v -0.159420 1.131920 0.059420
v -0.143520 1.126010 0.067200
v -0.116180 1.127440 0.085070
v -0.125140 1.188240 0.089990
v -0.098500 1.064110 0.100410
v -0.081430 1.131070 0.113260
v -0.068310 1.098400 0.120690
v -0.042380 1.137750 0.122770
v -0.080780 1.199130 0.107300
v -0.127450 1.255470 0.063780
v -0.084990 1.263980 0.082000
v -0.039290 1.265280 0.086370
v -0.128040 1.280970 0.049170
v -0.085490 1.285600 0.061420
v -0.159340 1.264200 0.040450
v -0.186180 1.241980 0.023140
v -0.166710 1.279950 0.029010
v -0.189280 1.259600 0.027710
v -0.134620 1.313160 0.022820
v -0.092130 1.320500 0.035200
v -0.051510 1.332010 0.039380
v -0.074900 1.369630 0.000220
v -0.044900 1.297640 0.064650
v -0.107950 1.353940 -0.010300
v -0.081660 1.381940 -0.024930
v -0.041790 1.327880 0.046680
v -0.026870 1.300770 0.063170
v -0.116300 1.371630 -0.034190
v -0.084960 1.392810 -0.047770
v -0.120630 1.377610 -0.064240
v -0.149840 1.351930 -0.035670
v -0.158300 1.359490 -0.064660
v -0.146330 1.338220 -0.009850
v -0.192220 1.335240 -0.031340
v -0.201390 1.342650 -0.053480
v -0.183430 1.314640 -0.001490
v -0.201220 1.283330 0.014080
v -0.218260 1.312860 -0.016480
v -0.234140 1.325900 -0.039490
v -0.163070 0.903750 0.064220
v -0.149270 0.940490 0.061710
v -0.150840 0.918940 0.077570
v -0.138260 0.873390 0.082640
v -0.176690 0.903800 0.044300
v -0.120370 0.938890 0.092490
v -0.168140 0.872710 0.058450
v -0.129480 0.921140 0.094480
v -0.180540 0.851410 0.070460
v -0.107280 0.875910 0.100830
v -0.146380 0.852110 0.099110
v -0.083740 0.911280 0.109220
v -0.111050 0.855860 0.116870
v -0.069380 0.888130 0.120050
v -0.045190 0.925700 0.125620
v -0.080370 0.933210 0.116070
v -0.112640 0.963740 0.088260
v -0.044580 0.962990 0.126260
v -0.140410 0.964920 0.057890
v -0.078750 0.964320 0.112070
v -0.080660 0.994660 0.112940
v -0.041530 0.912430 0.138280
v -0.022090 0.938340 0.135090
v -0.046200 0.994330 0.124300
v -0.072870 0.868980 0.138590
v -0.117870 0.994130 0.089150
v -0.045800 1.022660 0.125270
v -0.080600 1.022040 0.109420
v -0.118690 1.021460 0.086280
v -0.143750 0.993230 0.054770
v -0.155080 0.966200 0.021230
v -0.166710 0.949280 0.020390
v -0.169800 0.952830 -0.015150
v -0.185350 0.914580 0.011690
v -0.178550 0.911810 -0.014370
v -0.199290 0.878270 0.017710
v -0.190550 0.866900 -0.006870
v -0.191980 0.874810 0.034680
v -0.216200 0.841150 0.023850
v -0.205080 0.823730 -0.011120
v -0.198810 0.847150 0.055620
v -0.207860 0.775970 -0.008770
v -0.207010 0.815220 0.083310
v -0.220090 0.803330 0.067660
v -0.186780 0.823780 0.100160
v -0.208940 0.776270 0.101870
v -0.223710 0.781330 0.049140
v -0.154050 0.826050 0.123370
v -0.188750 0.781430 0.119640
v -0.116280 0.824100 0.138780
v -0.220420 0.768890 0.076610
v -0.155830 0.781500 0.132820
v -0.192970 0.741300 0.123940
v -0.209560 0.743100 0.103930
v -0.191140 0.732870 0.117340
v -0.206640 0.734970 0.097810
v -0.157830 0.737500 0.137510
v -0.157210 0.731040 0.131710
v -0.218030 0.740150 0.081620
v -0.214530 0.733990 0.077170
v -0.219490 0.740630 0.054740
v -0.215830 0.735400 0.050990
v -0.212720 0.741680 0.023710
v -0.209020 0.738000 0.021860
v -0.206000 0.742030 -0.007840
v -0.202310 0.739050 -0.008730
v -0.123950 0.736700 0.140160
v -0.123770 0.733090 0.135790
v -0.122120 0.776490 0.141930
v -0.083570 0.738600 0.143340
v -0.083870 0.731840 0.136940
v -0.050560 0.735020 0.138090
v -0.085670 0.818620 0.146700
v -0.091490 0.771260 0.147020
v -0.057400 0.817120 0.151420
v -0.048370 0.869960 0.150210
v -0.055380 0.772440 0.149380
v -0.030090 0.824230 0.147860
v -0.024080 0.907080 0.150860
v -0.050210 0.740830 0.143810
v -0.007770 0.783380 0.141160
v -0.013610 0.739900 0.142890
v -0.014060 0.733220 0.136850
v 0.032130 0.733820 0.133890
v -0.026480 0.870830 0.140000
v 0.032580 0.740930 0.139820
v 0.075830 0.733890 0.132650
v 0.034810 0.764730 0.137660
v 0.075860 0.740830 0.138430
v 0.120710 0.733720 0.132620
v 0.064180 0.766460 0.135770
v 0.120740 0.741380 0.139080
v 0.187180 0.738320 0.116770
v 0.013130 0.803880 0.126250
v 0.039280 0.793920 0.133540
v 0.002570 0.836390 0.123790
v 0.026700 0.838440 0.128960
v 0.069110 0.809010 0.140180
v 0.048060 0.840520 0.142160
v 0.033460 0.882820 0.143640
v 0.014460 0.880570 0.135780
v -0.006970 0.877220 0.127560
v -0.018720 0.895190 0.129050
v -0.005750 0.910400 0.130210
v 0.010440 0.915760 0.138420
v -0.006680 0.932010 0.144850
v 0.013440 0.937490 0.134000
v 0.002930 0.964470 0.139720
v -0.031200 0.963190 0.139450
v -0.030890 0.991930 0.132130
v 0.031470 0.923470 0.138800
v 0.033170 0.963190 0.138550
v 0.003100 0.992930 0.140900
v -0.032760 1.021240 0.136330
v 0.033270 0.946350 0.133030
v 0.057110 0.925870 0.130540
v 0.058130 0.948580 0.127820
v 0.052890 0.884770 0.131920
v 0.064200 0.848460 0.136330
v 0.078590 0.883950 0.120700
v 0.097590 0.924820 0.105690
v 0.080720 0.850660 0.118620
v 0.111550 0.884450 0.106370
v 0.130990 0.929730 0.089600
v 0.099050 0.950630 0.105250
v 0.095000 0.968450 0.114550
v 0.064150 0.969600 0.131630
v 0.130510 0.970100 0.077080
v 0.095930 0.992230 0.113530
v 0.033840 0.993500 0.133570
v 0.064200 0.992850 0.126910
v 0.032750 1.022640 0.136210
v 0.063380 1.018660 0.129120
v 0.095020 1.019160 0.113250
v 0.093060 1.032050 0.096190
v 0.001770 1.023440 0.137370
v 0.057120 1.031650 0.123850
v 0.005080 1.032430 0.129020
v -0.031520 1.029170 0.119780
v 0.034760 1.032080 0.120520
v -0.047800 1.032230 0.119130
v -0.021490 1.056130 0.124090
v -0.085670 1.038030 0.100170
v -0.053950 1.058080 0.123930
v -0.035680 1.096050 0.125310
v -0.003760 1.098680 0.139190
v 0.002040 1.059880 0.135740
v 0.022470 1.061310 0.125040
v 0.014940 1.097480 0.125320
v -0.025470 1.150570 0.124660
v 0.050900 1.055180 0.123630
v 0.035870 1.097250 0.124430
v 0.022870 1.153670 0.131380
v 0.083710 1.054930 0.115570
v 0.085140 1.096730 0.117790
v 0.042330 1.139200 0.125390
v 0.118010 1.062460 0.090660
v 0.080840 1.135100 0.120060
v 0.085440 1.206560 0.114450
v 0.041000 1.210460 0.119780
v 0.021100 1.210510 0.121420
v 0.121080 1.132050 0.104730
v 0.038740 1.267830 0.089990
v 0.117710 1.098000 0.097310
v 0.139650 1.099960 0.088940
v 0.130350 1.209940 0.079160
v 0.021330 1.268180 0.090230
v 0.092080 1.264280 0.084720
v 0.022360 1.302200 0.064510
v 0.042070 1.301300 0.062510
v -0.026610 1.265030 0.086840
v -0.027480 1.207080 0.117040
v -0.043570 1.206880 0.116100
v -0.000490 1.342870 0.046400
v 0.041270 1.324330 0.046800
v 0.049860 1.330080 0.037590
v -0.012120 1.356860 0.032710
v -0.023110 1.357610 0.040790
v -0.006830 1.373860 0.043930
v 0.000390 1.366530 0.035780
v -0.000380 1.356990 0.035670
v 0.010530 1.356410 0.029870
v 0.021390 1.353560 0.035090
v 0.005720 1.374430 0.039910
v 0.098080 1.287880 0.061410
v 0.100090 1.315440 0.028020
v 0.073570 1.367000 -0.008340
v 0.126350 1.256820 0.068550
v 0.136910 1.278090 0.051870
v 0.153230 1.249640 0.053320
v 0.136290 1.304830 0.022650
v 0.101000 1.349050 -0.011660
v 0.164510 1.284650 0.028910
v 0.138680 1.341450 -0.008410
v 0.107490 1.376740 -0.040480
v 0.083180 1.383400 -0.033440
v 0.145880 1.359590 -0.039380
v 0.109300 1.380070 -0.065320
v 0.082760 1.390900 -0.056660
v 0.152620 1.364170 -0.067570
v 0.180490 1.314260 0.008060
v 0.189950 1.336040 -0.012470
v 0.200270 1.344500 -0.036610
v 0.215590 1.314160 0.001410
v 0.229470 1.331310 -0.020970
v 0.194240 1.272740 0.027460
v 0.184030 1.252790 0.039930
v 0.166420 1.263580 0.044820
v 0.187160 1.218250 0.044350
v 0.192460 1.187340 0.033880
v 0.154980 1.204060 0.051140
v 0.204570 1.162110 0.001120
v 0.152790 1.182610 0.067650
v 0.181080 1.169440 0.030710
v 0.194830 1.146660 -0.013990
v 0.220850 1.147210 -0.058360
v 0.166660 1.154120 0.041980
v 0.142910 1.130490 0.083530
v 0.205270 1.142430 -0.064080
v 0.225190 1.152970 -0.083250
v 0.184550 1.127090 -0.046640
v 0.181380 1.134450 0.004760
v 0.179060 1.122930 -0.031590
v 0.163260 1.128270 0.050970
v 0.179750 1.123910 0.016470
v 0.177550 1.100310 -0.028910
v 0.164670 1.102280 0.049970
v 0.183180 1.088390 0.014630
v 0.180250 1.046870 -0.022930
v 0.159810 1.059430 0.044960
v 0.180530 1.043660 0.006300
v 0.168680 1.031830 -0.019090
v 0.135150 1.057860 0.087640
v 0.165370 1.028900 0.009010
v 0.154010 1.019390 -0.009800
v 0.149490 1.037330 0.043930
v 0.120910 1.031470 0.086670
v 0.126390 1.019190 0.076000
v 0.154580 1.020340 0.017850
v 0.145880 1.019010 0.049460
v 0.131070 0.993800 0.074260
v 0.156370 0.993400 0.018270
v 0.157250 0.992830 -0.011920
v 0.146070 0.993250 0.050170
v 0.156180 0.969980 0.020580
v 0.156900 0.969730 -0.010440
v 0.146040 0.969730 0.052160
v 0.143710 0.961370 0.050700
v 0.162230 0.963220 0.020620
v 0.162690 0.955880 -0.012410
v 0.170880 0.948630 0.008560
v 0.180120 0.916660 -0.014950
v 0.176540 0.948430 0.024280
v 0.185350 0.922320 0.008020
v 0.122790 0.953210 0.075540
v 0.137500 0.942420 0.067400
v 0.149970 0.943220 0.058190
v 0.143540 0.915710 0.064960
v 0.161010 0.926700 0.052990
v 0.176810 0.919470 0.032240
v 0.162630 0.900020 0.044070
v 0.144190 0.896960 0.097460
v 0.161840 0.894210 0.069690
v 0.176600 0.886030 0.033460
v 0.116620 0.851310 0.106630
v 0.191040 0.855710 0.063210
v 0.090780 0.831590 0.122060
v 0.157910 0.851940 0.081550
v 0.120140 0.826980 0.107330
v 0.086600 0.821800 0.137150
v 0.123000 0.812410 0.123260
v 0.119130 0.785480 0.136490
v 0.173750 0.792960 0.119300
v 0.173720 0.815090 0.104730
v 0.168180 0.834990 0.087820
v 0.196670 0.806280 0.094020
v 0.188600 0.744210 0.121660
v 0.207840 0.743360 0.099660
v 0.200370 0.781130 0.103750
v 0.210540 0.750390 0.104080
v 0.221670 0.746060 0.078600
v 0.218240 0.739900 0.075830
v 0.213840 0.769010 0.078310
v 0.208130 0.800870 0.074480
v 0.197490 0.823450 0.070890
v 0.217820 0.741850 0.045910
v 0.214180 0.737320 0.044380
v 0.215880 0.772520 0.043800
v 0.200930 0.738700 -0.005270
v 0.197460 0.735950 -0.005800
v 0.207460 0.774340 -0.008620
v 0.213300 0.806460 0.054680
v 0.215140 0.819070 0.017250
v 0.204500 0.816120 -0.009780
v 0.210970 0.829830 0.039990
v 0.204360 0.856840 0.017240
v 0.194040 0.857670 -0.006570
v 0.206510 0.841850 0.052290
v 0.199680 0.865150 0.030300
v 0.192040 0.872010 0.040730
v 0.192660 0.876790 0.017110
v 0.197080 0.874590 0.006500
v -0.181260 1.183330 -0.130780
v -0.220390 1.244960 -0.123150
v -0.215340 1.209660 -0.129250
v -0.240800 1.233570 -0.117380
v -0.230230 1.193640 -0.116320
v -0.250410 1.277320 -0.103070
v -0.210150 1.184630 -0.120830
v -0.208050 1.161660 -0.102270
v -0.226070 1.166540 -0.100290
v -0.204750 1.146690 -0.075910
v -0.187580 1.151220 -0.107550
v -0.188480 1.134120 -0.074210
v -0.188110 1.131290 -0.040740
v -0.172770 1.113320 -0.035100
v -0.173480 1.107420 -0.069710
v -0.182410 1.092270 -0.029630
v -0.161810 1.170290 -0.142900
v -0.172640 1.065620 -0.069970
v -0.165790 1.110990 -0.100930
v -0.183380 1.062960 -0.046510
v -0.167200 1.036130 -0.019090
v -0.171220 1.036660 -0.045640
v -0.156980 1.019360 -0.013360
v -0.146640 1.019110 -0.048060
v -0.156950 0.993080 -0.014690
v -0.157740 1.040340 -0.066670
v -0.146860 1.067390 -0.094970
v -0.131840 1.114620 -0.131630
v -0.146680 0.991780 -0.047050
v -0.156580 0.970200 -0.013120
v -0.145770 0.968450 -0.045290
v -0.169800 0.952830 -0.015150
v -0.126120 0.993050 -0.075690
v -0.125570 1.018730 -0.077990
v -0.123730 1.024670 -0.093460
v -0.098540 1.017060 -0.100490
v -0.112110 1.063140 -0.123460
v -0.103690 1.027520 -0.116090
v -0.087160 1.110920 -0.155880
v -0.099760 0.991300 -0.097490
v -0.076250 1.061760 -0.143880
v -0.072480 1.029900 -0.133590
v -0.067830 0.990400 -0.114440
v -0.065360 1.016410 -0.115710
v -0.045060 1.029000 -0.141480
v -0.034990 1.077080 -0.154910
v -0.009010 1.049250 -0.153600
v -0.028710 1.016880 -0.125250
v -0.030750 0.989200 -0.125590
v -0.031790 0.966300 -0.117970
v -0.051450 1.116280 -0.168790
v -0.069700 0.967100 -0.109810
v -0.098280 0.968870 -0.088870
v -0.059650 0.933560 -0.116980
v -0.126550 0.969400 -0.068180
v -0.095810 0.935610 -0.100100
v -0.130940 0.937190 -0.075890
v -0.150760 0.929930 -0.053390
v -0.068240 0.890960 -0.132530
v -0.168310 0.938710 -0.050660
v -0.178550 0.911810 -0.014370
v -0.166870 0.905000 -0.071440
v -0.176830 0.900070 -0.060720
v -0.185780 0.860420 -0.048010
v -0.156330 0.877620 -0.087750
v -0.190550 0.866900 -0.006870
v -0.146880 0.891280 -0.081650
v -0.126820 0.889350 -0.091170
v -0.191720 0.824800 -0.037610
v -0.167990 0.826750 -0.067610
v -0.205080 0.823730 -0.011120
v -0.101410 0.882820 -0.113240
v -0.136930 0.854740 -0.105640
v -0.194450 0.784380 -0.036550
v -0.207860 0.775970 -0.008770
v -0.174550 0.782850 -0.059110
v -0.192890 0.740100 -0.036170
v -0.206000 0.742030 -0.007840
v -0.202310 0.739050 -0.008730
v -0.189590 0.737450 -0.035870
v -0.171860 0.739130 -0.058940
v -0.168910 0.736520 -0.057610
v -0.143480 0.776800 -0.090010
v -0.145790 0.739780 -0.087470
v -0.142820 0.737300 -0.085940
v -0.120360 0.738920 -0.115400
v -0.117660 0.736200 -0.113290
v -0.142050 0.817490 -0.096490
v -0.117800 0.772160 -0.116960
v -0.118740 0.833190 -0.119840
v -0.119140 0.812910 -0.119950
v -0.091270 0.819800 -0.134910
v -0.094160 0.772140 -0.133550
v -0.095050 0.734570 -0.134670
v -0.093580 0.731720 -0.131760
v -0.068180 0.769160 -0.137920
v -0.063800 0.733840 -0.137670
v -0.063720 0.731020 -0.134290
v -0.062710 0.816970 -0.140720
v -0.032290 0.763480 -0.135140
v -0.026630 0.731340 -0.132780
v -0.027030 0.727960 -0.129040
v -0.033250 0.813360 -0.140150
v 0.004080 0.759720 -0.132670
v -0.000230 0.728310 -0.129210
v -0.000520 0.725380 -0.125480
v 0.034290 0.729060 -0.128130
v 0.033750 0.727610 -0.125230
v 0.069480 0.729910 -0.122520
v 0.008270 0.814520 -0.139370
v 0.043070 0.765030 -0.133580
v 0.070750 0.730890 -0.124850
v 0.116520 0.733170 -0.104430
v 0.114340 0.731870 -0.102640
v 0.085890 0.774140 -0.130150
v 0.156730 0.732790 -0.071630
v 0.053980 0.820670 -0.141140
v 0.159770 0.734320 -0.072010
v 0.046090 0.881520 -0.133300
v 0.098500 0.843200 -0.139930
v 0.178510 0.737520 -0.039830
v 0.175140 0.735370 -0.039650
v 0.197460 0.735950 -0.005800
v 0.200930 0.738700 -0.005270
v 0.207460 0.774340 -0.008620
v 0.158330 0.778870 -0.077290
v 0.186180 0.784380 -0.045110
v 0.204500 0.816120 -0.009780
v 0.168070 0.857490 -0.045470
v 0.194040 0.857670 -0.006570
v 0.180120 0.916660 -0.014950
v 0.118490 0.774670 -0.112090
v 0.144500 0.853710 -0.082960
v 0.119130 0.850880 -0.115480
v 0.128100 0.911230 -0.079990
v 0.162130 0.915840 -0.048320
v 0.162690 0.955880 -0.012410
v 0.086600 0.903000 -0.119970
v 0.150820 0.948830 -0.055950
v 0.120270 0.945320 -0.085270
v 0.068160 0.891310 -0.145280
v 0.074260 0.937240 -0.114030
v 0.043490 0.932530 -0.141460
v 0.023380 0.930380 -0.134330
v -0.000600 0.891680 -0.143900
v 0.011130 0.926020 -0.140860
v -0.021880 0.868980 -0.144930
v -0.016040 0.923470 -0.129230
v -0.042730 0.884750 -0.133260
v 0.005890 0.965950 -0.120950
v -0.034070 0.929080 -0.134040
v 0.034690 0.965770 -0.117350
v 0.007340 0.991150 -0.128390
v 0.008300 1.016760 -0.130640
v 0.071930 0.966000 -0.107570
v 0.036940 0.991280 -0.124390
v 0.115840 0.968620 -0.081980
v 0.075510 0.992650 -0.111180
v 0.037410 1.016610 -0.125830
v 0.116650 0.992500 -0.084790
v 0.140140 0.967970 -0.049960
v 0.156900 0.969730 -0.010440
v 0.143520 0.994360 -0.052900
v 0.157250 0.992830 -0.011920
v 0.076200 1.016260 -0.112130
v 0.117710 1.015380 -0.087660
v 0.143700 1.017930 -0.052910
v 0.154010 1.019390 -0.009800
v 0.157910 1.027370 -0.063990
v 0.168680 1.031830 -0.019090
v 0.180250 1.046870 -0.022930
v 0.120320 1.025720 -0.105550
v 0.156390 1.048900 -0.071650
v 0.177550 1.100310 -0.028910
v 0.073650 1.034630 -0.132440
v 0.127750 1.057760 -0.108630
v 0.161430 1.097100 -0.080960
v 0.170890 1.122080 -0.069080
v 0.179060 1.122930 -0.031590
v 0.132560 1.102630 -0.117430
v 0.153320 1.134620 -0.112910
v 0.176150 1.129940 -0.078720
v 0.184550 1.127090 -0.046640
v 0.170800 1.141910 -0.119680
v 0.073830 1.064340 -0.139810
v 0.197860 1.145040 -0.094480
v 0.205270 1.142430 -0.064080
v 0.225190 1.152970 -0.083250
v 0.220920 1.164410 -0.097540
v 0.189520 1.157750 -0.114620
v 0.228650 1.193740 -0.112270
v 0.204380 1.224880 -0.128430
v 0.242610 1.246480 -0.107150
v 0.177260 1.199630 -0.133170
v 0.219140 1.306600 -0.102290
v 0.248160 1.301100 -0.076650
v 0.241500 1.322050 -0.046520
v 0.145240 1.182280 -0.147190
v 0.207670 1.337740 -0.071140
v 0.229470 1.331310 -0.020970
v 0.200270 1.344500 -0.036610
v 0.172580 1.319120 -0.125870
v 0.162530 1.354310 -0.103500
v 0.152620 1.364170 -0.067570
v 0.109300 1.380070 -0.065320
v 0.165050 1.267360 -0.140890
v 0.153440 1.233390 -0.143520
v 0.119040 1.270760 -0.157660
v 0.115570 1.324780 -0.146430
v 0.096160 1.212870 -0.164920
v 0.064860 1.274320 -0.164290
v 0.101820 1.369880 -0.112010
v 0.070250 1.395310 -0.079200
v 0.082760 1.390900 -0.056660
v 0.067020 1.326730 -0.152240
v 0.054040 1.380340 -0.117540
v 0.041110 1.396210 -0.103540
v 0.016900 1.324270 -0.150640
v 0.012990 1.383500 -0.118800
v 0.000300 1.395080 -0.114020
v 0.015200 1.274060 -0.157440
v -0.036010 1.380290 -0.120000
v -0.044450 1.399490 -0.094140
v -0.038070 1.326080 -0.152750
v -0.035290 1.271940 -0.166370
v 0.061680 1.220030 -0.172410
v -0.086170 1.381420 -0.101200
v -0.069480 1.397040 -0.078410
v -0.084960 1.392810 -0.047770
v -0.120630 1.377610 -0.064240
v -0.085190 1.332860 -0.148260
v -0.124940 1.369430 -0.100900
v -0.158300 1.359490 -0.064660
v -0.128010 1.336260 -0.131070
v -0.160630 1.357240 -0.095420
v -0.211450 1.338590 -0.078460
v -0.201390 1.342650 -0.053480
v -0.167410 1.335360 -0.118060
v -0.234140 1.325900 -0.039490
v -0.244360 1.324000 -0.057730
v -0.218080 1.322800 -0.102130
v -0.251840 1.303950 -0.080790
v -0.173670 1.296890 -0.134690
v -0.224470 1.285600 -0.117220
v -0.128760 1.287280 -0.151220
v -0.173700 1.230460 -0.144440
v -0.084290 1.282650 -0.164910
v -0.124510 1.231390 -0.163280
v -0.108790 1.166290 -0.159760
v -0.076650 1.220950 -0.176580
v -0.070880 1.165160 -0.172060
v -0.029590 1.214190 -0.171620
v -0.002700 1.220380 -0.156040
v -0.042160 1.165760 -0.165240
v 0.003260 1.172520 -0.147240
v -0.028290 1.121760 -0.159710
v -0.013260 1.085690 -0.153600
v 0.008800 1.128320 -0.141970
v 0.055790 1.172040 -0.176470
v 0.080980 1.166540 -0.164140
v 0.050100 1.123630 -0.176400
v 0.011980 1.083910 -0.139550
v 0.034600 1.077930 -0.169950
v 0.010210 1.049900 -0.137150
v 0.023430 1.048020 -0.153400
v 0.067460 1.118280 -0.159440
v 0.054780 1.071370 -0.146130
v 0.046580 1.043740 -0.141460
v 0.085490 1.110420 -0.144790
v 0.113650 1.155300 -0.147090
v -0.069480 1.397040 -0.078410
v -0.078220 1.425170 -0.034650
v -0.084960 1.392810 -0.047770
v -0.081660 1.381940 -0.024930
v -0.061280 1.430780 -0.067380
v -0.044450 1.399490 -0.094140
v -0.039270 1.434180 -0.090220
v 0.000300 1.395080 -0.114020
v -0.035950 1.434430 -0.086070
v -0.002480 1.431580 -0.104230
v 0.037290 1.432630 -0.092940
v 0.041110 1.396210 -0.103540
v 0.063250 1.428670 -0.067130
v 0.070250 1.395310 -0.079200
v 0.076540 1.423920 -0.039850
v 0.082760 1.390900 -0.056660
v 0.083180 1.383400 -0.033440
v 0.072830 1.424770 -0.038180
v 0.060030 1.429480 -0.063880
v 0.035160 1.433860 -0.088180
v 0.065560 1.397510 -0.052840
v 0.044210 1.399870 -0.071770
v 0.064600 1.412610 -0.004510
v -0.002420 1.432280 -0.098640
v 0.068290 1.411130 -0.003740
v 0.064680 1.387180 -0.023760
v 0.058950 1.384450 -0.000170
v 0.073570 1.367000 -0.008340
v 0.043040 1.394810 0.017000
v 0.045380 1.395510 0.019380
v 0.041100 1.364020 0.019790
v 0.049860 1.330080 0.037590
v 0.021390 1.353560 0.035090
v 0.041270 1.324330 0.046800
v 0.027810 1.383920 0.030720
v 0.005720 1.374430 0.039910
v 0.025900 1.384570 0.028580
v 0.048600 1.369980 -0.005460
v 0.006730 1.381820 0.037900
v 0.031740 1.355510 0.003460
v -0.000730 1.399720 -0.020340
v 0.000380 1.371130 0.034460
v 0.000390 1.366530 0.035780
v -0.006830 1.373860 0.043930
v 0.000470 1.356890 0.012080
v -0.007000 1.381790 0.040630
v -0.024040 1.382570 0.037400
v -0.023110 1.357610 0.040790
v -0.032640 1.355240 0.005400
v -0.026850 1.386900 0.032430
v -0.049810 1.369330 -0.003350
v -0.051510 1.332010 0.039380
v -0.041790 1.327880 0.046680
v -0.039940 1.365970 0.025580
v -0.074900 1.369630 0.000220
v -0.045290 1.396910 0.025090
v -0.059630 1.386820 0.009780
v -0.066000 1.413280 -0.001550
v -0.044100 1.396560 0.020800
v -0.064550 1.414880 -0.004630
v -0.066350 1.387150 -0.022680
v -0.074230 1.425420 -0.034260
v -0.068210 1.397540 -0.053250
v -0.061090 1.430600 -0.060990
v -0.047690 1.399090 -0.074320
v -0.027810 1.402390 -0.094430
v -0.000010 1.398840 -0.100700
v 0.026080 1.403570 -0.092480
v 0.187160 1.218250 0.044350
v 0.204540 1.168610 0.022080
v 0.192460 1.187340 0.033880
v 0.218640 1.153120 -0.010510
v 0.204570 1.162110 0.001120
v 0.200910 1.184510 0.041810
v 0.239560 1.144010 -0.053400
v 0.220850 1.147210 -0.058360
v 0.236110 1.142480 -0.006410
v 0.202680 1.226660 0.050010
v 0.184030 1.252790 0.039930
v 0.225920 1.154170 0.032790
v 0.194240 1.272740 0.027460
v 0.245370 1.137550 -0.037740
v 0.215960 1.262580 0.035350
v 0.215590 1.314160 0.001410
v 0.218330 1.187510 0.052450
v 0.224190 1.222330 0.054110
v 0.227510 1.295220 0.015660
v 0.229470 1.331310 -0.020970
v 0.247340 1.251460 0.049590
v 0.245240 1.191920 0.065240
v 0.235230 1.162510 0.058130
v 0.242820 1.311230 -0.007860
v 0.241500 1.322050 -0.046520
v 0.262730 1.270710 0.033700
v 0.256760 1.307550 -0.033130
v 0.248160 1.301100 -0.076650
v 0.272260 1.219520 0.064130
v 0.269690 1.283630 -0.061490
v 0.242610 1.246480 -0.107150
v 0.278790 1.279770 0.000020
v 0.290200 1.236190 0.051050
v 0.260660 1.214370 -0.100760
v 0.228650 1.193740 -0.112270
v 0.294780 1.266930 -0.037660
v 0.249940 1.177400 -0.095660
v 0.220920 1.164410 -0.097540
v 0.291660 1.216900 -0.077600
v 0.277840 1.174000 -0.082580
v 0.324640 1.188690 -0.050440
v 0.310750 1.246510 0.025610
v 0.327450 1.241900 -0.002740
v 0.333420 1.221600 -0.026890
v 0.361460 1.190090 -0.000410
v 0.361660 1.163780 -0.018620
v 0.353490 1.207180 0.024780
v 0.337140 1.208790 0.048890
v 0.317500 1.201650 0.067360
v 0.385080 1.171490 0.016280
v 0.384660 1.146810 -0.006430
v 0.400530 1.134800 0.013630
v 0.376580 1.187310 0.040730
v 0.402760 1.167290 0.031430
v 0.414670 1.127110 0.027710
v 0.358590 1.186740 0.063430
v 0.419980 1.163210 0.042160
v 0.428270 1.155920 0.055770
v 0.425670 1.119680 0.043180
v 0.404090 1.175220 0.062840
v 0.389240 1.179600 0.051740
v 0.440960 1.141880 0.078800
v 0.440510 1.109790 0.063090
v 0.462400 1.095850 0.102750
v 0.370450 1.183160 0.072370
v 0.381180 1.179280 0.080600
v 0.411620 1.168690 0.074680
v 0.424600 1.158150 0.094560
v 0.389940 1.175420 0.094160
v 0.399580 1.165560 0.109900
v 0.367560 1.171170 0.103730
v 0.354470 1.172070 0.095140
v 0.359310 1.156120 0.120290
v 0.346510 1.170090 0.082630
v 0.332710 1.150940 0.099150
v 0.340960 1.174450 0.078670
v 0.330130 1.153270 0.085830
v 0.322780 1.161930 0.081330
v 0.298090 1.190360 0.074330
v 0.310700 1.134070 0.080530
v 0.295470 1.145060 0.076250
v 0.277860 1.169040 0.074980
v 0.265950 1.147190 0.067150
v 0.285560 1.124160 0.063160
v 0.298970 1.118000 0.073830
v 0.311290 1.126490 0.093500
v 0.332040 1.130240 0.105220
v 0.318880 1.112650 0.088960
v 0.318770 1.098100 0.070190
v 0.302710 1.106810 0.064750
v 0.286510 1.112150 0.040660
v 0.316240 1.097750 0.054130
v 0.305450 1.106290 0.045110
v 0.330840 1.084640 0.059210
v 0.258120 1.132020 0.037070
v 0.324150 1.089320 0.044060
v 0.310400 1.103010 0.025300
v 0.285000 1.107020 0.004850
v 0.257100 1.123660 0.001490
v 0.266530 1.127540 -0.030210
v 0.285930 1.113720 -0.017470
v 0.317250 1.102330 0.008470
v 0.332990 1.083940 0.023460
v 0.271780 1.135470 -0.051770
v 0.300480 1.124290 -0.036090
v 0.332580 1.101430 -0.005620
v 0.352380 1.084260 0.015620
v 0.343130 1.074050 0.043900
v 0.354260 1.072670 0.033280
v 0.350920 1.070000 0.054310
v 0.361050 1.099830 0.006460
v 0.366660 1.074830 0.031210
v 0.366230 1.089790 0.012830
v 0.367500 1.109870 0.000160
v 0.383060 1.091800 0.011140
v 0.367590 1.056380 0.051130
v 0.344410 1.118330 -0.017700
v 0.389520 1.111620 0.001330
v 0.380700 1.070570 0.031300
v 0.400770 1.095800 0.025370
v 0.397340 1.071750 0.042970
v 0.374440 1.125510 -0.011220
v 0.414670 1.127110 0.027710
v 0.400530 1.134800 0.013630
v 0.384660 1.146810 -0.006430
v 0.425670 1.119680 0.043180
v 0.351630 1.133770 -0.023220
v 0.361660 1.163780 -0.018620
v 0.310760 1.146910 -0.051130
v 0.324640 1.188690 -0.050440
v 0.278520 1.153870 -0.069890
v 0.277840 1.174000 -0.082580
v 0.248260 1.154420 -0.081390
v 0.249940 1.177400 -0.095660
v 0.225190 1.152970 -0.083250
v 0.220920 1.164410 -0.097540
v 0.330880 1.096730 0.082020
v 0.337320 1.081060 0.071060
v 0.349380 1.060260 0.068740
v 0.331090 1.112020 0.100920
v 0.331940 1.093200 0.094810
v 0.338950 1.073220 0.083530
v 0.341010 1.091200 0.106920
v 0.339470 1.112120 0.116620
v 0.345710 1.131620 0.121270
v 0.348420 1.071050 0.097560
v 0.363200 1.054050 0.082790
v 0.382960 1.057830 0.059460
v 0.401860 1.056400 0.081120
v 0.416530 1.071400 0.064490
v 0.380600 1.057630 0.107820
v 0.362800 1.072900 0.123810
v 0.423470 1.053730 0.111070
v 0.358170 1.091170 0.134450
v 0.399490 1.052250 0.133160
v 0.385770 1.070250 0.150450
v 0.361030 1.109120 0.145810
v 0.375440 1.090950 0.161430
v 0.400740 1.061590 0.166960
v 0.369440 1.126140 0.153060
v 0.385560 1.103210 0.172340
v 0.403880 1.076400 0.185440
v 0.388710 1.148410 0.153300
v 0.395620 1.118180 0.179000
v 0.403160 1.093150 0.199780
v 0.409530 1.133170 0.186160
v 0.415150 1.154700 0.145020
v 0.409050 1.114570 0.197860
v 0.443820 1.141980 0.128140
v 0.434480 1.145390 0.172340
v 0.430370 1.123760 0.197380
v 0.408570 1.088040 0.206100
v 0.422140 1.104360 0.221190
v 0.419900 1.073470 0.194740
v 0.459160 1.130590 0.156060
v 0.444890 1.135670 0.185550
v 0.462030 1.126840 0.114550
v 0.473270 1.111470 0.143190
v 0.476150 1.084710 0.134720
v 0.477800 1.101410 0.168010
v 0.485130 1.078160 0.158390
v 0.482610 1.091070 0.193790
v 0.487950 1.069570 0.183660
v 0.474160 1.103090 0.201480
v 0.469710 1.122110 0.179940
v 0.453970 1.129340 0.198740
v 0.460130 1.113700 0.211680
v 0.436520 1.119330 0.215420
v 0.447380 1.114520 0.216990
v 0.431740 1.105040 0.221230
v 0.426590 1.085490 0.216390
v 0.416080 1.084260 0.214830
v 0.435140 1.057530 0.199540
v 0.426350 1.054880 0.194710
v 0.454050 1.044990 0.186830
v 0.429590 1.055450 0.176320
v 0.443530 1.035400 0.176580
v 0.433000 1.048090 0.165350
v 0.433740 1.046720 0.142160
v 0.454310 1.036630 0.171340
v 0.469460 1.046290 0.180330
v 0.446850 1.042660 0.135110
v 0.465300 1.049420 0.158590
v 0.481060 1.052550 0.178410
v 0.443590 1.062040 0.100260
v 0.458900 1.053030 0.135020
v 0.464450 1.065570 0.134920
v 0.475940 1.058980 0.155320
v 0.484150 1.063860 0.180240
v 0.485130 1.078160 0.158390
v 0.487950 1.069570 0.183660
v 0.476150 1.084710 0.134720
v 0.453480 1.073600 0.099210
v 0.462400 1.095850 0.102750
v 0.440510 1.109790 0.063090
v 0.426460 1.084340 0.058480
v 0.413110 1.091170 0.041480
v 0.486270 1.035430 0.215430
v 0.475970 1.027970 0.239430
v 0.495160 1.026370 0.235580
v 0.477240 1.030150 0.241400
v 0.495030 1.028150 0.237780
v 0.459080 1.042090 0.248060
v 0.505230 1.034900 0.236990
v 0.503890 1.035800 0.239080
v 0.510830 1.044670 0.241540
v 0.500900 1.052470 0.219030
v 0.496250 1.042710 0.215490
v 0.490990 1.057880 0.200060
v 0.487830 1.048340 0.196770
v 0.484150 1.063860 0.180240
v 0.481060 1.052550 0.178410
v 0.477130 1.041610 0.197680
v 0.469460 1.046290 0.180330
v 0.469330 1.035500 0.221020
v 0.461230 1.040840 0.203520
v 0.454050 1.044990 0.186830
v 0.435140 1.057530 0.199540
v 0.456770 1.040590 0.246720
v 0.445820 1.066970 0.260540
v 0.450850 1.046970 0.231200
v 0.443060 1.066820 0.259790
v 0.447760 1.080310 0.265790
v 0.442870 1.052570 0.215200
v 0.426590 1.085490 0.216390
v 0.432860 1.079180 0.230960
v 0.439290 1.072650 0.246050
v 0.445580 1.081890 0.265370
v 0.460550 1.092300 0.266630
v 0.442690 1.088270 0.251320
v 0.461340 1.089540 0.267050
v 0.436970 1.096500 0.235940
v 0.431740 1.105040 0.221230
v 0.457290 1.097980 0.250410
v 0.452130 1.105960 0.233640
v 0.447380 1.114520 0.216990
v 0.478340 1.092200 0.262860
v 0.477800 1.089320 0.263710
v 0.495940 1.079330 0.256720
v 0.466020 1.105490 0.228460
v 0.460130 1.113700 0.211680
v 0.474160 1.103090 0.201480
v 0.472550 1.097980 0.245460
v 0.481040 1.095380 0.218690
v 0.482610 1.091070 0.193790
v 0.489010 1.088140 0.236110
v 0.489990 1.082560 0.210690
v 0.487950 1.069570 0.183660
v 0.497360 1.081760 0.255190
v 0.498770 1.074250 0.227890
v 0.508510 1.065620 0.247920
v 0.506550 1.063840 0.249930
v 0.510830 1.044670 0.241540
v 0.494770 1.062460 0.201030
v 0.503450 1.054580 0.218780
v 0.513220 1.045320 0.240040
v 0.510290 1.035530 0.238940
v 0.487670 1.060180 0.178640
v 0.484150 1.063860 0.180240
v 0.481540 1.061840 0.178550
v 0.512740 1.034930 0.236900
v 0.503370 1.044890 0.215190
v 0.502330 1.022740 0.231140
v 0.499730 1.021760 0.233920
v 0.491660 1.032030 0.212530
v 0.494400 1.032580 0.210980
v 0.482030 1.039510 0.194620
v 0.494770 1.052880 0.197030
v 0.486610 1.039610 0.193480
v 0.480490 1.045540 0.175570
v 0.473660 1.046340 0.174930
v 0.499730 1.021760 0.233920
v 0.500890 1.045570 0.216540
v 0.510290 1.035530 0.238940
v 0.491660 1.032030 0.212530
v 0.500900 1.052470 0.219030
v 0.510830 1.044670 0.241540
v 0.490990 1.057880 0.200060
v 0.490470 1.053780 0.198600
v 0.484150 1.063860 0.180240
v 0.482030 1.039510 0.194620
v 0.481540 1.061840 0.178550
v 0.473660 1.046340 0.174930
v -0.063160 0.751560 0.109630
v -0.083870 0.731840 0.136940
v -0.050560 0.735020 0.138090
v -0.110410 0.760150 0.113920
v -0.123770 0.733090 0.135790
v -0.157210 0.731040 0.131710
v -0.029020 0.740430 0.107670
v -0.014060 0.733220 0.136850
v -0.009970 0.739180 0.114150
v 0.011510 0.736370 0.116260
v 0.032130 0.733820 0.133890
v 0.039350 0.737950 0.112890
v 0.075830 0.733890 0.132650
v 0.075690 0.738400 0.128440
v 0.120710 0.733720 0.132620
v 0.126850 0.741100 0.127420
v 0.187180 0.738320 0.116770
v -0.133450 0.096110 -0.042590
v -0.126730 0.132980 -0.072810
v -0.127400 0.102240 -0.085880
v -0.130080 0.075330 -0.092320
v -0.135890 0.133850 -0.038030
v -0.141600 0.063790 -0.038760
v -0.136130 0.190190 -0.050670
v -0.126360 0.046800 -0.092800
v -0.146880 0.045300 -0.035650
v -0.148260 0.045670 0.014710
v -0.141070 0.092730 -0.005650
v -0.142790 0.059740 0.017490
v -0.144360 0.033660 0.062990
v -0.147200 0.056180 0.069950
v -0.146720 0.030730 0.079400
v -0.144500 0.075930 0.027480
v -0.149270 0.054280 0.084860
v -0.158240 0.031550 0.113390
v -0.160030 0.079560 0.074790
v -0.159580 0.053980 0.115070
v -0.169950 0.035760 0.142140
v -0.161490 0.077060 0.088040
v -0.170590 0.054910 0.139730
v -0.183490 0.038460 0.154220
v -0.168600 0.072580 0.114790
v -0.182380 0.058340 0.149460
v -0.205730 0.040390 0.157520
v -0.179140 0.070120 0.140120
v -0.203910 0.061920 0.151810
v -0.198350 0.078740 0.134640
v -0.234930 0.060710 0.146430
v -0.236240 0.039760 0.151280
v -0.232840 0.077960 0.127990
v -0.191240 0.081910 0.110160
v -0.251820 0.055510 0.131300
v -0.253440 0.036380 0.134960
v -0.261990 0.032660 0.102720
v -0.187070 0.085270 0.085900
v -0.184920 0.087870 0.074420
v -0.225880 0.082590 0.077900
v -0.231570 0.079960 0.102660
v -0.247410 0.072180 0.120200
v -0.261030 0.053860 0.101380
v -0.251440 0.071700 0.099980
v -0.251610 0.073280 0.072290
v -0.260560 0.055530 0.068160
v -0.264450 0.031480 0.065330
v -0.223620 0.085690 0.066400
v -0.251400 0.073730 0.058700
v -0.260320 0.056280 0.052150
v -0.263260 0.033910 0.047460
v -0.241520 0.089070 0.016080
v -0.215020 0.106770 0.036130
v -0.248030 0.068650 0.003240
v -0.247060 0.047300 -0.005240
v -0.179000 0.107490 0.041150
v -0.207800 0.123310 0.010460
v -0.230020 0.106740 -0.014680
v -0.233510 0.074930 -0.045420
v -0.227340 0.045300 -0.065160
v -0.156900 0.095910 0.036020
v -0.175470 0.121910 0.015790
v -0.155730 0.110950 0.009030
v -0.218260 0.064990 -0.086340
v -0.213670 0.046070 -0.114330
v -0.227980 0.104370 -0.046600
v -0.207350 0.081690 -0.113540
v -0.196040 0.047420 -0.144360
v -0.214120 0.102740 -0.080790
v -0.217100 0.137230 -0.027950
v -0.214370 0.133780 -0.071640
v -0.185220 0.100490 -0.139640
v -0.173910 0.047070 -0.155070
v -0.205370 0.104190 -0.112750
v -0.203210 0.133750 -0.100820
v -0.183860 0.134600 -0.126980
v -0.167930 0.106890 -0.146970
v -0.146510 0.048350 -0.148980
v -0.218160 0.173870 -0.056390
v -0.200590 0.186790 -0.086740
v -0.166850 0.134900 -0.136730
v -0.177520 0.191370 -0.100080
v -0.148110 0.105390 -0.140900
v -0.148690 0.133930 -0.130090
v -0.133130 0.093680 -0.125450
v -0.128330 0.047420 -0.126410
v -0.133090 0.104870 -0.122520
v -0.130080 0.075330 -0.092320
v -0.126360 0.046800 -0.092800
v -0.127400 0.102240 -0.085880
v -0.133660 0.133050 -0.111490
v -0.126730 0.132980 -0.072810
v -0.157050 0.192270 -0.092950
v -0.142710 0.191800 -0.076780
v -0.136130 0.190190 -0.050670
v -0.141770 0.250140 -0.064980
v -0.132340 0.243660 -0.039080
v -0.156970 0.251970 -0.077010
v -0.181260 0.250020 -0.080230
v -0.208470 0.237480 -0.067540
v -0.122280 0.291560 -0.056620
v -0.112610 0.283780 -0.025740
v -0.142140 0.297250 -0.070100
v -0.173570 0.297700 -0.074670
v -0.210600 0.286330 -0.059360
v -0.120180 0.322900 -0.041640
v -0.104330 0.315340 -0.009430
v -0.135070 0.325630 -0.056540
v -0.168790 0.325660 -0.063940
v -0.211020 0.317050 -0.053690
v -0.117900 0.354740 -0.021830
v -0.109290 0.347980 0.007550
v -0.125220 0.375690 -0.002350
v -0.111550 0.364730 0.016880
v -0.137140 0.381270 -0.013270
v -0.135260 0.356740 -0.037740
v -0.162700 0.384980 -0.020150
v -0.169240 0.354870 -0.047600
v -0.197340 0.377690 -0.009380
v -0.206770 0.346580 -0.037180
v -0.222110 0.367260 0.014930
v -0.237040 0.301180 -0.026760
v -0.236190 0.334990 -0.008580
v -0.242080 0.324480 0.025030
v -0.226280 0.357640 0.040980
v -0.241920 0.292070 0.007580
v -0.233590 0.270140 -0.031290
v -0.233150 0.314290 0.054510
v -0.221430 0.349460 0.066120
v -0.234960 0.285260 0.035500
v -0.232730 0.253640 0.007770
v -0.222380 0.225010 -0.047100
v -0.214630 0.275770 0.061630
v -0.211520 0.303000 0.080160
v -0.201920 0.339920 0.089130
v -0.223040 0.206840 -0.017210
v -0.220860 0.162440 -0.025610
v -0.212190 0.237830 0.039370
v -0.208070 0.190840 0.008970
v -0.209380 0.152870 -0.004750
v -0.202260 0.139460 -0.007570
v -0.180620 0.265330 0.068720
v -0.173480 0.136630 -0.000800
v -0.182350 0.182610 0.017800
v -0.153920 0.135200 -0.010940
v -0.160960 0.182830 0.008360
v -0.142140 0.184540 -0.015600
v -0.132340 0.243660 -0.039080
v -0.137140 0.231620 0.002360
v -0.112610 0.283780 -0.025740
v -0.155730 0.225810 0.029890
v -0.124050 0.272120 0.021780
v -0.104330 0.315340 -0.009430
v -0.181320 0.225960 0.043750
v -0.149600 0.265210 0.053430
v -0.111640 0.303500 0.032830
v -0.109290 0.347980 0.007550
v -0.143860 0.295190 0.071950
v -0.176490 0.294940 0.087110
v -0.167990 0.332640 0.095860
v -0.144150 0.331790 0.085780
v -0.137590 0.335490 0.070900
v -0.114080 0.339550 0.042290
v -0.116550 0.349110 0.043800
v -0.111550 0.364730 0.016880
v -0.183730 0.032500 0.154810
v -0.202680 0.028430 0.140480
v -0.206640 0.033430 0.157710
v -0.205730 0.040390 0.157520
v -0.183490 0.038460 0.154220
v -0.236240 0.039760 0.151280
v -0.169950 0.035760 0.142140
v -0.235890 0.032500 0.152010
v -0.253440 0.036380 0.134960
v -0.170010 0.030200 0.142690
v -0.158240 0.031550 0.113390
v -0.233130 0.027970 0.136770
v -0.253860 0.030950 0.135540
v -0.261990 0.032660 0.102720
v -0.193970 0.025150 0.104110
v -0.240210 0.024820 0.100080
v -0.262330 0.026870 0.103060
v -0.264450 0.031480 0.065330
v -0.157690 0.026950 0.113100
v -0.146720 0.030730 0.079400
v -0.190020 0.026870 0.072970
v -0.264740 0.026120 0.064880
v -0.146600 0.025950 0.078980
v -0.144150 0.028600 0.062220
v -0.144360 0.033660 0.062990
v -0.186540 0.029200 0.056380
v -0.239980 0.025520 0.065900
v -0.147440 0.039610 0.014690
v -0.148260 0.045670 0.014710
v -0.263580 0.028500 0.046610
v -0.263260 0.033910 0.047460
v -0.238550 0.028480 0.048540
v -0.183600 0.038340 0.007350
v -0.247420 0.040990 -0.006470
v -0.247060 0.047300 -0.005240
v -0.225080 0.038490 -0.001570
v -0.147810 0.040890 -0.030490
v -0.146880 0.045300 -0.035650
v -0.172160 0.036430 -0.041780
v -0.146300 0.024500 -0.038770
v -0.126360 0.046800 -0.092800
v -0.228970 0.039940 -0.059580
v -0.227340 0.045300 -0.065160
v -0.211450 0.036860 -0.053440
v -0.227950 0.024520 -0.064900
v -0.213670 0.046070 -0.114330
v -0.208870 0.022770 -0.057530
v -0.171340 0.022820 -0.045790
v -0.189410 0.021770 -0.105980
v -0.212750 0.023220 -0.114010
v -0.196040 0.047420 -0.144360
v -0.196290 0.023770 -0.140620
v -0.173910 0.047070 -0.155070
v -0.155810 0.021770 -0.095860
v -0.174500 0.023040 -0.149330
v -0.127560 0.023420 -0.089460
v -0.128330 0.047420 -0.126410
v -0.130030 0.023390 -0.122440
v -0.146510 0.048350 -0.148980
v -0.148740 0.022420 -0.143610
v -0.149280 0.021470 -0.125060
v -0.178480 0.021490 -0.133520
v -0.456800 1.068570 0.237440
v -0.452230 1.062140 0.226810
v -0.457230 1.059010 0.234740
v -0.453640 1.071400 0.230060
v -0.460380 1.080160 0.230250
v -0.457620 1.067720 0.241610
v -0.458950 1.058160 0.239830
v -0.464680 1.077810 0.238850
v -0.473000 1.082540 0.223950
v -0.451950 1.056650 0.246600
v -0.479520 1.079260 0.235330
v -0.465540 1.077150 0.243680
v -0.489510 1.074050 0.228860
v -0.482470 1.077710 0.216880
v -0.481300 1.078060 0.240820
v -0.491870 1.072450 0.234770
v -0.494340 1.063010 0.222170
v -0.484910 1.067140 0.210670
v -0.497010 1.060410 0.228560
v -0.494090 1.070350 0.241170
v -0.481840 1.076950 0.246920
v -0.464660 1.077050 0.249980
v -0.496800 1.065790 0.258250
v -0.453190 1.068520 0.247730
v -0.481440 1.074500 0.262090
v -0.461980 1.078330 0.260990
v -0.443340 1.070800 0.257150
v -0.440210 1.054480 0.257370
v -0.482860 1.071170 0.286190
v -0.446900 1.075330 0.279370
v -0.435770 1.067540 0.273690
v -0.436220 1.050070 0.273760
v -0.458400 1.073550 0.289420
v -0.435450 1.067570 0.298050
v -0.431870 1.057560 0.291170
v -0.436740 1.048040 0.287000
v -0.431080 1.053330 0.298170
v -0.437370 1.044840 0.298570
v -0.432480 1.063990 0.304610
v -0.430900 1.050050 0.304980
v -0.436730 1.042210 0.308050
v -0.441300 1.068740 0.310510
v -0.431160 1.047570 0.310000
v -0.436250 1.038660 0.316240
v -0.432040 1.061010 0.310320
v -0.432200 1.057830 0.314570
v -0.431590 1.044570 0.318960
v -0.433090 1.052700 0.322000
v -0.441590 1.065720 0.314950
v -0.441930 1.062860 0.319430
v -0.451340 1.063690 0.314670
v -0.432240 1.042040 0.323360
v -0.437290 1.037080 0.323150
v -0.433300 1.050650 0.326480
v -0.441190 1.056450 0.329490
v -0.433840 1.048970 0.329390
v -0.432410 1.040960 0.325930
v -0.432410 1.039780 0.328930
v -0.435990 1.031830 0.329860
v -0.434390 1.046970 0.332250
v -0.432510 1.037560 0.333020
v -0.435770 1.029520 0.336190
v -0.435140 1.045040 0.336060
v -0.441250 1.052550 0.334540
v -0.441160 1.054430 0.332280
v -0.441800 1.049550 0.338460
v -0.450460 1.054230 0.330690
v -0.450530 1.050550 0.339670
v -0.441370 1.045740 0.343070
v -0.435930 1.042110 0.341020
v -0.454300 1.044340 0.337100
v -0.453320 1.049200 0.327230
v -0.454150 1.042410 0.342410
v -0.450370 1.057460 0.324510
v -0.453820 1.050120 0.322470
v -0.454700 1.053450 0.318100
v -0.450640 1.047370 0.345300
v -0.452660 1.039960 0.350340
v -0.441620 1.058880 0.325930
v -0.450670 1.060530 0.319970
v -0.454680 1.055730 0.315220
v -0.456510 1.059610 0.309260
v -0.452240 1.067190 0.308990
v -0.461180 1.067120 0.302060
v -0.444540 1.071420 0.305750
v -0.464660 1.058480 0.306880
v -0.487620 1.068520 0.304200
v -0.478440 1.060510 0.321950
v -0.501820 1.058380 0.281040
v -0.490190 1.064460 0.323140
v -0.481330 1.058610 0.332710
v -0.501720 1.061160 0.320620
v -0.491440 1.062790 0.334510
v -0.484730 1.056960 0.340310
v -0.506390 1.053900 0.298700
v -0.503170 1.057360 0.332400
v -0.492310 1.059580 0.341300
v -0.490560 1.051070 0.359990
v -0.483110 1.049870 0.358300
v -0.482550 1.048040 0.362960
v -0.498390 1.046670 0.358910
v -0.501550 1.054180 0.339500
v -0.502280 1.044890 0.335180
v -0.500910 1.038580 0.355990
v -0.497420 1.044060 0.365340
v -0.489180 1.048770 0.365630
v -0.486060 1.044570 0.370010
v -0.480450 1.045070 0.366180
v -0.473840 1.034830 0.376760
v -0.494230 1.039130 0.369970
v -0.478540 1.033000 0.380250
v -0.471950 1.033030 0.378410
v -0.500150 1.036030 0.360920
v -0.496720 1.031830 0.357870
v -0.497180 1.033330 0.353310
v -0.495640 1.037610 0.335260
v -0.497520 1.032730 0.365060
v -0.493940 1.029220 0.360700
v -0.496220 1.037930 0.331740
v -0.487520 1.021940 0.374800
v -0.486000 1.019810 0.370740
v -0.483500 1.016930 0.373240
v -0.484480 1.027190 0.379550
v -0.485020 1.018180 0.377540
v -0.482920 1.016060 0.379360
v -0.481070 1.014380 0.374470
v -0.481840 1.023990 0.382100
v -0.476230 1.030750 0.382330
v -0.469250 1.030570 0.379430
v -0.478590 1.011680 0.380700
v -0.476580 1.010650 0.375950
v -0.479070 1.021290 0.383540
v -0.474160 1.028100 0.383900
v -0.474660 1.018080 0.384200
v -0.469270 1.024890 0.385330
v -0.465780 1.026640 0.381660
v -0.462130 1.020090 0.385230
v -0.464400 1.019210 0.387770
v -0.461180 1.014480 0.387620
v -0.475120 1.008870 0.382380
v -0.472780 1.007400 0.378910
v -0.470200 1.013300 0.387230
v -0.471260 1.006970 0.384520
v -0.469540 1.005270 0.383080
v -0.464160 1.014980 0.388680
v -0.464230 1.007970 0.386990
v -0.466470 1.009500 0.387960
v -0.461310 1.036730 0.212240
v -0.475800 1.024390 0.212990
v -0.466280 1.032530 0.220790
v -0.471000 1.027620 0.204040
v -0.483710 1.035150 0.199810
v -0.454350 1.051420 0.221990
v -0.488870 1.031450 0.209120
v -0.486320 1.045290 0.201500
v -0.479070 1.022660 0.219270
v -0.459000 1.049070 0.230360
v -0.452230 1.062140 0.226810
v -0.457230 1.059010 0.234740
v -0.469300 1.029820 0.226620
v -0.461420 1.048420 0.239600
v -0.458950 1.058160 0.239830
v -0.451950 1.056650 0.246600
v -0.457170 1.045940 0.247270
v -0.440210 1.054480 0.257370
v -0.469060 1.031400 0.238690
v -0.465260 1.038810 0.245540
v -0.446450 1.043990 0.261930
v -0.436220 1.050070 0.273760
v -0.459460 1.037360 0.260560
v -0.468340 1.032650 0.257340
v -0.457590 1.036580 0.276780
v -0.444510 1.042440 0.275060
v -0.436740 1.048040 0.287000
v -0.449370 1.043390 0.294220
v -0.437370 1.044840 0.298570
v -0.454170 1.039360 0.284500
v -0.465720 1.033900 0.278150
v -0.445860 1.043740 0.302750
v -0.436730 1.042210 0.308050
v -0.445810 1.039930 0.310230
v -0.436250 1.038660 0.316240
v -0.455470 1.051320 0.307040
v -0.444190 1.037630 0.317420
v -0.437290 1.037080 0.323150
v -0.454060 1.048800 0.310780
v -0.451760 1.042610 0.321040
v -0.454680 1.055730 0.315220
v -0.454700 1.053450 0.318100
v -0.456510 1.059610 0.309260
v -0.453450 1.046220 0.315080
v -0.453820 1.050120 0.322470
v -0.453320 1.049200 0.327230
v -0.461290 1.051750 0.304980
v -0.464660 1.058480 0.306880
v -0.450400 1.040890 0.325060
v -0.454300 1.044340 0.337100
v -0.444300 1.037180 0.323440
v -0.452310 1.036410 0.332120
v -0.444010 1.030950 0.328330
v -0.435990 1.031830 0.329860
v -0.452920 1.035050 0.338110
v -0.454150 1.042410 0.342410
v -0.448760 1.030170 0.335000
v -0.442600 1.028500 0.333670
v -0.435770 1.029520 0.336190
v -0.447140 1.029420 0.342980
v -0.452520 1.032830 0.344840
v -0.452660 1.039960 0.350340
v -0.440920 1.027290 0.342350
v -0.435540 1.028370 0.345130
v -0.440790 1.026440 0.349700
v -0.436860 1.028350 0.352150
v -0.441140 1.029620 0.356260
v -0.445790 1.028150 0.351710
v -0.445600 1.032600 0.357560
v -0.451700 1.034080 0.352250
v -0.449690 1.036830 0.356200
v -0.474110 1.053930 0.317860
v -0.478440 1.060510 0.321950
v -0.476970 1.051570 0.329490
v -0.481330 1.058610 0.332710
v -0.479340 1.050400 0.338430
v -0.484730 1.056960 0.340310
v -0.483110 1.049870 0.358300
v -0.475560 1.046320 0.313770
v -0.478090 1.044640 0.326660
v -0.467570 1.046640 0.302650
v -0.479500 1.038630 0.309360
v -0.474030 1.038180 0.295300
v -0.487360 1.034450 0.328250
v -0.480130 1.043610 0.335730
v -0.480370 1.031450 0.291130
v -0.484280 1.029450 0.303240
v -0.489560 1.023920 0.320640
v -0.488100 1.019590 0.298000
v -0.474000 1.030450 0.275840
v -0.485180 1.022490 0.287000
v -0.478380 1.024840 0.273900
v -0.473200 1.023060 0.254210
v -0.488920 1.013450 0.281890
v -0.491470 1.009150 0.292370
v -0.481990 1.016010 0.270660
v -0.480260 1.014500 0.245600
v -0.488600 1.005520 0.265340
v -0.492920 1.001760 0.276400
v -0.490280 1.011080 0.239910
v -0.474750 1.023370 0.231630
v -0.482780 1.020740 0.225600
v -0.492140 1.029320 0.216520
v -0.494820 1.025940 0.223990
v -0.493410 1.041510 0.211520
v -0.487440 1.054730 0.204440
v -0.496690 1.038860 0.218330
v -0.494580 1.050050 0.215080
v -0.498710 1.047070 0.222150
v -0.500280 1.035910 0.226610
v -0.499620 1.058110 0.235320
v -0.502320 1.044010 0.230070
v -0.505910 1.053050 0.252650
v -0.508370 1.037580 0.245460
v -0.510720 1.044010 0.275040
v -0.514900 1.038210 0.291170
v -0.516710 1.026770 0.267730
v -0.506440 1.026840 0.241940
v -0.501800 1.018010 0.239110
v -0.513920 1.011300 0.260780
v -0.508510 1.004720 0.258860
v -0.497660 1.001990 0.261020
v -0.517610 1.004670 0.271210
v -0.501080 0.997110 0.271260
v -0.510500 0.998290 0.268540
v -0.503920 0.992130 0.281490
v -0.497180 0.996330 0.287710
v -0.513470 0.991330 0.282380
v -0.507600 0.988350 0.288770
v -0.504350 0.998660 0.304330
v -0.502990 0.991000 0.294940
v -0.509750 0.983840 0.294100
v -0.513930 0.987270 0.288730
v -0.520220 0.992900 0.285660
v -0.524270 1.000090 0.291810
v -0.519680 0.988550 0.292070
v -0.514650 0.982840 0.293540
v -0.519770 0.985190 0.296420
v -0.503440 0.987300 0.298140
v -0.504740 0.992880 0.305400
v -0.504610 0.978760 0.306830
v -0.504240 0.984870 0.312070
v -0.511820 0.998990 0.305590
v -0.512310 0.994760 0.308790
v -0.510260 0.986720 0.316650
v -0.506990 0.999310 0.310720
v -0.510560 0.996110 0.310190
v -0.504790 0.981940 0.314950
v -0.508930 0.984470 0.319490
v -0.506390 0.982690 0.322080
v -0.505160 0.976630 0.310400
v -0.502540 0.980890 0.316930
v -0.496170 0.976230 0.321260
v -0.498720 0.977030 0.328700
v -0.502120 0.975010 0.312560
v -0.496770 0.972300 0.317350
v -0.494070 0.973380 0.322350
v -0.494890 0.975560 0.329920
v -0.491810 0.975060 0.329980
v -0.494620 0.970450 0.319550
v -0.490970 0.974080 0.322020
v -0.485760 0.973930 0.330310
v -0.484280 0.971650 0.323950
v -0.481800 0.972780 0.330340
v -0.498430 0.967300 0.316080
v -0.491050 0.969980 0.318480
v -0.492750 0.965000 0.318020
v -0.480560 0.971730 0.325190
v -0.478140 0.971430 0.327090
v -0.478110 0.970080 0.330290
v -0.476370 0.965320 0.328220
v -0.477370 0.967200 0.324270
v -0.477880 0.963190 0.323320
v -0.479210 0.961020 0.325070
v -0.480140 0.963990 0.320810
v -0.480220 0.968470 0.321630
v -0.483870 0.968470 0.320550
v -0.484490 0.964270 0.319430
v -0.482580 0.960340 0.323230
v -0.480710 0.960970 0.328250
v -0.476370 0.965320 0.328220
v -0.486790 0.959860 0.322310
v -0.484400 0.960490 0.327080
v -0.478920 0.963790 0.330980
v -0.478110 0.970080 0.330290
v -0.483640 0.963770 0.331280
v -0.480560 0.967670 0.332520
v -0.481800 0.972780 0.330340
v -0.483590 0.969200 0.332940
v -0.485760 0.973930 0.330310
v -0.487780 0.964220 0.331210
v -0.487250 0.969550 0.333250
v -0.491810 0.975060 0.329980
v -0.492690 0.969350 0.332800
v -0.494890 0.975560 0.329920
v -0.488730 0.961170 0.327060
v -0.493750 0.964240 0.331290
v -0.498160 0.970100 0.332960
v -0.498720 0.977030 0.328700
v -0.494500 0.960690 0.320970
v -0.494410 0.960190 0.327010
v -0.499060 0.964170 0.331810
v -0.502450 0.971250 0.332050
v -0.512390 0.977490 0.324720
v -0.506390 0.982690 0.322080
v -0.504320 0.965070 0.330860
v -0.508930 0.984470 0.319490
v -0.499560 0.959990 0.326750
v -0.504080 0.961240 0.325560
v -0.497940 0.961390 0.320120
v -0.496120 0.966250 0.317960
v -0.500650 0.962440 0.318870
v -0.510240 0.967100 0.313140
v -0.515520 0.971730 0.322810
v -0.514940 0.967550 0.318230
v -0.516630 0.980840 0.321870
v -0.510260 0.986720 0.316650
v -0.520670 0.974110 0.319060
v -0.519480 0.984020 0.317740
v -0.519150 0.994580 0.306930
v -0.512310 0.994760 0.308790
v -0.511820 0.998990 0.305590
v -0.518950 1.001510 0.302440
v -0.510560 0.996110 0.310190
v -0.520430 0.990380 0.301750
v -0.522850 0.978540 0.314080
v -0.518550 0.970280 0.314500
v -0.520220 0.974110 0.308330
v -0.513450 0.969050 0.310320
v -0.521520 0.994410 0.298020
v -0.514460 0.973080 0.305420
v -0.508690 0.972330 0.309050
v -0.509070 0.974460 0.305310
v -0.505890 0.970400 0.311110
v -0.521390 1.018630 0.282800
v -0.524040 1.006770 0.296010
v -0.525810 1.010550 0.298940
v -0.524990 1.005670 0.306390
v -0.523430 1.000790 0.314370
v -0.515420 0.989550 0.322040
v -0.527190 1.017780 0.302890
v -0.525710 1.013280 0.311360
v -0.523750 1.008150 0.318310
v -0.522720 0.994510 0.324350
v -0.522900 1.025990 0.306470
v -0.521490 0.989020 0.332130
v -0.519480 1.020010 0.314920
v -0.524010 1.000460 0.328800
v -0.514370 0.985340 0.328260
v -0.519480 1.005520 0.332420
v -0.522760 0.995180 0.337510
v -0.515750 0.984670 0.339340
v -0.510260 0.982240 0.332620
v -0.517330 0.990130 0.343660
v -0.518490 1.000490 0.340450
v -0.516520 1.014450 0.321410
v -0.511460 1.002970 0.340640
v -0.511350 1.006720 0.332900
v -0.509940 1.013530 0.322170
v -0.509010 1.015460 0.320190
v -0.513960 0.995360 0.346190
v -0.509280 0.999510 0.344710
v -0.497010 0.989470 0.355660
v -0.515620 1.019590 0.318900
v -0.509620 1.014680 0.325130
v -0.501160 0.979760 0.355710
v -0.499460 0.985850 0.356970
v -0.493410 0.984070 0.358060
v -0.492820 0.988250 0.357180
v -0.494420 0.978310 0.356560
v -0.500500 0.975130 0.350520
v -0.497460 0.973660 0.344100
v -0.494630 0.973260 0.352320
v -0.493930 0.972530 0.344660
v -0.490410 0.977740 0.356030
v -0.489560 0.983770 0.357730
v -0.489630 0.988000 0.356670
v -0.490860 0.972950 0.352180
v -0.490960 0.972580 0.344670
v -0.486580 0.978010 0.355730
v -0.484700 0.983540 0.356920
v -0.482130 0.987850 0.355310
v -0.486110 0.972550 0.351140
v -0.482280 0.971630 0.346350
v -0.479630 0.976410 0.356530
v -0.478110 0.982670 0.357840
v -0.476610 0.986200 0.356300
v -0.480060 0.972100 0.351800
v -0.478350 0.971150 0.347300
v -0.476310 0.972200 0.352630
v -0.473550 0.971850 0.350460
v -0.475270 0.981040 0.357840
v -0.471660 0.982840 0.355930
v -0.470550 0.976980 0.354280
v -0.474080 0.976030 0.355870
v -0.511250 1.047220 0.316130
v -0.517770 1.039260 0.313390
v -0.508370 1.051070 0.317630
v -0.511690 1.042640 0.326050
v -0.505610 1.047740 0.328320
v -0.502750 1.042540 0.330510
v -0.498480 1.034930 0.333550
v -0.510100 1.038110 0.331560
v -0.505770 1.027570 0.349470
v -0.518120 1.033400 0.328000
v -0.513370 1.025920 0.350660
v -0.504880 1.024970 0.354950
v -0.519020 1.035830 0.321670
v -0.518460 1.019940 0.348050
v -0.521020 1.030650 0.309190
v -0.519850 1.025520 0.318340
v -0.518140 1.022710 0.323790
v -0.517320 1.012080 0.343520
v -0.513340 1.008320 0.340830
v -0.512830 1.004970 0.346880
v -0.517190 1.007800 0.349820
v -0.512440 1.004040 0.355970
v -0.508620 1.001740 0.351830
v -0.517380 1.016060 0.355470
v -0.500120 0.995660 0.361990
v -0.512860 1.022840 0.357000
v -0.513230 1.012380 0.361410
v -0.508930 1.019060 0.362360
v -0.502670 1.022340 0.359000
v -0.495240 1.013680 0.369260
v -0.500120 1.010120 0.372620
v -0.491260 1.011650 0.371430
v -0.503540 1.003140 0.371880
v -0.502620 0.997480 0.367130
v -0.496940 0.993850 0.363160
v -0.495840 1.000090 0.374700
v -0.493090 1.007620 0.375780
v -0.488360 1.010670 0.372310
v -0.497740 0.993950 0.369370
v -0.493170 0.992280 0.369580
v -0.492470 0.992500 0.362920
v -0.491310 0.998810 0.374980
v -0.489560 1.006850 0.375810
v -0.481840 1.004240 0.375900
v -0.479840 1.007600 0.372170
v -0.485650 0.990930 0.370130
v -0.484160 0.990250 0.364890
v -0.483990 0.996930 0.375360
v -0.476410 1.002590 0.376460
v -0.472510 1.003390 0.373020
v -0.480880 0.989350 0.370270
v -0.477240 0.989100 0.365760
v -0.478430 0.994860 0.376400
v -0.472840 1.000210 0.376450
v -0.469990 0.999760 0.373480
v -0.472440 0.993280 0.375930
v -0.469760 0.993230 0.371960
v -0.476040 0.988900 0.372140
v -0.473130 0.989020 0.369110
v -0.498030 1.005520 0.309770
v -0.497710 1.014380 0.318890
v -0.503550 1.004090 0.314360
v -0.503740 1.011030 0.318710
v -0.503760 0.997310 0.325140
v -0.509010 1.015460 0.320190
v -0.509940 1.013530 0.322170
v -0.504420 1.003740 0.329600
v -0.511350 1.006720 0.332900
v -0.504290 1.000240 0.334090
v -0.511460 1.002970 0.340640
v -0.509280 0.999510 0.344710
v -0.499140 1.017180 0.324050
v -0.509620 1.014680 0.325130
v -0.494790 1.022760 0.326380
v -0.503040 1.009000 0.339410
v -0.513340 1.008320 0.340830
v -0.497700 1.016080 0.341970
v -0.493930 1.029350 0.330530
v -0.502620 1.007350 0.346180
v -0.512830 1.004970 0.346880
v -0.498980 1.012900 0.347780
v -0.508620 1.001740 0.351830
v -0.496220 1.037930 0.331740
v -0.498480 1.034930 0.333550
v -0.488200 1.036830 0.333470
v -0.498710 1.022860 0.346280
v -0.505770 1.027570 0.349470
v -0.495640 1.037610 0.335260
v -0.499350 1.019660 0.352480
v -0.504880 1.024970 0.354950
v -0.502670 1.022340 0.359000
v -0.495870 1.017430 0.355740
v -0.495240 1.013680 0.369260
v -0.495150 1.010000 0.350800
v -0.491130 1.012400 0.362550
v -0.500040 1.003670 0.349100
v -0.490930 1.005220 0.356680
v -0.495080 0.997880 0.356140
v -0.500120 0.995660 0.361990
v -0.490850 1.004070 0.359410
v -0.489240 1.010070 0.364380
v -0.491260 1.011650 0.371430
v -0.488360 1.010670 0.372310
v -0.493690 0.997180 0.359180
v -0.496940 0.993850 0.363160
v -0.492470 0.992500 0.362920
v -0.486710 1.009320 0.364530
v -0.479840 1.007600 0.372170
v -0.490430 0.996460 0.358740
v -0.484160 0.990250 0.364890
v -0.488310 1.003240 0.358620
v -0.481720 0.993980 0.359890
v -0.477240 0.989100 0.365760
v -0.478540 1.000560 0.359800
v -0.477950 1.006240 0.365540
v -0.475010 0.992100 0.363200
v -0.473100 0.998060 0.363340
v -0.472350 1.002790 0.368240
v -0.472510 1.003390 0.373020
v -0.469970 0.999860 0.369800
v -0.469990 0.999760 0.373480
v -0.469760 0.993230 0.371960
v -0.470020 0.995480 0.367650
v -0.472880 0.990780 0.366210
v -0.473130 0.989020 0.369110
v -0.508620 0.991530 0.321930
v -0.515420 0.989550 0.322040
v -0.503840 0.994230 0.330080
v -0.508160 0.988150 0.327830
v -0.514370 0.985340 0.328260
v -0.510260 0.982240 0.332620
v -0.504390 0.984990 0.330580
v -0.493380 0.980710 0.337870
v -0.497460 0.973660 0.344100
v -0.499460 0.991600 0.332450
v -0.499650 0.998080 0.337340
v -0.491370 0.987100 0.339360
v -0.491780 0.992280 0.345610
v -0.497010 0.989470 0.355660
v -0.489830 0.985020 0.342300
v -0.489900 0.990480 0.347370
v -0.492820 0.988250 0.357180
v -0.489630 0.988000 0.356670
v -0.488420 0.990350 0.347620
v -0.482130 0.987850 0.355310
v -0.488170 0.985750 0.341990
v -0.478190 0.988800 0.347840
v -0.476610 0.986200 0.356300
v -0.472990 0.985570 0.351350
v -0.471660 0.982840 0.355930
v -0.470740 0.984390 0.352400
v -0.472310 0.982470 0.346630
v -0.469600 0.979610 0.350840
v -0.470550 0.976980 0.354280
v -0.471670 0.975880 0.348110
v -0.473550 0.971850 0.350460
v -0.478030 0.984570 0.343060
v -0.474460 0.976260 0.344470
v -0.478350 0.971150 0.347300
v -0.479890 0.977410 0.341820
v -0.482280 0.971630 0.346350
v -0.488760 0.979390 0.340610
v -0.490960 0.972580 0.344670
v -0.490910 0.980110 0.341070
v -0.493930 0.972530 0.344660
v -0.466380 1.007500 0.379610
v -0.464230 1.007970 0.386990
v -0.462420 1.009800 0.381600
v -0.469540 1.005270 0.383080
v -0.472780 1.007400 0.378910
v -0.460440 1.013330 0.383370
v -0.461180 1.014480 0.387620
v -0.462130 1.020090 0.385230
v -0.463090 1.013550 0.376980
v -0.461370 1.017310 0.380210
v -0.467520 1.009950 0.375540
v -0.476580 1.010650 0.375950
v -0.464210 1.023820 0.376190
v -0.466190 1.018530 0.371780
v -0.465780 1.026640 0.381660
v -0.470980 1.013400 0.371570
v -0.469440 1.021610 0.369360
v -0.467770 1.027920 0.373660
v -0.469250 1.030570 0.379430
v -0.475250 1.016730 0.369350
v -0.481070 1.014380 0.374470
v -0.472430 1.024070 0.368170
v -0.470360 1.030270 0.372660
v -0.471950 1.033030 0.378410
v -0.473840 1.034830 0.376760
v -0.477950 1.019110 0.368300
v -0.483500 1.016930 0.373240
v -0.486000 1.019810 0.370740
v -0.479440 1.020490 0.365900
v -0.473330 1.026070 0.366410
v -0.471740 1.031950 0.371200
v -0.477790 1.040060 0.361910
v -0.479340 1.033230 0.358510
v -0.480450 1.045070 0.366180
v -0.486850 1.028300 0.357680
v -0.493940 1.029220 0.360700
v -0.482100 1.035780 0.356200
v -0.488870 1.030850 0.355670
v -0.496720 1.031830 0.357870
v -0.497180 1.033330 0.353310
v -0.489260 1.031830 0.352000
v -0.481700 1.036480 0.352280
v -0.479330 1.044010 0.355540
v -0.479580 1.042360 0.359180
v -0.482550 1.048040 0.362960
v -0.432430 1.035530 0.339000
v -0.435540 1.028370 0.345130
v -0.433050 1.032850 0.346710
v -0.436040 1.038330 0.349080
v -0.434580 1.031750 0.353550
v -0.436860 1.028350 0.352150
v -0.441490 1.042040 0.350360
v -0.449610 1.043640 0.351600
v -0.446770 1.039230 0.357460
v -0.449690 1.036830 0.356200
v -0.445600 1.032600 0.357560
v -0.441300 1.038310 0.357510
v -0.442010 1.035880 0.359210
v -0.441140 1.029620 0.356260
v -0.436330 1.034930 0.356190
v -0.437510 1.032880 0.357720
v 0.050870 1.015860 -0.125620
v 0.040440 0.944850 -0.139320
v 0.057590 0.946020 -0.133230
v 0.033590 1.015880 -0.132910
v 0.034260 1.019960 -0.128620
v 0.047740 1.019940 -0.124600
v 0.039760 0.945950 -0.133100
v 0.047190 1.014730 -0.120940
v 0.053310 0.946870 -0.128280
v 0.050870 1.015860 -0.125620
v 0.057590 0.946020 -0.133230
v 0.040440 0.944850 -0.139320
v 0.047740 1.019940 -0.124600
v 0.033590 1.015880 -0.132910
v 0.033720 1.014750 -0.126570
v 0.034260 1.019960 -0.128620
v 0.136720 1.020240 -0.090180
v 0.125120 0.949630 -0.101660
v 0.142460 0.950400 -0.095270
v 0.119760 1.019890 -0.099190
v 0.120270 1.024070 -0.095020
v 0.133510 1.024340 -0.087540
v 0.124700 0.950780 -0.095380
v 0.132980 1.019160 -0.085490
v 0.138400 0.951430 -0.090150
v 0.136720 1.020240 -0.090180
v 0.142460 0.950400 -0.095270
v 0.125120 0.949630 -0.101660
v 0.133510 1.024340 -0.087540
v 0.119760 1.019890 -0.099190
v 0.119740 1.018880 -0.092790
v 0.120270 1.024070 -0.095020
v 0.097630 0.967000 -0.139600
v 0.106780 0.964040 -0.135810
v 0.094750 0.962920 -0.141460
v 0.103330 0.967250 -0.137100
v 0.113330 0.797170 -0.169220
v 0.126160 0.798500 -0.164120
v 0.127170 0.796890 -0.163910
v 0.112300 0.795590 -0.169760
v 0.114290 0.776020 -0.173730
v 0.128840 0.776620 -0.168150
v 0.126930 0.772620 -0.169850
v 0.116360 0.772040 -0.173840
v 0.123500 0.770410 -0.171560
v 0.119370 0.770560 -0.173130
v 0.106070 0.963540 -0.139310
v 0.099430 0.966570 -0.142000
v 0.097760 0.962690 -0.143310
v 0.103910 0.966750 -0.140050
v 0.097630 0.967000 -0.139600
v 0.103330 0.967250 -0.137100
v 0.094750 0.962920 -0.141460
v 0.106780 0.964040 -0.135810
v 0.113330 0.797170 -0.169220
v 0.126160 0.798500 -0.164120
v 0.116500 0.797800 -0.170990
v 0.125340 0.799020 -0.167470
v 0.127010 0.797670 -0.167800
v 0.127170 0.796890 -0.163910
v 0.115350 0.796420 -0.172390
v 0.112300 0.795590 -0.169760
v 0.117100 0.777670 -0.176330
v 0.114290 0.776020 -0.173730
v 0.128540 0.778300 -0.171960
v 0.128840 0.776620 -0.168150
v 0.127010 0.774340 -0.173450
v 0.126930 0.772620 -0.169850
v 0.118700 0.773720 -0.176550
v 0.116360 0.772040 -0.173840
v 0.123500 0.770410 -0.171560
v 0.119370 0.770560 -0.173130
v 0.124220 0.772520 -0.174930
v 0.121040 0.771940 -0.176000
v 0.057300 1.154600 0.133110
v 0.048490 1.138000 0.133330
v 0.055040 1.137130 0.133360
v 0.053130 1.123560 0.132290
v 0.050740 1.155470 0.133060
v 0.046570 1.124390 0.132250
v 0.060560 1.178880 0.128010
v 0.051730 1.115020 0.132440
v 0.054000 1.179730 0.127970
v 0.045140 1.115600 0.132330
v 0.058900 1.207410 0.120900
v 0.051120 1.110770 0.130690
v 0.065480 1.206660 0.121020
v 0.044560 1.111600 0.130340
v 0.064540 1.233970 0.111150
v 0.044820 1.112500 0.127610
v 0.071110 1.233340 0.111220
v 0.051360 1.111600 0.127750
v 0.070790 1.265050 0.088290
v 0.046010 1.119330 0.127080
v 0.077390 1.264580 0.088390
v 0.052780 1.118400 0.127240
v 0.076810 1.293910 0.062540
v 0.047160 1.133470 0.129830
v 0.083360 1.293690 0.062630
v 0.055580 1.132300 0.129970
v 0.080850 1.320750 0.032620
v 0.057850 1.150920 0.133050
v 0.087400 1.320620 0.032550
v 0.049370 1.152090 0.132900
v 0.058730 1.159230 0.130560
v 0.050260 1.160250 0.130510
v 0.059920 1.168090 0.125040
v 0.051490 1.169260 0.124870
v 0.059980 1.174420 0.115490
v 0.052860 1.175400 0.115600
v 0.055550 1.176370 0.112750
v 0.058210 1.176050 0.113050
v 0.084830 1.356460 -0.008670
v 0.091060 1.356410 -0.010090
v 0.090930 1.359390 -0.013760
v 0.085260 1.358120 -0.010840
v 0.084820 1.358090 -0.010510
v 0.090210 1.377090 -0.035500
v 0.084540 1.378510 -0.033590
v 0.086000 1.386320 -0.055760
v 0.080660 1.387580 -0.053520
v 0.072080 1.389080 -0.081920
v 0.068580 1.393080 -0.078990
v 0.043310 1.391860 -0.105640
v 0.041030 1.396190 -0.102280
v 0.001000 1.389580 -0.113870
v 0.000050 1.394480 -0.110220
v 0.049180 1.151890 0.131600
v 0.058580 1.158680 0.129230
v 0.050110 1.159730 0.129180
v 0.049370 1.152090 0.132900
v 0.050260 1.160250 0.130510
v 0.047160 1.133470 0.129830
v 0.051320 1.167810 0.123850
v 0.051490 1.169260 0.124870
v 0.046970 1.133720 0.128550
v 0.046010 1.119330 0.127080
v 0.052680 1.173770 0.114920
v 0.052860 1.175400 0.115600
v 0.055290 1.175550 0.112270
v 0.055550 1.176370 0.112750
v 0.057970 1.175220 0.112570
v 0.058210 1.176050 0.113050
v 0.059980 1.174420 0.115490
v 0.059790 1.172770 0.114810
v 0.059920 1.168090 0.125040
v 0.059740 1.166640 0.124010
v 0.058730 1.159230 0.130560
v 0.057850 1.150920 0.133050
v 0.057650 1.150720 0.131740
v 0.055580 1.132300 0.129970
v 0.055390 1.132550 0.128670
v 0.052780 1.118400 0.127240
v 0.052520 1.118300 0.125920
v 0.051360 1.111600 0.127750
v 0.045750 1.119230 0.125770
v 0.044820 1.112500 0.127610
v 0.051120 1.110020 0.127220
v 0.051120 1.110770 0.130690
v 0.044560 1.110920 0.127120
v 0.044560 1.111600 0.130340
v 0.050910 1.109090 0.130680
v 0.044350 1.109920 0.130590
v 0.045030 1.114970 0.133260
v 0.045140 1.115600 0.132330
v 0.051620 1.114370 0.133370
v 0.051730 1.115020 0.132440
v 0.046370 1.124310 0.133450
v 0.046570 1.124390 0.132250
v 0.052940 1.123480 0.133490
v 0.053130 1.123560 0.132290
v 0.048280 1.137930 0.134550
v 0.048490 1.138000 0.133330
v 0.054850 1.137030 0.134590
v 0.055040 1.137130 0.133360
v 0.057140 1.154350 0.134700
v 0.057300 1.154600 0.133110
v 0.050590 1.155220 0.134670
v 0.050740 1.155470 0.133060
v 0.060440 1.178350 0.130140
v 0.060560 1.178880 0.128010
v 0.053870 1.179200 0.130110
v 0.054000 1.179730 0.127970
v 0.058790 1.207060 0.123280
v 0.058900 1.207410 0.120900
v 0.065370 1.206310 0.123390
v 0.065480 1.206660 0.121020
v 0.064220 1.234520 0.114700
v 0.064540 1.233970 0.111150
v 0.071030 1.233190 0.113770
v 0.071110 1.233340 0.111220
v 0.070710 1.266510 0.090570
v 0.070790 1.265050 0.088290
v 0.077290 1.266030 0.090660
v 0.077390 1.264580 0.088390
v 0.076670 1.295520 0.064480
v 0.076810 1.293910 0.062540
v 0.083210 1.295290 0.064580
v 0.083360 1.293690 0.062630
v 0.080850 1.320750 0.032620
v 0.087400 1.320620 0.032550
v 0.080690 1.322550 0.034280
v 0.084930 1.357610 -0.006780
v 0.087220 1.322450 0.034220
v 0.091140 1.357590 -0.008190
v 0.091060 1.356410 -0.010090
v 0.084830 1.356460 -0.008670
v 0.091140 1.360820 -0.012170
v 0.091060 1.359620 -0.013570
v 0.090930 1.359390 -0.013760
v 0.091070 1.378640 -0.034120
v 0.090210 1.377090 -0.035500
v 0.085490 1.359540 -0.009270
v 0.084960 1.359490 -0.008910
v 0.084880 1.358220 -0.010420
v 0.084820 1.358090 -0.010510
v 0.085390 1.379990 -0.032220
v 0.084540 1.378510 -0.033590
v 0.086870 1.388400 -0.054970
v 0.086000 1.386320 -0.055760
v 0.081540 1.389600 -0.052730
v 0.080660 1.387580 -0.053520
v 0.073360 1.391000 -0.082780
v 0.072080 1.389080 -0.081920
v 0.069850 1.394960 -0.079880
v 0.068580 1.393080 -0.078990
v 0.041030 1.396190 -0.102280
v 0.043980 1.393480 -0.107310
v 0.043310 1.391860 -0.105640
v 0.001000 1.389580 -0.113870
v 0.000090 1.390330 -0.114700
v 0.042190 1.397410 -0.102190
v 0.000050 1.394480 -0.110220
v 0.000040 1.395490 -0.112200
v -0.050230 1.135720 0.129450
v -0.059600 1.151390 0.127950
v -0.056790 1.134920 0.129400
v -0.054490 1.121960 0.129230
v -0.052780 1.152520 0.128400
v -0.047920 1.122730 0.129180
v -0.062570 1.175550 0.122900
v -0.053050 1.113520 0.129480
v -0.055970 1.176320 0.122880
v -0.046460 1.114070 0.129420
v -0.060530 1.203960 0.115900
v -0.052350 1.109370 0.126840
v -0.067880 1.201780 0.112990
v -0.045750 1.109840 0.126910
v -0.071900 1.269660 0.078440
v -0.046010 1.110270 0.125340
v -0.078480 1.269280 0.078370
v -0.052520 1.109190 0.125520
v -0.047340 1.117730 0.124100
v -0.054110 1.116850 0.124190
v -0.048930 1.131190 0.126000
v -0.057350 1.130120 0.126050
v -0.058540 1.140130 0.128240
v -0.050100 1.141210 0.128170
v -0.059470 1.148690 0.129040
v -0.051000 1.149770 0.128870
v -0.061190 1.155950 0.125260
v -0.052510 1.157700 0.125530
v -0.062100 1.164480 0.120200
v -0.053640 1.165560 0.119520
v -0.062100 1.171240 0.110420
v -0.054980 1.171920 0.110460
v -0.057410 1.173070 0.107650
v -0.060000 1.172740 0.107630
v -0.062100 1.164480 0.120200
v -0.061880 1.169690 0.109550
v -0.062100 1.171240 0.110420
v -0.059930 1.171990 0.107220
v -0.060000 1.172740 0.107630
v -0.057350 1.172340 0.107240
v -0.057410 1.173070 0.107650
v -0.054980 1.171920 0.110460
v -0.054750 1.170390 0.109610
v -0.053640 1.165560 0.119520
v -0.053240 1.164480 0.119590
v -0.052510 1.157700 0.125530
v -0.061940 1.163030 0.119180
v -0.061190 1.155950 0.125260
v -0.052390 1.157100 0.124210
v -0.051000 1.149770 0.128870
v -0.061020 1.155370 0.123940
v -0.059470 1.148690 0.129040
v -0.050800 1.149570 0.127560
v -0.050100 1.141210 0.128170
v -0.059290 1.148490 0.127730
v -0.058540 1.140130 0.128240
v -0.049910 1.141210 0.126870
v -0.048930 1.131190 0.126000
v -0.058350 1.140130 0.126940
v -0.057350 1.130120 0.126050
v -0.048740 1.131440 0.124710
v -0.047340 1.117730 0.124100
v -0.057160 1.130370 0.124760
v -0.054110 1.116850 0.124190
v -0.053850 1.116750 0.122890
v -0.052520 1.109190 0.125520
v -0.047080 1.117650 0.122790
v -0.046010 1.110270 0.125340
v -0.052330 1.108090 0.124180
v -0.052220 1.107820 0.127470
v -0.045820 1.109170 0.124000
v -0.044980 1.109020 0.128820
v -0.045750 1.109840 0.126910
v -0.052350 1.109370 0.126840
v -0.046340 1.113450 0.130360
v -0.046460 1.114070 0.129420
v -0.052940 1.112900 0.130410
v -0.053050 1.113520 0.129480
v -0.047720 1.122660 0.130390
v -0.047920 1.122730 0.129180
v -0.054290 1.121880 0.130430
v -0.054490 1.121960 0.129230
v -0.050030 1.135650 0.130680
v -0.050230 1.135720 0.129450
v -0.056580 1.134820 0.130640
v -0.056790 1.134920 0.129400
v -0.059440 1.151140 0.129560
v -0.059600 1.151390 0.127950
v -0.052630 1.152290 0.130000
v -0.052780 1.152520 0.128400
v -0.062450 1.175070 0.125050
v -0.062570 1.175550 0.122900
v -0.055860 1.175850 0.125030
v -0.055970 1.176320 0.122880
v -0.060420 1.203610 0.118300
v -0.060530 1.203960 0.115900
v -0.067760 1.201430 0.115350
v -0.067880 1.201780 0.112990
v -0.071840 1.269810 0.081190
v -0.071900 1.269660 0.078440
v -0.078420 1.269430 0.081130
v -0.078480 1.269280 0.078370
v -0.077260 1.306030 0.053880
v -0.077210 1.305580 0.053300
v -0.077210 1.304580 0.052060
v -0.079280 1.305150 0.054410
v -0.079720 1.322420 0.041510
v -0.079810 1.321750 0.039100
v -0.083470 1.303430 0.055590
v -0.084550 1.350910 0.012840
v -0.083440 1.302900 0.054920
v -0.083420 1.301970 0.053770
v -0.086290 1.322270 0.041400
v -0.086390 1.321620 0.039000
v -0.084660 1.349860 0.010730
v -0.091080 1.350980 0.012670
v -0.090800 1.349180 0.007360
v -0.095500 1.378340 -0.022110
v -0.094880 1.376840 -0.023750
v -0.089600 1.380120 -0.021130
v -0.088970 1.378670 -0.022760
v -0.091010 1.393630 -0.058590
v -0.089260 1.391880 -0.059190
v -0.086920 1.396740 -0.055060
v -0.084740 1.395990 -0.057260
v -0.073330 1.396210 -0.084350
v -0.072020 1.394280 -0.083530
v -0.044600 1.392880 -0.101550
v -0.069870 1.397910 -0.082060
v -0.068570 1.396040 -0.081210
v -0.045290 1.394480 -0.103230
v 0.001000 1.389580 -0.113870
v 0.000090 1.390330 -0.114700
v -0.042800 1.396890 -0.100650
v -0.042140 1.395330 -0.098940
v 0.000040 1.395490 -0.112200
v 0.000050 1.394480 -0.110220
v -0.084660 1.349860 0.010730
v -0.086390 1.321620 0.039000
v -0.079810 1.321750 0.039100
v -0.090800 1.349180 0.007360
v -0.094880 1.376840 -0.023750
v -0.083420 1.301970 0.053770
v -0.088970 1.378670 -0.022760
v -0.089260 1.391880 -0.059190
v -0.084740 1.395990 -0.057260
v -0.072020 1.394280 -0.083530
v -0.068570 1.396040 -0.081210
v -0.044600 1.392880 -0.101550
v -0.042140 1.395330 -0.098940
v 0.001000 1.389580 -0.113870
v 0.000050 1.394480 -0.110220
v -0.079360 1.303680 0.052630
v -0.077210 1.304580 0.052060
v -0.033700 1.163360 0.150580
v -0.036530 1.163310 0.158810
v -0.040840 1.163330 0.155510
v -0.045860 1.173270 0.160090
v -0.042510 1.163360 0.150950
v -0.049060 1.173270 0.150710
v -0.041610 1.163360 0.146330
v -0.049020 1.173290 0.162030
v -0.052680 1.173320 0.150550
v -0.037940 1.173190 0.168920
v -0.046990 1.173240 0.142790
v -0.049750 1.173270 0.140820
v -0.041640 1.173170 0.133980
v -0.040040 1.173170 0.136750
v -0.030280 1.173070 0.132400
v -0.037490 1.163310 0.142840
v -0.030890 1.173070 0.135710
v -0.018730 1.172970 0.139530
v -0.032050 1.163230 0.142140
v -0.027200 1.163210 0.145140
v -0.021480 1.172990 0.141550
v -0.025090 1.163180 0.150330
v -0.018380 1.172970 0.151120
v -0.015030 1.172940 0.151330
v -0.026740 1.163210 0.155490
v -0.020690 1.172990 0.158880
v -0.017770 1.172970 0.160650
v -0.026960 1.173070 0.164560
v -0.025650 1.173070 0.167790
v -0.030850 1.163260 0.158570
v -0.037280 1.173170 0.165720
v -0.027270 1.132200 0.166690
v -0.038870 1.135350 0.167850
v -0.027160 1.135200 0.166750
v -0.038950 1.132300 0.167790
v -0.018640 1.135120 0.158930
v -0.018700 1.132100 0.158810
v -0.027970 1.136730 0.164940
v -0.049070 1.135420 0.160760
v -0.049090 1.132400 0.160680
v -0.052600 1.132420 0.151980
v -0.016600 1.135100 0.148910
v -0.016710 1.132070 0.148740
v -0.020400 1.136650 0.158000
v -0.018590 1.136630 0.149110
v -0.020770 1.135120 0.138840
v -0.020910 1.132100 0.138790
v -0.022290 1.136650 0.140160
v -0.031890 1.135220 0.133130
v -0.032000 1.132200 0.133170
v -0.032160 1.136750 0.135060
v -0.031460 1.159450 0.134910
v -0.021480 1.159330 0.140510
v -0.030280 1.173070 0.132400
v -0.018730 1.172970 0.139530
v -0.017990 1.159300 0.150090
v -0.015030 1.172940 0.151330
v -0.020080 1.159300 0.158620
v -0.017770 1.172970 0.160650
v -0.027330 1.159300 0.165240
v -0.025650 1.173070 0.167790
v -0.037940 1.173190 0.168920
v -0.038370 1.136850 0.165910
v -0.037870 1.159550 0.166210
v -0.049020 1.173290 0.162030
v -0.047210 1.159530 0.160050
v -0.047440 1.136900 0.159610
v -0.050560 1.136950 0.151720
v -0.050370 1.159630 0.151170
v -0.052680 1.173320 0.150550
v -0.052590 1.135450 0.151890
v -0.049840 1.132370 0.141650
v -0.049810 1.135420 0.141600
v -0.042700 1.132300 0.135460
v -0.048090 1.136900 0.142580
v -0.042620 1.135350 0.135380
v -0.032000 1.132200 0.133170
v -0.031890 1.135220 0.133130
v -0.032160 1.136750 0.135060
v -0.047870 1.159600 0.142340
v -0.049750 1.173270 0.140820
v -0.041690 1.136850 0.137060
v -0.041160 1.159580 0.136610
v -0.041640 1.173170 0.133980
v -0.031460 1.159450 0.134910
v -0.030280 1.173070 0.132400
v -0.008370 1.062460 0.210550
v -0.004920 1.115400 0.213360
v -0.005770 1.062440 0.213510
v -0.001930 1.115380 0.214000
v -0.002460 1.062410 0.214000
v -0.007810 1.115430 0.210470
v -0.009010 1.062460 0.206570
v -0.008430 1.115430 0.206460
v -0.007130 1.062440 0.202920
v -0.006590 1.115400 0.202830
v -0.002460 1.062390 0.200930
v -0.001930 1.115350 0.200990
v -0.090340 1.031470 0.168970
v -0.066270 1.031220 0.156960
v -0.092860 1.031470 0.160940
v -0.092790 1.031450 0.152520
v -0.085440 1.031450 0.175820
v -0.090130 1.031400 0.144540
v -0.078670 1.031400 0.180820
v -0.085120 1.031350 0.137770
v -0.070700 1.031350 0.183490
v -0.078270 1.031270 0.132880
v -0.062290 1.031270 0.183560
v -0.070250 1.031170 0.130350
v -0.054270 1.031200 0.181030
v -0.061840 1.031120 0.130420
v -0.047420 1.031120 0.176140
v -0.053870 1.031050 0.133100
v -0.042410 1.031050 0.169380
v -0.047100 1.031000 0.138090
v -0.039750 1.031020 0.161390
v -0.042220 1.031000 0.144950
v -0.039690 1.031000 0.152980
v -0.092740 1.045590 0.160900
v -0.090340 1.031470 0.168970
v -0.092860 1.031470 0.160940
v -0.090210 1.045590 0.168920
v -0.092660 1.045570 0.152480
v -0.085440 1.031450 0.175820
v -0.092790 1.031450 0.152520
v -0.085320 1.045570 0.175770
v -0.090000 1.045520 0.144500
v -0.078670 1.031400 0.180820
v -0.090130 1.031400 0.144540
v -0.078560 1.045540 0.180780
v -0.084990 1.045470 0.137730
v -0.070700 1.031350 0.183490
v -0.085120 1.031350 0.137770
v -0.070570 1.045470 0.183450
v -0.078160 1.045390 0.132840
v -0.062290 1.031270 0.183560
v -0.078270 1.031270 0.132880
v -0.070140 1.045320 0.130310
v -0.070250 1.031170 0.130350
v -0.062160 1.045390 0.183520
v -0.054270 1.031200 0.181030
v -0.054140 1.045320 0.180980
v -0.047420 1.031120 0.176140
v -0.047290 1.045240 0.176090
v -0.042410 1.031050 0.169380
v -0.042300 1.045190 0.169330
v -0.039750 1.031020 0.161390
v -0.039620 1.045140 0.161350
v -0.039690 1.031000 0.152980
v -0.039560 1.045120 0.152930
v -0.042220 1.031000 0.144950
v -0.042090 1.045120 0.144910
v -0.047100 1.031000 0.138090
v -0.046990 1.045140 0.138060
v -0.053870 1.031050 0.133100
v -0.053740 1.045170 0.133050
v -0.061840 1.031120 0.130420
v -0.061710 1.045240 0.130390
v -0.070250 1.031170 0.130350
v -0.070140 1.045320 0.130310
v -0.094280 1.045620 0.161130
v -0.090210 1.045590 0.168920
v -0.092740 1.045590 0.160900
v -0.091600 1.045620 0.169620
v -0.094200 1.045590 0.152220
v -0.085320 1.045570 0.175770
v -0.092660 1.045570 0.152480
v -0.086440 1.045590 0.176870
v -0.091400 1.045540 0.143780
v -0.078560 1.045540 0.180780
v -0.090000 1.045520 0.144500
v -0.073910 1.045490 0.185520
v -0.086100 1.045470 0.136610
v -0.084990 1.045470 0.137730
v -0.078850 1.045390 0.131450
v -0.078160 1.045390 0.132840
v -0.070360 1.045320 0.128760
v -0.070140 1.045320 0.130310
v -0.061710 1.045240 0.130390
v -0.053160 1.045140 0.130310
v -0.053740 1.045170 0.133050
v -0.029160 1.044890 0.129670
v -0.046990 1.045140 0.138060
v -0.019970 1.044840 0.135160
v -0.042090 1.045120 0.144910
v -0.014800 1.044820 0.146220
v -0.039560 1.045120 0.152930
v -0.014110 1.044870 0.155380
v -0.017790 1.044940 0.166800
v -0.039620 1.045140 0.161350
v -0.024430 1.045040 0.176970
v -0.042300 1.045190 0.169330
v -0.031840 1.045140 0.186290
v -0.047290 1.045240 0.176090
v -0.039290 1.045220 0.193590
v -0.054140 1.045320 0.180980
v -0.048000 1.045320 0.197990
v -0.062160 1.045390 0.183520
v -0.056130 1.045370 0.198640
v -0.070570 1.045470 0.183450
v -0.064310 1.045440 0.196010
v -0.069240 1.045470 0.191870
v -0.081380 1.132520 0.166690
v -0.094280 1.045620 0.161130
v -0.085540 1.132520 0.157800
v -0.094200 1.045590 0.152220
v -0.091600 1.045620 0.169620
v -0.086010 1.132520 0.149410
v -0.086440 1.045590 0.176870
v -0.091400 1.045540 0.143780
v -0.076280 1.132500 0.174450
v -0.083840 1.132470 0.141910
v -0.073910 1.045490 0.185520
v -0.086100 1.045470 0.136610
v -0.068570 1.132450 0.184460
v -0.079760 1.132420 0.135360
v -0.063380 1.132400 0.189070
v -0.078850 1.045390 0.131450
v -0.069240 1.045470 0.191870
v -0.073560 1.132350 0.130900
v -0.058390 1.132370 0.192150
v -0.070360 1.045320 0.128760
v -0.064310 1.045440 0.196010
v -0.065530 1.132270 0.129920
v -0.056130 1.045370 0.198640
v -0.053160 1.045140 0.130310
v -0.051080 1.132320 0.194400
v -0.048450 1.132120 0.131590
v -0.029160 1.044890 0.129670
v -0.027090 1.131890 0.130670
v -0.019970 1.044840 0.135160
v -0.018170 1.131820 0.136400
v -0.014800 1.044820 0.146220
v -0.013420 1.131820 0.147530
v -0.048000 1.045320 0.197990
v -0.043840 1.132270 0.193760
v -0.041080 1.061710 0.194000
v -0.041260 1.051520 0.193950
v -0.039290 1.045220 0.193590
v -0.031840 1.045140 0.186290
v -0.028230 1.051520 0.180850
v -0.024430 1.045040 0.176970
v -0.028260 1.061390 0.180640
v -0.041150 1.116880 0.193800
v -0.040890 1.126540 0.193370
v -0.027810 1.116730 0.180630
v -0.036110 1.132170 0.189850
v -0.027570 1.126710 0.180670
v -0.029510 1.132100 0.183390
v -0.023100 1.132020 0.174920
v -0.017180 1.131920 0.165950
v -0.017790 1.044940 0.166800
v -0.013600 1.131870 0.155950
v -0.014110 1.044870 0.155380
v -0.013420 1.131820 0.147530
v -0.014800 1.044820 0.146220
v -0.013420 1.131820 0.147530
v -0.020910 1.132100 0.138790
v -0.018170 1.131820 0.136400
v -0.027090 1.131890 0.130670
v -0.016710 1.132070 0.148740
v -0.032000 1.132200 0.133170
v -0.013600 1.131870 0.155950
v -0.042700 1.132300 0.135460
v -0.018700 1.132100 0.158810
v -0.048450 1.132120 0.131590
v -0.017180 1.131920 0.165950
v -0.049840 1.132370 0.141650
v -0.027270 1.132200 0.166690
v -0.065530 1.132270 0.129920
v -0.023100 1.132020 0.174920
v -0.029510 1.132100 0.183390
v -0.038950 1.132300 0.167790
v -0.052600 1.132420 0.151980
v -0.036110 1.132170 0.189850
v -0.073560 1.132350 0.130900
v -0.043840 1.132270 0.193760
v -0.051080 1.132320 0.194400
v -0.058390 1.132370 0.192150
v -0.063380 1.132400 0.189070
v -0.049090 1.132400 0.160680
v -0.068570 1.132450 0.184460
v -0.076280 1.132500 0.174450
v -0.081380 1.132520 0.166690
v -0.085540 1.132520 0.157800
v -0.086010 1.132520 0.149410
v -0.083840 1.132470 0.141910
v -0.079760 1.132420 0.135360
v -0.013180 1.115480 0.213970
v -0.008220 1.127190 0.218800
v -0.008340 1.115430 0.218810
v -0.001810 1.127110 0.220570
v -0.001930 1.115380 0.220590
v -0.013070 1.127210 0.213950
v -0.022580 1.116550 0.203930
v -0.022490 1.126560 0.203920
v -0.025980 1.116580 0.200940
v -0.025890 1.126610 0.200930
v -0.029790 1.116630 0.198580
v -0.029670 1.126640 0.198570
v -0.040890 1.126540 0.193370
v -0.041150 1.116880 0.193800
v -0.001930 1.115330 0.194120
v -0.008220 1.127140 0.195870
v -0.008340 1.115400 0.195890
v -0.001820 1.127090 0.194100
v -0.016280 1.116480 0.194710
v -0.016180 1.126490 0.194700
v -0.020110 1.126540 0.192760
v -0.020210 1.116500 0.192780
v -0.023110 1.126560 0.189610
v -0.023210 1.116530 0.189630
v -0.027810 1.116730 0.180630
v -0.027570 1.126710 0.180670
v -0.008340 1.115430 0.218810
v -0.007810 1.115430 0.210470
v -0.013180 1.115480 0.213970
v -0.004920 1.115400 0.213360
v -0.001930 1.115380 0.220590
v -0.008430 1.115430 0.206460
v -0.001930 1.115380 0.214000
v 0.001050 1.115330 0.213360
v 0.004480 1.115300 0.218810
v 0.003940 1.115300 0.210470
v 0.009310 1.115250 0.213970
v 0.004560 1.115300 0.206460
v -0.008340 1.115400 0.195890
v -0.006590 1.115400 0.202830
v -0.022580 1.116550 0.203930
v -0.001930 1.115350 0.200990
v -0.016280 1.116480 0.194710
v -0.001930 1.115330 0.194120
v -0.020210 1.116500 0.192780
v -0.025980 1.116580 0.200940
v -0.029790 1.116630 0.198580
v -0.023210 1.116530 0.189630
v -0.027810 1.116730 0.180630
v -0.041150 1.116880 0.193800
v 0.004480 1.115270 0.195890
v 0.002720 1.115300 0.202830
v 0.018750 1.116150 0.203940
v 0.012420 1.116200 0.194710
v 0.016360 1.116150 0.192780
v 0.022150 1.116100 0.200950
v 0.025930 1.116050 0.198590
v 0.019360 1.116130 0.189630
v 0.023960 1.116200 0.180640
v 0.037310 1.116100 0.193800
v -0.008220 1.127190 0.218800
v -0.013070 1.127210 0.213950
v -0.001820 1.127110 0.207340
v -0.001810 1.127110 0.220570
v 0.004600 1.127060 0.218800
v 0.009440 1.126990 0.213960
v -0.008220 1.127140 0.195870
v -0.022490 1.126560 0.203920
v -0.001820 1.127090 0.194100
v -0.016180 1.126490 0.194700
v 0.004600 1.127010 0.195870
v 0.018840 1.126160 0.203920
v -0.020110 1.126540 0.192760
v 0.012540 1.126210 0.194710
v -0.025890 1.126610 0.200930
v 0.016450 1.126160 0.192770
v -0.029670 1.126640 0.198570
v 0.022240 1.126140 0.200940
v -0.023110 1.126560 0.189610
v -0.027570 1.126710 0.180670
v -0.040890 1.126540 0.193370
v 0.026030 1.126090 0.198570
v 0.019470 1.126140 0.189620
v 0.023910 1.126190 0.180680
v 0.037230 1.125760 0.193380
v -0.013820 1.050770 0.214050
v -0.008870 1.062490 0.218890
v -0.008980 1.050720 0.218890
v -0.002460 1.062410 0.220660
v -0.002580 1.050670 0.220670
v -0.013710 1.062510 0.214040
v -0.023140 1.061560 0.204000
v -0.023240 1.051400 0.204020
v -0.026830 1.051420 0.201170
v -0.026720 1.061590 0.201160
v -0.030690 1.051450 0.198830
v -0.030590 1.061640 0.198820
v -0.041080 1.061710 0.194000
v -0.041260 1.051520 0.193950
v -0.002580 1.050620 0.194200
v -0.008870 1.062460 0.195950
v -0.008980 1.050700 0.195970
v -0.002460 1.062390 0.194190
v -0.016820 1.061490 0.194790
v -0.016920 1.051320 0.194800
v -0.020560 1.061510 0.192560
v -0.020670 1.051350 0.192570
v -0.023550 1.061540 0.189440
v -0.023660 1.051370 0.189450
v -0.028230 1.051520 0.180850
v -0.028260 1.061390 0.180640
v -0.013820 1.050770 0.214050
v -0.008980 1.050720 0.218890
v -0.002580 1.050650 0.207440
v -0.002580 1.050670 0.220670
v 0.003840 1.050600 0.218900
v 0.008670 1.050550 0.214060
v -0.008980 1.050700 0.195970
v -0.023240 1.051400 0.204020
v -0.002580 1.050620 0.194200
v -0.016920 1.051320 0.194800
v 0.003830 1.050570 0.195970
v -0.026830 1.051420 0.201170
v 0.018100 1.050970 0.204020
v -0.020670 1.051350 0.192570
v 0.011780 1.051020 0.194800
v -0.030690 1.051450 0.198830
v 0.021680 1.050950 0.201170
v -0.023660 1.051370 0.189450
v -0.028230 1.051520 0.180850
v -0.041260 1.051520 0.193950
v 0.015520 1.051000 0.192570
v 0.025550 1.050900 0.198840
v 0.018510 1.050950 0.189460
v 0.023090 1.051020 0.180860
v 0.036120 1.050750 0.193960
v -0.002460 1.062390 0.200930
v -0.008870 1.062460 0.195950
v -0.002460 1.062390 0.194190
v 0.003950 1.062340 0.195950
v -0.007130 1.062440 0.202920
v 0.002200 1.062360 0.202920
v -0.009010 1.062460 0.206570
v 0.004100 1.062340 0.206570
v -0.013710 1.062510 0.214040
v -0.008370 1.062460 0.210550
v -0.005770 1.062440 0.213510
v -0.023140 1.061560 0.204000
v -0.008870 1.062490 0.218890
v -0.016820 1.061490 0.194790
v -0.002460 1.062410 0.220660
v -0.020560 1.061510 0.192560
v -0.002460 1.062410 0.214000
v -0.026720 1.061590 0.201160
v 0.000860 1.062390 0.213510
v -0.030590 1.061640 0.198820
v 0.003950 1.062360 0.218890
v -0.023550 1.061540 0.189440
v -0.041080 1.061710 0.194000
v -0.028260 1.061390 0.180640
v 0.008800 1.062310 0.214040
v 0.003460 1.062340 0.210550
v 0.018200 1.061140 0.204010
v 0.011880 1.061190 0.194790
v 0.015630 1.061160 0.192560
v 0.021790 1.061110 0.201160
v 0.025650 1.061060 0.198820
v 0.018620 1.061140 0.189440
v 0.036140 1.060930 0.194010
v 0.023320 1.060860 0.180650
v 0.001050 1.115330 0.213360
v 0.003460 1.062340 0.210550
v 0.000860 1.062390 0.213510
v -0.001930 1.115380 0.214000
v -0.002460 1.062410 0.214000
v 0.003940 1.115300 0.210470
v 0.004100 1.062340 0.206570
v 0.004560 1.115300 0.206460
v 0.002200 1.062360 0.202920
v 0.002720 1.115300 0.202830
v -0.002460 1.062390 0.200930
v -0.001930 1.115350 0.200990
v 0.084780 1.029750 0.168980
v 0.087300 1.029670 0.160950
v 0.060720 1.029970 0.156970
v 0.087240 1.029650 0.152540
v 0.079890 1.029820 0.175840
v 0.084560 1.029670 0.144550
v 0.073120 1.029900 0.180830
v 0.079570 1.029700 0.137790
v 0.065150 1.030000 0.183500
v 0.072720 1.029770 0.132900
v 0.056740 1.030100 0.183570
v 0.064700 1.029850 0.130370
v 0.048720 1.030170 0.181040
v 0.056290 1.029950 0.130440
v 0.041870 1.030250 0.176150
v 0.048300 1.030050 0.133110
v 0.036860 1.030270 0.169380
v 0.041540 1.030120 0.138100
v 0.034200 1.030270 0.161400
v 0.036650 1.030200 0.144960
v 0.034120 1.030250 0.152990
v 0.084780 1.029750 0.168980
v 0.087460 1.043810 0.160920
v 0.087300 1.029670 0.160950
v 0.087400 1.043790 0.152490
v 0.084930 1.043860 0.168940
v 0.087240 1.029650 0.152540
v 0.079890 1.029820 0.175840
v 0.084720 1.043790 0.144520
v 0.080050 1.043940 0.175790
v 0.084560 1.029670 0.144550
v 0.073120 1.029900 0.180830
v 0.079710 1.043810 0.137750
v 0.073280 1.044010 0.180800
v 0.079570 1.029700 0.137790
v 0.065150 1.030000 0.183500
v 0.072880 1.043890 0.132860
v 0.065310 1.044110 0.183460
v 0.072720 1.029770 0.132900
v 0.064860 1.043960 0.130320
v 0.064700 1.029850 0.130370
v 0.056740 1.030100 0.183570
v 0.056900 1.044210 0.183530
v 0.048720 1.030170 0.181040
v 0.048880 1.044290 0.180990
v 0.041870 1.030250 0.176150
v 0.042030 1.044370 0.176100
v 0.036860 1.030270 0.169380
v 0.037020 1.044390 0.169340
v 0.034200 1.030270 0.161400
v 0.034360 1.044420 0.161350
v 0.034120 1.030250 0.152990
v 0.034280 1.044390 0.152940
v 0.036650 1.030200 0.144960
v 0.036810 1.044320 0.144910
v 0.041540 1.030120 0.138100
v 0.041710 1.044240 0.138070
v 0.048300 1.030050 0.133110
v 0.048460 1.044160 0.133060
v 0.056290 1.029950 0.130440
v 0.056430 1.044060 0.130390
v 0.064700 1.029850 0.130370
v 0.064860 1.043960 0.130320
v 0.084930 1.043860 0.168940
v 0.089000 1.043790 0.161150
v 0.087460 1.043810 0.160920
v 0.088940 1.043760 0.152240
v 0.086320 1.043840 0.169630
v 0.087400 1.043790 0.152490
v 0.080050 1.043940 0.175790
v 0.086120 1.043760 0.143800
v 0.081160 1.043910 0.176890
v 0.084720 1.043790 0.144520
v 0.073280 1.044010 0.180800
v 0.080820 1.043810 0.136630
v 0.068630 1.044090 0.185530
v 0.079710 1.043810 0.137750
v 0.073570 1.043860 0.131460
v 0.072880 1.043890 0.132860
v 0.065080 1.043960 0.128780
v 0.064860 1.043960 0.130320
v 0.056430 1.044060 0.130390
v 0.047880 1.044140 0.130320
v 0.048460 1.044160 0.133060
v 0.023880 1.044370 0.129680
v 0.041710 1.044240 0.138070
v 0.014690 1.044490 0.135170
v 0.036810 1.044320 0.144910
v 0.009520 1.044590 0.146220
v 0.034280 1.044390 0.152940
v 0.008830 1.044640 0.155380
v 0.012510 1.044640 0.166800
v 0.034360 1.044420 0.161350
v 0.019150 1.044590 0.176980
v 0.037020 1.044390 0.169340
v 0.026560 1.044540 0.186290
v 0.042030 1.044370 0.176100
v 0.034020 1.044490 0.193600
v 0.048880 1.044290 0.180990
v 0.042730 1.044420 0.198000
v 0.056900 1.044210 0.183530
v 0.050870 1.044320 0.198650
v 0.065310 1.044110 0.183460
v 0.059050 1.044210 0.196020
v 0.063970 1.044140 0.191890
v 0.089000 1.043790 0.161150
v 0.077840 1.130940 0.166710
v 0.081990 1.130870 0.157820
v 0.086320 1.043840 0.169630
v 0.088940 1.043760 0.152240
v 0.081160 1.043910 0.176890
v 0.082460 1.130840 0.149430
v 0.072730 1.131020 0.174470
v 0.086120 1.043760 0.143800
v 0.068630 1.044090 0.185530
v 0.080290 1.130840 0.141930
v 0.065020 1.131120 0.184480
v 0.080820 1.043810 0.136630
v 0.059840 1.131170 0.189080
v 0.076220 1.130870 0.135370
v 0.063970 1.044140 0.191890
v 0.073570 1.043860 0.131460
v 0.054850 1.131240 0.192160
v 0.070010 1.130920 0.130910
v 0.059050 1.044210 0.196020
v 0.065080 1.043960 0.128780
v 0.050870 1.044320 0.198650
v 0.061990 1.130990 0.129940
v 0.047550 1.131340 0.194410
v 0.047880 1.044140 0.130320
v 0.044900 1.131190 0.131600
v 0.023880 1.044370 0.129680
v 0.023540 1.131390 0.130670
v 0.014690 1.044490 0.135170
v 0.014620 1.131490 0.136400
v 0.009520 1.044590 0.146220
v 0.009870 1.131590 0.147530
v 0.042730 1.044420 0.198000
v 0.040290 1.131420 0.193770
v 0.036140 1.060930 0.194010
v 0.036120 1.050750 0.193960
v 0.034020 1.044490 0.193600
v 0.026560 1.044540 0.186290
v 0.023090 1.051020 0.180860
v 0.019150 1.044590 0.176980
v 0.023320 1.060860 0.180650
v 0.037310 1.116100 0.193800
v 0.037230 1.125760 0.193380
v 0.023960 1.116200 0.180640
v 0.032580 1.131490 0.189860
v 0.023910 1.126190 0.180680
v 0.025980 1.131540 0.183390
v 0.019560 1.131590 0.174930
v 0.013630 1.131620 0.165950
v 0.012510 1.044640 0.166800
v 0.010050 1.131620 0.155960
v 0.008830 1.044640 0.155380
v 0.009870 1.131590 0.147530
v 0.009520 1.044590 0.146220
v 0.030760 1.162730 0.150590
v 0.037920 1.162560 0.155520
v 0.033600 1.162610 0.158820
v 0.043130 1.172370 0.160100
v 0.039590 1.162560 0.150960
v 0.046310 1.172340 0.150720
v 0.038670 1.162560 0.146340
v 0.046290 1.172340 0.162040
v 0.049950 1.172290 0.150560
v 0.035210 1.172470 0.168920
v 0.044240 1.172340 0.142800
v 0.047020 1.172320 0.140830
v 0.038910 1.172370 0.133990
v 0.037290 1.172390 0.136760
v 0.027550 1.172490 0.132400
v 0.034570 1.162580 0.142850
v 0.028160 1.172490 0.135720
v 0.016000 1.172620 0.139530
v 0.029110 1.162630 0.142140
v 0.024270 1.162680 0.145140
v 0.018750 1.172590 0.141550
v 0.022150 1.162710 0.150330
v 0.015650 1.172640 0.151130
v 0.012300 1.172670 0.151330
v 0.023820 1.162710 0.155500
v 0.017960 1.172620 0.158880
v 0.015040 1.172640 0.160650
v 0.024230 1.172570 0.164560
v 0.022920 1.172590 0.167790
v 0.027920 1.162660 0.158570
v 0.034550 1.172470 0.165730
v 0.023720 1.131690 0.166690
v 0.035380 1.134600 0.167850
v 0.035400 1.131570 0.167800
v 0.045590 1.134470 0.160770
v 0.045560 1.131470 0.160690
v 0.049050 1.131420 0.151990
v 0.023690 1.134700 0.166750
v 0.015150 1.134800 0.158930
v 0.015150 1.131740 0.158820
v 0.024520 1.136200 0.164940
v 0.013110 1.134800 0.148920
v 0.013160 1.131770 0.148750
v 0.016950 1.136280 0.158000
v 0.015140 1.136280 0.149110
v 0.017290 1.134750 0.138850
v 0.017370 1.131720 0.138790
v 0.028400 1.134620 0.133140
v 0.028450 1.131590 0.133170
v 0.018830 1.136230 0.140160
v 0.028710 1.136120 0.135070
v 0.028440 1.158850 0.134910
v 0.018470 1.158930 0.140520
v 0.027550 1.172490 0.132400
v 0.016000 1.172620 0.139530
v 0.014990 1.158980 0.150090
v 0.012300 1.172670 0.151330
v 0.017080 1.158930 0.158620
v 0.015040 1.172640 0.160650
v 0.024330 1.158780 0.165240
v 0.022920 1.172590 0.167790
v 0.035210 1.172470 0.168920
v 0.034920 1.136100 0.165920
v 0.034870 1.158830 0.166220
v 0.046290 1.172340 0.162040
v 0.044210 1.158630 0.160060
v 0.043980 1.136000 0.159620
v 0.047110 1.135970 0.151730
v 0.047370 1.158650 0.151180
v 0.049950 1.172290 0.150560
v 0.049100 1.134450 0.151900
v 0.046290 1.131420 0.141650
v 0.046330 1.134470 0.141610
v 0.039150 1.131490 0.135470
v 0.044640 1.135970 0.142590
v 0.039120 1.134520 0.135390
v 0.028450 1.131590 0.133170
v 0.028400 1.134620 0.133140
v 0.028710 1.136120 0.135070
v 0.044870 1.158680 0.142350
v 0.047020 1.172320 0.140830
v 0.038240 1.136050 0.137070
v 0.038140 1.158780 0.136620
v 0.038910 1.172370 0.133990
v 0.028440 1.158850 0.134910
v 0.027550 1.172490 0.132400
v 0.009870 1.131590 0.147530
v 0.017370 1.131720 0.138790
v 0.013160 1.131770 0.148750
v 0.014620 1.131490 0.136400
v 0.010050 1.131620 0.155960
v 0.023540 1.131390 0.130670
v 0.015150 1.131740 0.158820
v 0.028450 1.131590 0.133170
v 0.013630 1.131620 0.165950
v 0.039150 1.131490 0.135470
v 0.023720 1.131690 0.166690
v 0.044900 1.131190 0.131600
v 0.019560 1.131590 0.174930
v 0.046290 1.131420 0.141650
v 0.025980 1.131540 0.183390
v 0.061990 1.130990 0.129940
v 0.035400 1.131570 0.167800
v 0.049050 1.131420 0.151990
v 0.032580 1.131490 0.189860
v 0.070010 1.130920 0.130910
v 0.040290 1.131420 0.193770
v 0.047550 1.131340 0.194410
v 0.054850 1.131240 0.192160
v 0.059840 1.131170 0.189080
v 0.045560 1.131470 0.160690
v 0.065020 1.131120 0.184480
v 0.072730 1.131020 0.174470
v 0.077840 1.130940 0.166710
v 0.081990 1.130870 0.157820
v 0.082460 1.130840 0.149430
v 0.080290 1.130840 0.141930
v 0.076220 1.130870 0.135370
v 0.004600 1.127060 0.218800
v 0.009310 1.115250 0.213970
v 0.004480 1.115300 0.218810
v -0.001810 1.127110 0.220570
v -0.001930 1.115380 0.220590
v 0.009440 1.126990 0.213960
v 0.018750 1.116150 0.203940
v 0.018840 1.126160 0.203920
v 0.022150 1.116100 0.200950
v 0.022240 1.126140 0.200940
v 0.025930 1.116050 0.198590
v 0.026030 1.126090 0.198570
v 0.037230 1.125760 0.193380
v 0.037310 1.116100 0.193800
v 0.004600 1.127010 0.195870
v -0.001930 1.115330 0.194120
v 0.004480 1.115270 0.195890
v -0.001820 1.127090 0.194100
v 0.012420 1.116200 0.194710
v 0.012540 1.126210 0.194710
v 0.016450 1.126160 0.192770
v 0.016360 1.116150 0.192780
v 0.019470 1.126140 0.189620
v 0.019360 1.116130 0.189630
v 0.023960 1.116200 0.180640
v 0.023910 1.126190 0.180680
v 0.003950 1.062360 0.218890
v 0.008670 1.050550 0.214060
v 0.003840 1.050600 0.218900
v -0.002460 1.062410 0.220660
v -0.002580 1.050670 0.220670
v 0.008800 1.062310 0.214040
v 0.018200 1.061140 0.204010
v 0.018100 1.050970 0.204020
v 0.021680 1.050950 0.201170
v 0.021790 1.061110 0.201160
v 0.025550 1.050900 0.198840
v 0.025650 1.061060 0.198820
v 0.036140 1.060930 0.194010
v 0.036120 1.050750 0.193960
v 0.003950 1.062340 0.195950
v -0.002580 1.050620 0.194200
v 0.003830 1.050570 0.195970
v -0.002460 1.062390 0.194190
v 0.011880 1.061190 0.194790
v 0.011780 1.051020 0.194800
v 0.015630 1.061160 0.192560
v 0.015520 1.051000 0.192570
v 0.018620 1.061140 0.189440
v 0.018510 1.050950 0.189460
v 0.023090 1.051020 0.180860
v 0.023320 1.060860 0.180650
v -0.200210 1.015080 -0.043760
v -0.199950 1.022390 -0.082860
v -0.197220 1.041740 -0.079090
v -0.203880 0.999290 -0.049050
v -0.205360 0.979860 -0.083300
v -0.196500 1.026690 -0.039900
v -0.193970 1.053400 -0.074090
v -0.208450 0.964070 -0.062300
v -0.208980 0.946970 -0.073920
v -0.187580 1.033750 -0.036580
v -0.185250 1.060510 -0.071630
v -0.175100 1.035230 -0.037330
v -0.174500 1.060530 -0.070530
v -0.176080 1.013600 -0.010320
v -0.187030 1.012300 -0.009990
v -0.176590 0.988370 0.021140
v -0.195550 1.005670 -0.010110
v -0.187610 0.986620 0.023050
v -0.179050 0.972150 0.039000
v -0.185880 0.970530 0.042910
v -0.190730 0.966350 0.045910
v -0.195940 0.980960 0.022130
v -0.195060 0.960770 0.048100
v -0.198230 0.955330 0.048790
v -0.201150 0.991500 -0.012580
v -0.199390 0.968800 0.019210
v -0.200610 0.949450 0.048310
v -0.205490 0.973810 -0.016140
v -0.205610 0.953610 0.014090
v -0.205970 0.932930 0.041890
v -0.213720 0.948070 -0.039250
v -0.213320 0.921670 -0.054830
v -0.212980 0.934330 -0.015680
v -0.214420 0.906930 -0.026570
v -0.214690 0.906530 0.001160
v -0.212660 0.924820 0.007080
v -0.211570 0.915890 0.026380
v -0.214310 0.883620 -0.011450
v -0.214420 0.906930 -0.026570
v -0.214690 0.906530 0.001160
v -0.207570 0.884100 -0.030970
v -0.204970 0.912380 -0.059740
v -0.213320 0.921670 -0.054830
v -0.209190 0.870230 -0.021630
v -0.200910 0.941690 -0.074680
v -0.208980 0.946970 -0.073920
v -0.194320 0.975880 -0.078860
v -0.205360 0.979860 -0.083300
v -0.184900 1.016530 -0.077010
v -0.199950 1.022390 -0.082860
v -0.180950 1.034100 -0.075480
v -0.197220 1.041740 -0.079090
v -0.178150 1.047290 -0.074230
v -0.193970 1.053400 -0.074090
v -0.185250 1.060510 -0.071630
v -0.174500 1.060530 -0.070530
v -0.216590 0.857420 -0.008240
v -0.212180 0.855790 -0.018320
v -0.209910 0.884550 0.022940
v -0.221050 0.831910 -0.005730
v -0.217420 0.829510 -0.015740
v -0.225080 0.805780 -0.004450
v -0.222990 0.802850 -0.013190
v -0.222640 0.799250 -0.009640
v -0.218630 0.797140 0.021310
v -0.224820 0.805800 0.019530
v -0.217760 0.799600 0.024770
v -0.220150 0.833960 0.020880
v -0.214440 0.859120 0.022590
v -0.221050 0.806780 0.024200
v -0.216990 0.833440 0.024010
v -0.219350 0.801900 0.025400
v -0.215850 0.806310 0.027890
v -0.218710 0.806680 0.027150
v -0.214760 0.831410 0.028540
v -0.210720 0.830310 0.029990
v -0.210890 0.832710 0.025140
v -0.204920 0.857820 0.025880
v -0.199550 0.881470 0.026860
v -0.193370 0.911610 0.028030
v -0.204030 0.914330 0.024910
v -0.211150 0.908980 0.013890
v -0.211570 0.915890 0.026380
v -0.210170 0.916290 0.025420
v -0.204040 0.935690 0.035010
v -0.205970 0.932930 0.041890
v -0.200610 0.949450 0.048310
v -0.198070 0.936990 0.028800
v -0.187340 0.934710 0.030240
v -0.199530 0.951600 0.039750
v -0.198230 0.955330 0.048790
v -0.193920 0.952130 0.031880
v -0.183590 0.949800 0.032140
v -0.195040 0.965270 0.037640
v -0.195060 0.960770 0.048100
v -0.190730 0.966350 0.045910
v -0.185880 0.970530 0.042910
v -0.186510 0.969950 0.034620
v -0.178950 0.969430 0.034030
v -0.179050 0.972150 0.039000
v -0.159130 0.992630 0.019820
v -0.158930 1.017180 0.003440
v -0.157130 1.016560 0.020970
v -0.161620 0.987300 0.003490
v -0.163800 0.967650 0.022550
v -0.155680 1.020660 0.002710
v -0.153470 1.019940 0.021580
v -0.153230 1.017260 0.001640
v -0.151270 1.017060 0.021930
v -0.157130 1.016560 0.020970
v -0.153470 1.019940 0.021580
v -0.152940 0.991380 0.021200
v -0.159130 0.992630 0.019820
v -0.163800 0.967650 0.022550
v -0.157110 0.966050 0.020370
v -0.171170 0.947000 0.023580
v -0.155410 0.992380 0.000410
v -0.158930 1.017180 0.003440
v -0.155680 1.020660 0.002710
v -0.161620 0.987300 0.003490
v -0.169350 0.934110 0.019290
v -0.175660 0.932110 0.020680
v -0.159490 0.966270 -0.000360
v -0.165700 0.966720 -0.001320
v -0.169150 0.934710 0.001200
v -0.175110 0.931910 -0.001400
v -0.155570 1.020940 -0.046300
v -0.168520 0.981390 -0.039120
v -0.161810 1.024720 -0.042870
v -0.163230 0.979390 -0.044020
v -0.157350 1.019160 -0.063990
v -0.166240 0.978440 -0.061420
v -0.174410 0.935460 -0.039550
v -0.174910 0.980790 -0.062750
v -0.179510 0.934780 -0.057030
v -0.179080 0.932980 -0.035140
v -0.187280 0.932680 -0.058360
v -0.165860 1.023370 -0.066650
v -0.196360 0.939870 -0.073940
v -0.163450 1.032730 -0.067010
v -0.175180 1.018710 -0.074280
v -0.171950 1.031980 -0.073430
v -0.161400 1.039660 -0.067450
v -0.180950 1.034100 -0.075480
v -0.178150 1.047290 -0.074230
v -0.184900 1.016530 -0.077010
v -0.185130 0.977910 -0.075590
v -0.194320 0.975880 -0.078860
v -0.200910 0.941690 -0.074680
v -0.204970 0.912380 -0.059740
v -0.199840 0.913260 -0.058190
v -0.200990 0.891630 -0.034910
v -0.189350 0.912260 -0.046580
v -0.207570 0.884100 -0.030970
v -0.196150 0.879890 -0.012830
v -0.209190 0.870230 -0.021630
v -0.194060 0.899520 -0.031740
v -0.182190 0.918540 -0.027070
v -0.185850 0.902370 -0.015140
v -0.204860 0.854460 -0.009870
v -0.212180 0.855790 -0.018320
v -0.190320 0.878670 0.017960
v -0.210570 0.829660 -0.008000
v -0.217420 0.829510 -0.015740
v -0.196710 0.854040 0.016880
v -0.203190 0.829260 0.017030
v -0.217570 0.804400 -0.008170
v -0.222990 0.802850 -0.013190
v -0.222640 0.799250 -0.009640
v -0.210890 0.802430 0.017100
v -0.218630 0.797140 0.021310
v -0.217760 0.799600 0.024770
v -0.214550 0.801880 0.024080
v -0.215850 0.806310 0.027890
v -0.212370 0.805080 0.022840
v -0.213490 0.805630 0.025560
v -0.206990 0.829760 0.027370
v -0.210720 0.830310 0.029990
v -0.210890 0.832710 0.025140
v -0.205490 0.830560 0.022500
v -0.204920 0.857820 0.025880
v -0.199550 0.881470 0.026860
v -0.183250 0.908880 0.020920
v -0.193370 0.911610 0.028030
v -0.175110 0.931910 -0.001400
v -0.175660 0.932110 0.020680
v -0.176610 0.933760 -0.018140
v -0.165700 0.966720 -0.001320
v -0.166640 0.976060 -0.021220
v -0.161620 0.987300 0.003490
v -0.177950 0.932710 0.025010
v -0.171170 0.947000 0.023580
v -0.187340 0.934710 0.030240
v -0.161400 1.002240 -0.017150
v -0.174410 0.947370 0.028170
v -0.183590 0.949800 0.032140
v -0.165940 1.008750 -0.013760
v -0.165090 0.964090 0.026900
v -0.163800 0.967650 0.022550
v -0.170400 0.964920 0.030970
v -0.178950 0.969430 0.034030
v -0.179050 0.972150 0.039000
v -0.167750 0.967650 0.030050
v -0.176590 0.988370 0.021140
v -0.166320 0.982390 0.016830
v -0.176080 1.013600 -0.010320
v -0.166110 1.030200 -0.040100
v -0.175100 1.035230 -0.037330
v -0.165250 1.052350 -0.069290
v -0.174500 1.060530 -0.070530
v 0.035430 0.798400 -0.170040
v 0.161860 1.023720 -0.083060
v 0.181880 0.807980 -0.111690
v 0.040100 0.792040 -0.169130
v 0.179800 0.802780 -0.113680
v 0.048840 0.790010 -0.166970
v 0.175320 0.798800 -0.116660
v 0.009620 1.017510 -0.143190
v 0.162630 1.028670 -0.086960
v 0.162370 1.016080 -0.096920
v 0.010530 1.021840 -0.148110
v 0.168000 1.031550 -0.102000
v 0.015430 1.024290 -0.162900
v 0.168120 1.021140 -0.101960
v 0.017350 1.020210 -0.164950
v 0.169870 1.025970 -0.105990
v 0.190800 0.815090 -0.132320
v 0.188890 0.813890 -0.127570
v 0.042810 0.805450 -0.191090
v 0.017720 1.013850 -0.160180
v 0.041260 0.804380 -0.185890
v 0.045440 0.798470 -0.185930
v 0.188850 0.808260 -0.136170
v 0.185480 0.806210 -0.130810
v 0.047770 0.799070 -0.192420
v 0.054040 0.795190 -0.191570
v 0.052740 0.794220 -0.184080
v 0.182970 0.803480 -0.140420
v 0.179620 0.802300 -0.134600
v 0.035430 0.798400 -0.170040
v 0.018700 1.011280 -0.152400
v 0.009620 1.017510 -0.143190
v 0.010530 1.021840 -0.148110
v 0.015430 1.024290 -0.162900
v 0.017720 1.013850 -0.160180
v 0.017350 1.020210 -0.164950
v 0.042300 0.804130 -0.177520
v 0.041260 0.804380 -0.185890
v 0.045940 0.800450 -0.177150
v 0.045440 0.798470 -0.185930
v 0.040100 0.792040 -0.169130
v 0.052740 0.794220 -0.184080
v 0.052010 0.796740 -0.175640
v 0.048840 0.790010 -0.166970
v 0.179620 0.802300 -0.134600
v 0.175510 0.805280 -0.125880
v 0.175320 0.798800 -0.116660
v 0.185480 0.806210 -0.130810
v 0.178910 0.808160 -0.123830
v 0.179800 0.802780 -0.113680
v 0.181880 0.807980 -0.111690
v 0.181430 0.812110 -0.122020
v 0.188890 0.813890 -0.127570
v 0.162370 1.016080 -0.096920
v 0.161860 1.023720 -0.083060
v 0.168120 1.021140 -0.101960
v 0.121400 0.859820 -0.147400
v 0.121380 0.858590 -0.154060
v 0.123260 0.860950 -0.154510
v 0.119490 0.857490 -0.148180
v 0.123500 0.860220 -0.146460
v 0.106030 0.859290 -0.159410
v 0.126030 0.859120 -0.154640
v 0.123660 0.856870 -0.155180
v 0.121590 0.857870 -0.147300
v 0.125050 0.859320 -0.156620
v 0.104920 0.860190 -0.161510
v 0.121380 0.858590 -0.154060
v 0.119490 0.857490 -0.148180
v 0.105180 0.857440 -0.161730
v 0.104930 0.859890 -0.163760
v 0.106030 0.859290 -0.159410
v 0.101630 0.858990 -0.154950
v 0.103600 0.858120 -0.153750
v 0.099850 0.858070 -0.155940
v 0.102910 0.859540 -0.162930
v 0.101930 0.855910 -0.155220
v 0.103600 0.858120 -0.153750
v 0.124750 0.828930 -0.153730
v 0.124700 0.827880 -0.160390
v 0.126580 0.830280 -0.160770
v 0.122820 0.826600 -0.154570
v 0.127090 0.826860 -0.153720
v 0.109560 0.826680 -0.166210
v 0.129350 0.828430 -0.160950
v 0.126980 0.826150 -0.161550
v 0.125170 0.824500 -0.154560
v 0.128380 0.828710 -0.162920
v 0.108300 0.829010 -0.167790
v 0.124700 0.827880 -0.160390
v 0.122820 0.826600 -0.154570
v 0.108690 0.824880 -0.168550
v 0.108450 0.827360 -0.170530
v 0.109560 0.826680 -0.166210
v 0.105050 0.827630 -0.161260
v 0.107130 0.825400 -0.160590
v 0.103380 0.825430 -0.162750
v 0.106430 0.827010 -0.169700
v 0.105460 0.823200 -0.162080
v 0.107130 0.825400 -0.160590
v 0.167350 0.950630 0.036770
v 0.166060 0.954980 0.034490
v 0.167880 0.950850 0.035260
v 0.169670 0.946720 0.034490
v 0.165180 0.955610 0.035850
v 0.164800 0.957910 0.032190
v 0.169510 0.945650 0.035840
v 0.170940 0.943820 0.032180
v 0.165770 0.949950 0.037280
v 0.163720 0.958960 0.033040
v 0.163580 0.960740 0.027820
v 0.170970 0.942290 0.033040
v 0.172180 0.940990 0.027810
v 0.168070 0.944670 0.036290
v 0.172300 0.939240 0.028050
v 0.172180 0.941020 -0.039620
v 0.169590 0.941190 0.033320
v 0.172300 0.939290 -0.039860
v 0.167840 0.940940 0.033040
v 0.170970 0.942340 -0.044850
v 0.170940 0.943840 -0.043990
v 0.170960 0.938090 -0.039950
v 0.169590 0.941220 -0.045130
v 0.169510 0.945670 -0.047650
v 0.169670 0.946750 -0.046290
v 0.170960 0.938060 0.028140
v 0.169180 0.937910 -0.039860
v 0.169180 0.937890 0.028050
v 0.167350 0.950680 -0.048580
v 0.167880 0.950900 -0.047060
v 0.166060 0.955030 -0.046290
v 0.167990 0.939160 0.027810
v 0.165180 0.955660 -0.047640
v 0.164800 0.957940 -0.043980
v 0.165770 0.949980 -0.049090
v 0.163720 0.958990 -0.044840
v 0.163580 0.960770 -0.039610
v 0.162390 0.962040 -0.039850
v 0.163480 0.955260 -0.048090
v 0.161970 0.958740 -0.045120
v 0.160610 0.961870 -0.039930
v 0.159260 0.960690 -0.039850
v 0.160590 0.957640 -0.044840
v 0.159390 0.958940 -0.039610
v 0.162040 0.954280 -0.047640
v 0.160620 0.956110 -0.043980
v 0.160560 0.957660 -0.039360
v 0.161700 0.955060 -0.043130
v 0.162360 0.957860 -0.039280
v 0.161890 0.953210 -0.046290
v 0.164220 0.949300 -0.048580
v 0.162790 0.952580 -0.044940
v 0.163690 0.949080 -0.047060
v 0.163450 0.955330 -0.042840
v 0.164220 0.949300 -0.045540
v 0.164840 0.956430 -0.043130
v 0.163700 0.959040 -0.039360
v 0.164800 0.957940 -0.043980
v 0.163580 0.960770 -0.039610
v 0.166060 0.955030 -0.046290
v 0.165920 0.953960 -0.044940
v 0.167880 0.950900 -0.047060
v 0.164470 0.952980 -0.044490
v 0.167350 0.950680 -0.045540
v 0.165770 0.949980 -0.045030
v 0.167090 0.946970 -0.044490
v 0.168770 0.947370 -0.044940
v 0.169670 0.946750 -0.046290
v 0.165650 0.946020 -0.044940
v 0.168100 0.944650 -0.042840
v 0.169870 0.944900 -0.043130
v 0.170940 0.943840 -0.043990
v 0.170990 0.942290 -0.039370
v 0.172180 0.941020 -0.039620
v 0.169210 0.942120 -0.039290
v 0.172180 0.940990 0.027810
v 0.170990 0.942270 0.027570
v 0.170940 0.943820 0.032180
v 0.169210 0.942070 0.027490
v 0.169870 0.944870 0.031320
v 0.169670 0.946720 0.034490
v 0.167860 0.940890 0.027570
v 0.168770 0.947350 0.033130
v 0.167880 0.950850 0.035260
v 0.168100 0.944600 0.031040
v 0.166720 0.943490 0.031320
v 0.167090 0.946950 0.032690
v 0.167350 0.950630 0.033740
v 0.165650 0.945970 0.033130
v 0.165770 0.949950 0.033240
v 0.165920 0.953910 0.033140
v 0.166060 0.954980 0.034490
v 0.164470 0.952960 0.032690
v 0.164220 0.949250 0.033740
v 0.164840 0.956410 0.031330
v 0.164800 0.957910 0.032190
v 0.163450 0.955280 0.031050
v 0.162790 0.952560 0.033140
v 0.163690 0.949030 0.035260
v 0.163700 0.959010 0.027570
v 0.163580 0.960740 0.027820
v 0.163580 0.960770 -0.039610
v 0.163700 0.959040 -0.039360
v 0.162360 0.957860 -0.039280
v 0.162360 0.957810 0.027490
v 0.160560 0.957660 -0.039360
v 0.161700 0.955030 0.031330
v 0.160560 0.957640 0.027570
v 0.159390 0.958910 0.027820
v 0.159390 0.958940 -0.039610
v 0.160620 0.956080 0.032190
v 0.161890 0.953160 0.034490
v 0.159260 0.960640 0.028070
v 0.159260 0.960690 -0.039850
v 0.160610 0.961870 -0.039930
v 0.160590 0.957590 0.033040
v 0.160610 0.961840 0.028150
v 0.162390 0.962040 -0.039850
v 0.161970 0.958690 0.033330
v 0.162040 0.954260 0.035850
v 0.163480 0.955210 0.036290
v 0.162390 0.962020 0.028070
v 0.163580 0.960770 -0.039610
v 0.164220 0.949250 0.036770
v 0.166380 0.944270 0.035840
v 0.165490 0.944900 0.034490
v 0.166750 0.941990 0.032180
v 0.167990 0.939190 -0.039620
v 0.167860 0.940920 -0.039370
v 0.167840 0.940970 -0.044850
v 0.166750 0.942020 -0.043990
v 0.166720 0.943520 -0.043130
v 0.165490 0.944950 -0.046290
v 0.166380 0.944320 -0.047650
v 0.168070 0.944720 -0.048090
v 0.241840 0.836270 -0.102620
v 0.242800 0.835870 -0.097380
v 0.242830 0.834540 -0.102070
v 0.253940 0.836470 -0.101880
v 0.241650 0.838070 -0.097360
v 0.254370 0.838620 -0.102410
v 0.241940 0.836290 -0.088940
v 0.253360 0.837670 -0.097350
v 0.254080 0.839220 -0.097420
v 0.254320 0.838340 -0.088920
v 0.253920 0.836220 -0.088980
v 0.243190 0.834140 -0.089020
v 0.253260 0.838090 -0.077730
v 0.254080 0.840370 -0.077780
v 0.242820 0.836070 -0.077750
v 0.243540 0.838370 -0.077820
v 0.243940 0.835570 -0.006810
v 0.243070 0.833360 -0.006840
v 0.243680 0.836420 0.078620
v 0.253210 0.834990 -0.006840
v 0.254140 0.837190 -0.006810
v 0.242850 0.834640 0.078920
v 0.243360 0.837890 0.090240
v 0.252750 0.836370 0.079050
v 0.253570 0.838170 0.078850
v 0.253100 0.839650 0.090790
v 0.252190 0.838020 0.091610
v 0.252270 0.843120 0.093810
v 0.242480 0.836270 0.091370
v 0.242710 0.841270 0.093640
v 0.251400 0.842200 0.095430
v 0.241690 0.840320 0.095130
v 0.250310 0.848010 0.095810
v 0.251240 0.848260 0.094240
v 0.240440 0.846030 0.095590
v 0.241580 0.846480 0.093950
v 0.222010 0.933010 0.093310
v 0.222750 0.933330 0.091470
v 0.231600 0.935990 0.093640
v 0.232490 0.936360 0.091680
v 0.218590 0.945320 0.092720
v 0.227980 0.949000 0.093170
v 0.217770 0.944700 0.094710
v 0.227220 0.948380 0.095130
v 0.222550 0.961040 0.095930
v 0.212930 0.956030 0.097180
v 0.213520 0.956790 0.095330
v 0.221930 0.960240 0.097860
v 0.211480 0.980590 0.101660
v 0.202900 0.975780 0.101000
v 0.210950 0.979740 0.103580
v 0.189040 1.017080 0.106960
v 0.202320 0.974860 0.102910
v 0.180580 1.011930 0.106610
v 0.188480 1.016160 0.108920
v 0.180050 1.011000 0.108570
v 0.150080 1.059460 0.118390
v 0.150630 1.060280 0.116360
v 0.158540 1.064860 0.117760
v 0.159080 1.065690 0.115750
v 0.134170 1.100880 0.123840
v 0.134600 1.101510 0.122030
v 0.109570 1.137300 0.125850
v 0.125940 1.095200 0.123690
v 0.126390 1.095830 0.121610
v 0.109040 1.136700 0.127890
v 0.083680 1.172890 0.128240
v 0.084270 1.173390 0.126170
v 0.100910 1.131020 0.127660
v 0.101440 1.131590 0.125620
v 0.053720 1.217170 0.122390
v 0.075530 1.167190 0.129100
v 0.076090 1.167660 0.127000
v 0.052900 1.216920 0.124460
v 0.014290 1.276570 0.089230
v 0.044560 1.211010 0.125200
v 0.045360 1.211290 0.123210
v 0.005610 1.270040 0.088840
v 0.013230 1.276940 0.091070
v 0.004560 1.270440 0.090670
v -0.024040 1.308830 0.062850
v -0.022890 1.308210 0.061090
v -0.015440 1.315910 0.064020
v -0.014270 1.315340 0.062280
v -0.032290 1.337970 0.045890
v -0.031090 1.337420 0.044240
v -0.039850 1.330760 0.045650
v -0.038630 1.330180 0.043970
v -0.043230 1.343550 0.026400
v -0.042120 1.342800 0.024830
v -0.051800 1.338840 0.026180
v -0.050660 1.338090 0.024590
v -0.066260 1.373680 -0.001840
v -0.075060 1.368300 -0.000870
v -0.076200 1.369130 0.000500
v -0.088240 1.384270 -0.023730
v -0.067410 1.374560 -0.000470
v -0.079410 1.388150 -0.025130
v -0.089500 1.385320 -0.022650
v -0.080730 1.389200 -0.024060
v -0.096160 1.393130 -0.057190
v -0.094800 1.391830 -0.057310
v -0.088780 1.398790 -0.054130
v -0.087370 1.397510 -0.054310
v 0.242910 0.839850 0.088340
v 0.252190 0.839870 0.087910
v 0.243330 0.838070 0.087870
v 0.243520 0.837340 -0.078300
v 0.253230 0.841500 0.088500
v 0.242480 0.838990 -0.078230
v 0.252430 0.841250 -0.078110
v 0.243600 0.839270 -0.096520
v 0.253390 0.839620 -0.078220
v 0.251790 0.841000 -0.096460
v 0.244470 0.837120 -0.096860
v 0.253600 0.839470 -0.097280
v 0.254240 0.841750 -0.101980
v 0.241420 0.839470 -0.101690
v 0.253210 0.840370 -0.103060
v 0.253210 0.845600 -0.104800
v 0.242740 0.837940 -0.102910
v 0.241690 0.842600 -0.106230
v 0.240910 0.843170 -0.104730
v 0.252170 0.845130 -0.106290
v 0.249940 0.854440 -0.107250
v 0.250820 0.854740 -0.105840
v 0.239190 0.851940 -0.107210
v 0.238710 0.851910 -0.105880
v 0.232650 0.930850 -0.103810
v 0.223230 0.928180 -0.105880
v 0.222830 0.928050 -0.103900
v 0.217120 0.946220 -0.103900
v 0.232980 0.930980 -0.105690
v 0.226470 0.949880 -0.103810
v 0.217320 0.946220 -0.105870
v 0.226840 0.949930 -0.105830
v 0.218370 0.967950 -0.107420
v 0.218030 0.968020 -0.105370
v 0.209540 0.963520 -0.107310
v 0.209130 0.963540 -0.105370
v 0.203170 0.993480 -0.109430
v 0.194860 0.988370 -0.109360
v 0.203530 0.993350 -0.111430
v 0.195170 0.988220 -0.111350
v 0.165920 1.032850 -0.124260
v 0.174340 1.038210 -0.126280
v 0.174100 1.038380 -0.124250
v 0.166130 1.032680 -0.125480
v 0.131940 1.096850 -0.141340
v 0.131650 1.097250 -0.139430
v 0.124090 1.090800 -0.140960
v 0.123800 1.091220 -0.138990
v 0.105770 1.129390 -0.156360
v 0.105420 1.129990 -0.154500
v 0.098230 1.123310 -0.156160
v 0.097840 1.123910 -0.154260
v 0.079100 1.161410 -0.170910
v 0.071630 1.155350 -0.170610
v 0.071920 1.154820 -0.172480
v 0.079340 1.160830 -0.172750
v 0.065580 1.178330 -0.178200
v 0.057750 1.172370 -0.177230
v 0.065680 1.178080 -0.180250
v 0.049620 1.200630 -0.176830
v 0.057640 1.171970 -0.179310
v 0.050030 1.199980 -0.177970
v 0.031890 1.225380 -0.175330
v 0.050340 1.199330 -0.179000
v 0.045540 1.196700 -0.178460
v 0.031450 1.225480 -0.177470
v 0.041110 1.193370 -0.179050
v 0.040810 1.194040 -0.177960
v 0.040520 1.194670 -0.176950
v 0.022480 1.217470 -0.178750
v 0.022950 1.217400 -0.176670
v -0.013470 1.266660 -0.170070
v -0.012920 1.266530 -0.167960
v -0.004870 1.272590 -0.170100
v -0.004310 1.272490 -0.167980
v -0.047870 1.335640 -0.156110
v -0.047110 1.335260 -0.154270
v -0.056950 1.330560 -0.155820
v -0.056210 1.330160 -0.154000
v -0.076730 1.381790 -0.108770
v -0.084610 1.374910 -0.110440
v -0.077940 1.382770 -0.109730
v -0.087370 1.397510 -0.054310
v -0.088780 1.398790 -0.054130
v -0.096160 1.393130 -0.057190
v -0.094800 1.391830 -0.057310
v -0.085880 1.375940 -0.111470
v 0.254370 0.838620 -0.102410
v 0.241650 0.838070 -0.097360
v 0.241840 0.836270 -0.102620
v 0.254080 0.839220 -0.097420
v 0.241940 0.836290 -0.088940
v 0.254320 0.838340 -0.088920
v 0.243540 0.838370 -0.077820
v 0.254080 0.840370 -0.077780
v 0.243940 0.835570 -0.006810
v 0.254140 0.837190 -0.006810
v 0.243680 0.836420 0.078620
v 0.253570 0.838170 0.078850
v 0.243360 0.837890 0.090240
v 0.253100 0.839650 0.090790
v 0.252270 0.843120 0.093810
v 0.242710 0.841270 0.093640
v 0.251240 0.848260 0.094240
v 0.241580 0.846480 0.093950
v 0.222750 0.933330 0.091470
v 0.232490 0.936360 0.091680
v 0.218590 0.945320 0.092720
v 0.227980 0.949000 0.093170
v 0.213520 0.956790 0.095330
v 0.222550 0.961040 0.095930
v 0.211480 0.980590 0.101660
v 0.202900 0.975780 0.101000
v 0.189040 1.017080 0.106960
v 0.180580 1.011930 0.106610
v 0.150630 1.060280 0.116360
v 0.159080 1.065690 0.115750
v 0.134600 1.101510 0.122030
v 0.126390 1.095830 0.121610
v 0.101440 1.131590 0.125620
v 0.109570 1.137300 0.125850
v 0.084270 1.173390 0.126170
v 0.076090 1.167660 0.127000
v 0.045360 1.211290 0.123210
v 0.053720 1.217170 0.122390
v 0.014290 1.276570 0.089230
v 0.005610 1.270040 0.088840
v -0.022890 1.308210 0.061090
v -0.014270 1.315340 0.062280
v -0.031090 1.337420 0.044240
v -0.038630 1.330180 0.043970
v -0.042120 1.342800 0.024830
v -0.050660 1.338090 0.024590
v -0.075060 1.368300 -0.000870
v -0.066260 1.373680 -0.001840
v -0.079410 1.388150 -0.025130
v -0.088240 1.384270 -0.023730
v -0.094800 1.391830 -0.057310
v -0.087370 1.397510 -0.054310
v -0.076730 1.381790 -0.108770
v -0.094800 1.391830 -0.057310
v -0.087370 1.397510 -0.054310
v -0.084610 1.374910 -0.110440
v -0.047110 1.335260 -0.154270
v -0.056210 1.330160 -0.154000
v -0.012920 1.266530 -0.167960
v -0.004310 1.272490 -0.167980
v 0.031890 1.225380 -0.175330
v 0.022950 1.217400 -0.176670
v 0.045150 1.198200 -0.176300
v 0.040520 1.194670 -0.176950
v 0.049620 1.200630 -0.176830
v 0.057750 1.172370 -0.177230
v 0.065580 1.178330 -0.178200
v 0.071630 1.155350 -0.170610
v 0.079100 1.161410 -0.170910
v 0.105420 1.129990 -0.154500
v 0.097840 1.123910 -0.154260
v 0.123800 1.091220 -0.138990
v 0.131650 1.097250 -0.139430
v 0.165920 1.032850 -0.124260
v 0.174100 1.038380 -0.124250
v 0.194860 0.988370 -0.109360
v 0.203170 0.993480 -0.109430
v 0.209130 0.963540 -0.105370
v 0.218030 0.968020 -0.105370
v 0.217120 0.946220 -0.103900
v 0.226470 0.949880 -0.103810
v 0.232650 0.930850 -0.103810
v 0.222830 0.928050 -0.103900
v 0.250820 0.854740 -0.105840
v 0.238710 0.851910 -0.105880
v 0.240910 0.843170 -0.104730
v 0.253210 0.845600 -0.104800
v 0.241420 0.839470 -0.101690
v 0.254240 0.841750 -0.101980
v 0.251790 0.841000 -0.096460
v 0.243600 0.839270 -0.096520
v 0.252430 0.841250 -0.078110
v 0.242480 0.838990 -0.078230
v 0.253230 0.841500 0.088500
v 0.242910 0.839850 0.088340
v 0.211740 1.004440 -0.006770
v 0.166270 0.993480 -0.084410
v 0.188110 0.998510 -0.102180
v 0.188010 0.996980 -0.103230
v 0.165600 0.991300 -0.085080
v 0.217550 1.005240 -0.106150
v 0.218350 1.002870 -0.107730
v 0.245720 1.008950 -0.096490
v 0.156930 0.991530 -0.059570
v 0.155870 0.989400 -0.059920
v 0.157930 0.989450 -0.028850
v 0.244550 1.011330 -0.095600
v 0.265550 1.014230 -0.067720
v 0.159290 0.991950 -0.029150
v 0.160640 0.992150 -0.000550
v 0.159050 0.989870 -0.000690
v 0.263270 1.015660 -0.066800
v 0.269000 1.014700 -0.035510
v 0.157170 0.991430 0.031610
v 0.156550 0.989070 0.031520
v 0.157690 0.991500 0.056940
v 0.157350 0.989500 0.057530
v 0.267140 1.016510 -0.035410
v 0.269340 1.014480 -0.006650
v 0.175130 0.995430 0.082660
v 0.175270 0.992930 0.083520
v 0.266530 1.016410 -0.006710
v 0.266560 1.016380 0.022600
v 0.268940 1.014980 0.022930
v 0.205920 1.002490 0.094900
v 0.206300 1.000410 0.096220
v 0.234620 1.009000 0.089830
v 0.235580 1.007100 0.090880
v 0.264450 1.015860 0.050750
v 0.266800 1.013930 0.051180
v 0.255410 1.011180 0.075390
v 0.254110 1.013430 0.074550
v 0.252400 0.842400 -0.004950
v 0.288240 0.850560 0.068930
v 0.297050 0.852590 0.042220
v 0.266240 0.845580 0.086240
v 0.298540 0.852860 0.015930
v 0.239290 0.839470 0.089040
v 0.298350 0.852860 -0.010770
v 0.215090 0.833990 0.077460
v 0.298760 0.852990 -0.037180
v 0.199820 0.830560 0.054310
v 0.295750 0.852260 -0.064250
v 0.200090 0.830580 0.026720
v 0.280520 0.848880 -0.089060
v 0.202690 0.831040 0.000970
v 0.253890 0.842850 -0.100880
v 0.201420 0.830810 -0.024420
v 0.226100 0.836570 -0.096630
v 0.198920 0.830410 -0.050990
v 0.205160 0.831810 -0.078120
v 0.299870 0.855840 0.016220
v 0.297050 0.852590 0.042220
v 0.298810 0.855140 0.042910
v 0.288240 0.850560 0.068930
v 0.298540 0.852860 0.015930
v 0.288850 0.853240 0.070110
v 0.266240 0.845580 0.086240
v 0.270890 0.987120 0.021780
v 0.269020 0.986700 0.048930
v 0.271620 0.987670 -0.008070
v 0.258040 0.983870 0.072740
v 0.238760 0.979590 0.087430
v 0.299930 0.855960 -0.010470
v 0.270780 0.987070 -0.037930
v 0.298350 0.852860 -0.010770
v 0.265950 0.848160 0.087730
v 0.211440 0.973230 0.091600
v 0.239290 0.839470 0.089040
v 0.299790 0.855510 -0.037000
v 0.298760 0.852990 -0.037180
v 0.238360 0.841020 0.090610
v 0.184450 0.966970 0.080180
v 0.215090 0.833990 0.077460
v 0.213600 0.835290 0.079020
v 0.168290 0.963390 0.057950
v 0.199820 0.830560 0.054310
v 0.197650 0.831760 0.054810
v 0.167470 0.963170 0.028300
v 0.197800 0.831810 0.026630
v 0.200090 0.830580 0.026720
v 0.171130 0.960770 0.000680
v 0.199950 0.832190 0.000900
v 0.202690 0.831040 0.000970
v 0.201420 0.830810 -0.024420
v 0.199370 0.831660 -0.024360
v 0.169870 0.960690 -0.029340
v 0.198920 0.830410 -0.050990
v 0.196770 0.831460 -0.051320
v 0.165870 0.963240 -0.058280
v 0.205160 0.831810 -0.078120
v 0.203430 0.833040 -0.079420
v 0.175000 0.965070 -0.082290
v 0.226100 0.836570 -0.096630
v 0.225090 0.838040 -0.098290
v 0.195890 0.969580 -0.098960
v 0.253890 0.842850 -0.100880
v 0.224090 0.976130 -0.103260
v 0.253950 0.844230 -0.102770
v 0.297300 0.854890 -0.064150
v 0.295750 0.852260 -0.064250
v 0.267540 0.985950 -0.067240
v 0.281320 0.851010 -0.090280
v 0.280520 0.848880 -0.089060
v 0.248710 0.982090 -0.093420
v 0.253950 0.844230 -0.102770
v 0.253890 0.842850 -0.100880
v 0.224090 0.976130 -0.103260
v 0.270850 0.988650 -0.068520
v 0.248710 0.982090 -0.093420
v 0.267540 0.985950 -0.067240
v 0.274380 0.989500 -0.037800
v 0.270780 0.987070 -0.037930
v 0.250650 0.983640 -0.096670
v 0.271620 0.987670 -0.008070
v 0.224090 0.976130 -0.103260
v 0.265550 1.014230 -0.067720
v 0.245720 1.008950 -0.096490
v 0.269000 1.014700 -0.035510
v 0.218350 1.002870 -0.107730
v 0.224110 0.978110 -0.107610
v 0.195890 0.969580 -0.098960
v 0.193320 0.970980 -0.102980
v 0.188010 0.996980 -0.103230
v 0.175000 0.965070 -0.082290
v 0.165600 0.991300 -0.085080
v 0.170960 0.965850 -0.084850
v 0.155870 0.989400 -0.059920
v 0.161620 0.963640 -0.059260
v 0.165870 0.963240 -0.058280
v 0.157930 0.989450 -0.028850
v 0.167280 0.963490 -0.029360
v 0.159050 0.989870 -0.000690
v 0.169870 0.960690 -0.029340
v 0.167190 0.963670 0.000330
v 0.171130 0.960770 0.000680
v 0.274700 0.989400 -0.007600
v 0.270890 0.987120 0.021780
v 0.269340 1.014480 -0.006650
v 0.274470 0.989220 0.022350
v 0.269020 0.986700 0.048930
v 0.268940 1.014980 0.022930
v 0.272340 0.988700 0.050340
v 0.258040 0.983870 0.072740
v 0.266800 1.013930 0.051180
v 0.260470 0.986350 0.075670
v 0.255410 1.011180 0.075390
v 0.238760 0.979590 0.087430
v 0.235580 1.007100 0.090880
v 0.240110 0.981510 0.091240
v 0.211440 0.973230 0.091600
v 0.206300 1.000410 0.096220
v 0.209940 0.974310 0.095810
v 0.184450 0.966970 0.080180
v 0.175270 0.992930 0.083520
v 0.181290 0.968050 0.083780
v 0.168290 0.963390 0.057950
v 0.163350 0.964070 0.058550
v 0.157350 0.989500 0.057530
v 0.156550 0.989070 0.031520
v 0.162660 0.963290 0.030800
v 0.159050 0.989870 -0.000690
v 0.167470 0.963170 0.028300
v 0.167190 0.963670 0.000330
v 0.171130 0.960770 0.000680
v 0.258810 0.838370 -0.098340
v 0.241610 0.834290 -0.095930
v 0.256090 0.837740 -0.095630
v 0.255480 0.840300 -0.095750
v 0.255330 0.840300 -0.089250
v 0.241000 0.836820 -0.096040
v 0.240880 0.836840 -0.089540
v 0.255940 0.837770 -0.089130
v 0.241490 0.834290 -0.089420
v 0.258590 0.838420 -0.087300
v 0.255880 0.837770 -0.085580
v 0.238760 0.833660 -0.087700
v 0.239000 0.833640 -0.098750
v 0.258200 0.840920 -0.098460
v 0.238390 0.836170 -0.098860
v 0.257980 0.840950 -0.087420
v 0.238160 0.836190 -0.087820
v 0.257750 0.840970 -0.076370
v 0.237920 0.836240 -0.076770
v 0.241410 0.834310 -0.085860
v 0.238530 0.833690 -0.076650
v 0.241280 0.834310 -0.079370
v 0.255270 0.840320 -0.085690
v 0.240800 0.836840 -0.085990
v 0.240670 0.836870 -0.079480
v 0.255120 0.840320 -0.079190
v 0.255730 0.837790 -0.079070
v 0.258350 0.838440 -0.076250
v 0.240670 0.836870 -0.079480
v 0.255120 0.840320 -0.079190
v 0.238160 0.836190 -0.087820
v 0.257980 0.840950 -0.087420
v 0.240800 0.836840 -0.085990
v 0.255270 0.840320 -0.085690
v 0.240880 0.836840 -0.089540
v 0.241000 0.836820 -0.096040
v 0.255330 0.840300 -0.089250
v 0.238390 0.836170 -0.098860
v 0.255480 0.840300 -0.095750
v 0.258200 0.840920 -0.098460
v 0.165740 0.940070 -0.040910
v 0.166660 0.944970 0.028880
v 0.165900 0.940040 0.029140
v 0.169900 0.945820 0.030890
v 0.172790 0.941420 0.030630
v 0.166660 0.945000 -0.040680
v 0.169900 0.945850 -0.042700
v 0.169900 0.945850 -0.042700
v 0.169900 0.945820 0.030890
v 0.172950 0.941490 -0.042470
v 0.172790 0.941420 0.030630
v 0.172950 0.941490 -0.042470
v 0.168420 0.937310 -0.040690
v 0.171660 0.938160 -0.042700
v 0.168420 0.937290 0.028880
v 0.171660 0.938140 0.030880
v 0.172800 0.918010 0.028870
v 0.176360 0.917440 0.030880
v 0.172800 0.918060 -0.040700
v 0.176360 0.917460 -0.042710
v 0.158490 0.958590 0.029130
v 0.161300 0.954960 -0.040680
v 0.158250 0.958540 -0.040860
v 0.164600 0.955610 -0.042690
v 0.165710 0.960490 -0.042500
v 0.161300 0.954930 0.028890
v 0.164600 0.955560 0.030890
v 0.164600 0.955560 0.030890
v 0.164600 0.955610 -0.042690
v 0.165470 0.960390 0.030660
v 0.165710 0.960490 -0.042500
v 0.165470 0.960390 0.030660
v 0.159550 0.962590 0.028890
v 0.162840 0.963240 0.030900
v 0.159550 0.962640 -0.040670
v 0.162840 0.963290 -0.042690
v 0.155100 0.982070 -0.040660
v 0.158060 0.984140 -0.042680
v 0.155100 0.982040 0.028900
v 0.158060 0.984120 0.030910
v 0.252510 0.957260 -0.095820
v 0.257710 0.947400 -0.094590
v 0.255990 0.953360 -0.094590
v 0.255400 0.953280 -0.092550
v 0.257160 0.947070 -0.092580
v 0.251690 0.957410 -0.093880
v 0.255520 0.941540 -0.094510
v 0.246700 0.958290 -0.096590
v 0.256130 0.942140 -0.096440
v 0.251870 0.938510 -0.096850
v 0.247730 0.958040 -0.098430
v 0.252590 0.939240 -0.098720
v 0.244490 0.936490 -0.100680
v 0.245270 0.937190 -0.102540
v 0.235810 0.934710 -0.105130
v 0.240300 0.956610 -0.102730
v 0.239180 0.956890 -0.100930
v 0.236320 0.935280 -0.107090
v 0.231030 0.954880 -0.106100
v 0.227670 0.932760 -0.106500
v 0.231840 0.954480 -0.108000
v 0.223040 0.952180 -0.109480
v 0.222910 0.952730 -0.107450
v 0.227610 0.933160 -0.108570
v 0.219220 0.930550 -0.105480
v 0.213680 0.949980 -0.107690
v 0.214260 0.950650 -0.105790
v 0.218530 0.930850 -0.107450
v 0.206860 0.948630 -0.103460
v 0.207680 0.949330 -0.101630
v 0.210830 0.929030 -0.103360
v 0.211840 0.928750 -0.101500
v 0.199100 0.947070 -0.097440
v 0.203990 0.927450 -0.097550
v 0.198340 0.946370 -0.099320
v 0.203040 0.927730 -0.099430
v 0.193840 0.943970 -0.096600
v 0.194510 0.944570 -0.094670
v 0.197650 0.927230 -0.096610
v 0.198520 0.926970 -0.094700
v 0.193370 0.931930 -0.092420
v 0.191380 0.938490 -0.094530
v 0.191930 0.938790 -0.092510
v 0.192760 0.931960 -0.094450
v 0.192840 0.943470 0.083630
v 0.192580 0.932360 0.082190
v 0.191460 0.938440 0.082290
v 0.192040 0.938690 0.080270
v 0.193230 0.932330 0.080170
v 0.193510 0.944020 0.081710
v 0.197160 0.928080 0.082020
v 0.197570 0.946970 0.084460
v 0.196350 0.928330 0.083960
v 0.201780 0.926970 0.084340
v 0.196760 0.946250 0.086290
v 0.200810 0.927280 0.086210
v 0.209300 0.928380 0.088200
v 0.208290 0.928630 0.090070
v 0.217850 0.930600 0.092690
v 0.204060 0.948230 0.090630
v 0.204940 0.949000 0.088840
v 0.217130 0.930830 0.094660
v 0.213120 0.950750 0.094050
v 0.226000 0.932460 0.094100
v 0.212570 0.949980 0.095940
v 0.221480 0.951830 0.097450
v 0.221330 0.952430 0.095440
v 0.225880 0.932810 0.096170
v 0.234550 0.934260 0.093120
v 0.230830 0.954080 0.095700
v 0.230000 0.954460 0.093810
v 0.235040 0.934810 0.095090
v 0.237540 0.955980 0.091510
v 0.236480 0.956280 0.089690
v 0.242740 0.936690 0.091040
v 0.241970 0.936010 0.089160
v 0.245180 0.958190 0.085540
v 0.249560 0.938440 0.085270
v 0.246150 0.957860 0.087410
v 0.250290 0.939090 0.087160
v 0.251260 0.957790 0.084680
v 0.250410 0.958060 0.082770
v 0.255330 0.941090 0.084360
v 0.254670 0.940520 0.082450
v 0.257050 0.947300 0.080300
v 0.255910 0.954010 0.082540
v 0.255280 0.954080 0.080520
v 0.257590 0.947550 0.082330
v 0.053590 1.575300 0.071120
v 0.026700 1.566920 0.085290
v 0.026700 1.576400 0.084780
v 0.000010 1.576630 0.088790
v 0.053590 1.565810 0.071640
v 0.000010 1.567140 0.089310
v 0.072460 1.573570 0.048160
v -0.026710 1.566920 0.085290
v 0.072460 1.564090 0.048680
v -0.026710 1.576400 0.084780
v 0.081410 1.562710 0.023500
v -0.053600 1.575300 0.071120
v -0.053600 1.565810 0.071640
v -0.072460 1.573570 0.048160
v -0.072460 1.564110 0.048680
v -0.081420 1.562710 0.023500
v 0.081410 1.571770 0.022950
v -0.081420 1.571770 0.022950
v 0.084620 1.566140 0.002600
v 0.082710 1.574950 0.010930
v 0.082860 1.558880 0.013720
v 0.084160 1.572420 -0.009300
v 0.084400 1.557550 -0.008110
v 0.086320 1.567890 -0.013480
v 0.086870 1.562210 -0.013080
v -0.084630 1.566140 0.002600
v -0.082720 1.574950 0.010930
v -0.082860 1.558880 0.013720
v -0.084160 1.572420 -0.009300
v -0.084400 1.557550 -0.008110
v -0.086310 1.567890 -0.013480
v -0.086860 1.562210 -0.013080
v -0.027200 1.600930 0.065500
v -0.051820 1.558300 0.055250
v -0.027510 1.560060 0.070870
v -0.052470 1.599900 0.051900
v 0.000010 1.601180 0.070040
v 0.000010 1.560230 0.075550
v 0.027510 1.560060 0.070870
v 0.000010 1.596650 -0.012330
v 0.027200 1.600930 0.065500
v 0.051810 1.558300 0.055250
v 0.052490 1.599900 0.051900
v 0.069810 1.596350 0.032800
v 0.069160 1.556850 0.033370
v 0.076490 1.594950 0.007400
v 0.078130 1.555080 0.006750
v 0.079180 1.591620 -0.018870
v 0.081380 1.553970 -0.018140
v 0.076540 1.589470 -0.045770
v 0.081590 1.552270 -0.045560
v 0.067490 1.586690 -0.070980
v 0.071500 1.551400 -0.071360
v 0.047850 1.584840 -0.088280
v 0.050750 1.550750 -0.090470
v 0.023560 1.582480 -0.099950
v 0.024710 1.550300 -0.102980
v 0.000010 1.581980 -0.104640
v 0.000010 1.550350 -0.105890
v -0.024700 1.550300 -0.102980
v -0.023560 1.582480 -0.099950
v -0.050740 1.550750 -0.090470
v -0.047840 1.584840 -0.088280
v -0.071500 1.551400 -0.071360
v -0.067490 1.586690 -0.070980
v -0.081580 1.552270 -0.045560
v -0.076540 1.589470 -0.045770
v -0.081380 1.553970 -0.018140
v -0.079190 1.591620 -0.018870
v -0.078130 1.555080 0.006750
v -0.076480 1.594950 0.007400
v -0.069160 1.556850 0.033370
v -0.069820 1.596350 0.032800
v -0.056660 1.599800 0.057940
v -0.028230 1.568040 0.078520
v -0.057540 1.563790 0.060330
v -0.026690 1.601460 0.075720
v -0.072290 1.596800 0.038290
v 0.000010 1.568740 0.083300
v -0.072850 1.561680 0.038380
v 0.000010 1.601360 0.082110
v -0.079700 1.592300 0.007840
v 0.026690 1.601460 0.075720
v -0.079840 1.558560 0.011170
v 0.028230 1.568040 0.078520
v -0.082060 1.588570 -0.018890
v 0.056660 1.599800 0.057940
v 0.057560 1.563790 0.060330
v 0.072300 1.596800 0.038290
v 0.072850 1.561680 0.038380
v 0.079710 1.592300 0.007840
v 0.079860 1.558560 0.011170
v 0.082060 1.588570 -0.018890
v -0.084350 1.554650 -0.017840
v 0.084350 1.554650 -0.017840
v -0.081060 1.586240 -0.047210
v 0.081060 1.586240 -0.047210
v -0.084180 1.553220 -0.045890
v -0.071080 1.582460 -0.072540
v -0.081580 1.552270 -0.045560
v -0.081380 1.553970 -0.018140
v -0.073910 1.552000 -0.072760
v -0.071500 1.551400 -0.071360
v -0.052330 1.551170 -0.092510
v -0.050560 1.582060 -0.092330
v -0.050740 1.550750 -0.090470
v -0.025630 1.550620 -0.105280
v -0.024080 1.581910 -0.105690
v -0.024700 1.550300 -0.102980
v 0.000010 1.550900 -0.108460
v 0.000010 1.580360 -0.110120
v 0.000010 1.550350 -0.105890
v -0.061510 1.607410 0.076840
v -0.035640 1.619650 0.094440
v -0.032000 1.610720 0.082430
v -0.026690 1.601460 0.075720
v 0.000010 1.601360 0.082110
v -0.056660 1.599800 0.057940
v 0.000010 1.609640 0.096580
v 0.032000 1.610720 0.082430
v 0.026690 1.601460 0.075720
v 0.061500 1.607410 0.076840
v 0.035640 1.619650 0.094440
v 0.056660 1.599800 0.057940
v 0.000010 1.624410 0.102830
v 0.037020 1.642910 0.097290
v 0.086630 1.599550 0.054640
v 0.072300 1.596800 0.038290
v 0.065740 1.616900 0.081750
v 0.100910 1.588470 0.018780
v 0.079710 1.592300 0.007840
v 0.092290 1.609090 0.056870
v 0.108590 1.599580 0.021350
v 0.103520 1.580160 -0.020860
v 0.082060 1.588570 -0.018890
v 0.110810 1.587820 -0.021400
v 0.081060 1.586240 -0.047210
v 0.097070 1.575800 -0.049830
v 0.071100 1.582460 -0.072540
v 0.104710 1.584410 -0.051870
v 0.105160 1.594550 -0.052540
v 0.089470 1.581730 -0.083570
v 0.084930 1.572850 -0.080000
v 0.061200 1.570920 -0.104580
v 0.050560 1.582060 -0.092330
v 0.065340 1.580180 -0.108060
v 0.065950 1.590220 -0.108850
v 0.030360 1.578430 -0.125740
v 0.029090 1.570690 -0.118630
v 0.024070 1.581910 -0.105690
v 0.000010 1.571570 -0.121850
v 0.000010 1.580360 -0.110120
v -0.024080 1.581910 -0.105690
v 0.090400 1.591470 -0.085170
v 0.086840 1.603530 -0.084240
v 0.030250 1.590570 -0.126850
v -0.029100 1.570690 -0.118630
v -0.050560 1.582060 -0.092330
v 0.000010 1.578850 -0.129290
v -0.030350 1.578430 -0.125740
v -0.061200 1.570920 -0.104580
v -0.071080 1.582460 -0.072540
v -0.030250 1.590570 -0.126850
v 0.000010 1.590340 -0.130130
v 0.000010 1.602880 -0.127480
v 0.063280 1.603110 -0.106310
v 0.029460 1.603860 -0.123010
v 0.000010 1.621480 -0.093730
v -0.029470 1.603860 -0.123010
v 0.021120 1.620900 -0.091200
v 0.041660 1.621960 -0.078920
v 0.000010 1.642960 -0.050860
v -0.021110 1.620900 -0.091200
v -0.063290 1.603110 -0.106310
v 0.009940 1.644610 -0.048340
v 0.051540 1.626640 -0.062350
v -0.065950 1.590220 -0.108850
v 0.017830 1.645080 -0.042030
v 0.059960 1.628390 -0.045510
v 0.000010 1.650310 -0.029210
v 0.021270 1.646110 -0.032820
v 0.102370 1.605590 -0.052140
v 0.064820 1.629690 -0.029610
v 0.020430 1.647760 -0.022920
v 0.111740 1.597380 -0.022580
v 0.108830 1.609340 -0.022420
v 0.109700 1.608140 0.021560
v 0.062100 1.635350 -0.004960
v 0.106220 1.618900 0.021510
v 0.094040 1.620980 0.056520
v 0.055730 1.640150 0.014810
v 0.015280 1.649840 -0.013990
v 0.068820 1.633390 0.082290
v 0.090880 1.629940 0.052330
v 0.042280 1.646410 0.031280
v 0.066110 1.642310 0.076120
v 0.006670 1.651140 -0.009600
v 0.023060 1.651940 0.042230
v 0.037120 1.652620 0.089130
v 0.000010 1.651340 -0.008560
v 0.000010 1.653590 0.045490
v 0.000010 1.655470 0.096520
v 0.000010 1.646440 0.103620
v -0.037020 1.642910 0.097290
v -0.037100 1.652620 0.089130
v -0.023050 1.651940 0.042230
v -0.006670 1.651140 -0.009600
v -0.066110 1.642310 0.076120
v -0.042270 1.646410 0.031280
v -0.068820 1.633390 0.082290
v -0.090870 1.629940 0.052330
v -0.015280 1.649840 -0.013990
v -0.055730 1.640150 0.014810
v -0.065740 1.616900 0.081750
v -0.094040 1.620980 0.056520
v -0.106220 1.618900 0.021510
v -0.062080 1.635350 -0.004960
v -0.020420 1.647760 -0.022920
v -0.092290 1.609090 0.056870
v -0.109690 1.608140 0.021560
v -0.108840 1.609340 -0.022420
v -0.064830 1.629690 -0.029610
v -0.021270 1.646110 -0.032820
v -0.086630 1.599550 0.054640
v -0.072290 1.596800 0.038290
v -0.108600 1.599580 0.021350
v -0.100910 1.588470 0.018780
v -0.079700 1.592300 0.007840
v -0.111720 1.597380 -0.022580
v -0.110810 1.587820 -0.021400
v -0.103530 1.580180 -0.020860
v -0.082060 1.588570 -0.018890
v -0.081060 1.586240 -0.047210
v -0.102370 1.605590 -0.052140
v -0.105160 1.594550 -0.052540
v -0.104710 1.584410 -0.051870
v -0.097080 1.575800 -0.049830
v -0.089470 1.581730 -0.083570
v -0.084930 1.572850 -0.080000
v -0.090400 1.591470 -0.085170
v -0.065340 1.580180 -0.108060
v -0.086840 1.603530 -0.084240
v -0.041660 1.621960 -0.078920
v -0.059970 1.628390 -0.045510
v -0.051540 1.626640 -0.062350
v -0.017820 1.645080 -0.042030
v -0.009940 1.644610 -0.048340
v -0.051820 1.558300 0.055250
v -0.061600 1.561910 0.131810
v -0.050150 1.564290 0.135440
v -0.027510 1.560060 0.070870
v -0.027510 1.566410 0.138160
v -0.069160 1.556850 0.033370
v 0.000010 1.560230 0.075550
v -0.073040 1.558630 0.125030
v 0.000010 1.567140 0.138800
v -0.080070 1.555750 0.117580
v -0.085060 1.552550 0.101450
v -0.078130 1.555080 0.006750
v 0.027510 1.566410 0.138160
v 0.027510 1.560060 0.070870
v 0.050160 1.564290 0.135440
v 0.051810 1.558300 0.055250
v 0.061600 1.561910 0.131810
v 0.069160 1.556850 0.033370
v 0.073040 1.558630 0.125030
v 0.080070 1.555750 0.117580
v 0.085060 1.552550 0.101450
v 0.078130 1.555080 0.006750
v -0.072850 1.561680 0.038380
v -0.072670 1.561480 0.123400
v -0.079510 1.558530 0.115900
v -0.080070 1.555750 0.117580
v -0.073040 1.558630 0.125030
v -0.085060 1.552550 0.101450
v -0.061390 1.564640 0.129890
v -0.061600 1.561910 0.131810
v -0.084390 1.555480 0.100030
v -0.079840 1.558560 0.011170
v -0.057540 1.563790 0.060330
v -0.082250 1.556900 0.008840
v -0.050150 1.564290 0.135440
v -0.084350 1.554650 -0.017840
v -0.078130 1.555080 0.006750
v -0.081380 1.553970 -0.018140
v -0.050130 1.566970 0.133370
v -0.028230 1.568040 0.078520
v -0.027570 1.569040 0.136020
v -0.027510 1.566410 0.138160
v 0.000010 1.568740 0.083300
v 0.000010 1.569740 0.136630
v 0.000010 1.567140 0.138800
v 0.027510 1.566410 0.138160
v 0.027590 1.569040 0.136020
v 0.028230 1.568040 0.078520
v 0.050160 1.564290 0.135440
v 0.050130 1.566970 0.133370
v 0.057560 1.563790 0.060330
v 0.061410 1.564640 0.129890
v 0.061600 1.561910 0.131810
v 0.073040 1.558630 0.125030
v 0.072850 1.561680 0.038380
v 0.072670 1.561480 0.123400
v 0.080070 1.555750 0.117580
v 0.079510 1.558530 0.115900
v 0.085060 1.552550 0.101450
v 0.084380 1.555480 0.100030
v 0.079860 1.558560 0.011170
v 0.082260 1.556900 0.008840
v 0.084350 1.554650 -0.017840
v 0.078130 1.555080 0.006750
v 0.081380 1.553970 -0.018140
v 0.084170 1.553220 -0.045890
v 0.071100 1.582460 -0.072540
v 0.081590 1.552270 -0.045560
v 0.081380 1.553970 -0.018140
v 0.073910 1.552000 -0.072760
v 0.071500 1.551400 -0.071360
v 0.052340 1.551170 -0.092510
v 0.050560 1.582060 -0.092330
v 0.050750 1.550750 -0.090470
v 0.025630 1.550620 -0.105280
v 0.024070 1.581910 -0.105690
v 0.024710 1.550300 -0.102980
v 0.000010 1.550900 -0.108460
v 0.000010 1.580360 -0.110120
v 0.000010 1.550350 -0.105890
v -0.060450 1.451330 -0.001170
v -0.061710 1.458710 0.004150
v -0.058890 1.451680 0.005270
v -0.059100 1.450980 0.017270
v -0.051300 1.444320 0.013330
v -0.062680 1.464590 0.018270
v -0.051190 1.442740 0.029590
v -0.056160 1.454680 0.031550
v -0.057530 1.467350 0.035270
v -0.040300 1.436560 0.025000
v -0.063940 1.474130 0.003660
v -0.049440 1.447170 0.043300
v -0.065200 1.481260 0.021280
v -0.060940 1.467200 -0.005470
v -0.051510 1.439560 0.008100
v -0.061880 1.447350 -0.006790
v -0.060400 1.468050 -0.012650
v -0.063270 1.480060 -0.004360
v -0.062710 1.477830 -0.011430
v -0.065930 1.487420 0.003540
v -0.037680 1.430050 0.017150
v -0.052300 1.430930 0.004090
v -0.053850 1.422040 -0.000750
v -0.036190 1.420520 0.012830
v -0.029770 1.424490 0.034540
v -0.026260 1.423820 0.026510
v -0.021910 1.410050 0.019510
v -0.043260 1.435380 0.042060
v -0.011720 1.418540 0.029560
v -0.035800 1.402670 0.009380
v -0.055010 1.390700 -0.010000
v -0.069560 1.406600 -0.042630
v -0.038720 1.372210 0.008510
v -0.067650 1.434660 -0.033850
v -0.056320 1.410280 -0.067600
v -0.020420 1.391830 0.015410
v -0.024440 1.362570 0.013460
v -0.008000 1.401640 0.023680
v -0.008400 1.379870 0.020140
v -0.009300 1.349560 0.016400
v -0.065290 1.457180 -0.027060
v -0.055460 1.439840 -0.059530
v -0.031990 1.411750 -0.091460
v -0.062310 1.472400 -0.025880
v -0.030300 1.440540 -0.088420
v -0.000010 1.408530 -0.091570
v -0.000680 1.443220 -0.091130
v -0.054590 1.468000 -0.052440
v -0.030350 1.466920 -0.084010
v 0.000460 1.467600 -0.086660
v 0.000010 1.487120 -0.083450
v -0.048480 1.486270 -0.056040
v -0.029960 1.489120 -0.080160
v -0.022440 1.498380 -0.084360
v 0.000010 1.498130 -0.086660
v -0.040910 1.499130 -0.077000
v -0.022600 1.519080 -0.094350
v 0.000010 1.519680 -0.097620
v -0.045490 1.519610 -0.085250
v -0.054980 1.497910 -0.062330
v -0.024540 1.540280 -0.100260
v 0.000010 1.540960 -0.104480
v -0.026160 1.561260 -0.101720
v 0.000010 1.562030 -0.106660
v -0.049390 1.541230 -0.089360
v -0.063880 1.521290 -0.067230
v -0.026640 1.582880 -0.098070
v 0.000010 1.585040 -0.100690
v -0.050470 1.562990 -0.089640
v 0.000010 1.606410 -0.091060
v -0.065490 1.544260 -0.073660
v -0.050310 1.580330 -0.087210
v -0.028980 1.605340 -0.087980
v -0.064010 1.565160 -0.074690
v -0.051460 1.594420 -0.079970
v -0.029400 1.621130 -0.071590
v 0.000010 1.624660 -0.072470
v -0.053610 1.606560 -0.065270
v -0.059390 1.582380 -0.075600
v -0.064710 1.590870 -0.060590
v -0.029670 1.631020 -0.049790
v 0.000010 1.635600 -0.051390
v -0.052220 1.616650 -0.045670
v 0.000010 1.639200 -0.025720
v -0.067150 1.600230 -0.041070
v -0.028630 1.635270 -0.024010
v -0.049620 1.623180 -0.021910
v -0.027890 1.635800 0.000850
v 0.000010 1.639480 0.002290
v -0.066430 1.605040 -0.019520
v -0.047550 1.624530 0.001800
v -0.074520 1.582110 -0.035840
v -0.060700 1.605310 0.001120
v -0.073620 1.586090 -0.012610
v -0.048720 1.605310 0.017390
v -0.071690 1.573700 -0.056950
v -0.068070 1.583690 0.010520
v -0.077100 1.564440 -0.011980
v -0.074310 1.562660 0.005550
v -0.077290 1.561610 -0.032550
v -0.075080 1.554580 -0.051490
v -0.076300 1.545870 -0.012570
v -0.075460 1.544240 -0.032900
v -0.074050 1.535280 -0.047770
v -0.068790 1.513950 -0.049370
v -0.071580 1.522890 -0.025740
v -0.063240 1.498080 -0.044020
v -0.070220 1.515050 -0.028710
v -0.071440 1.525370 -0.020200
v -0.060300 1.483870 -0.040520
v -0.065260 1.490670 -0.024750
v -0.066290 1.499460 -0.028040
v -0.071920 1.498680 -0.026050
v -0.064940 1.483110 -0.017960
v -0.068550 1.490320 -0.022450
v -0.064490 1.477930 -0.015160
v -0.067250 1.481860 -0.019700
v -0.065660 1.477110 -0.013880
v -0.068520 1.476960 -0.010760
v -0.071870 1.479190 -0.020760
v -0.068420 1.491150 -0.008460
v -0.073920 1.480140 -0.016500
v -0.072480 1.491880 -0.012960
v -0.076270 1.486990 -0.025470
v -0.074000 1.486340 -0.026620
v -0.076880 1.492500 -0.030170
v -0.074520 1.496110 -0.016100
v -0.068200 1.493630 -0.014560
v -0.076030 1.497280 -0.019780
v -0.079040 1.492980 -0.028100
v -0.080610 1.500160 -0.035680
v -0.076720 1.513030 -0.028050
v -0.082880 1.500540 -0.033360
v -0.077920 1.501510 -0.023830
v -0.083630 1.513180 -0.039280
v -0.086040 1.512980 -0.036690
v -0.075750 1.521440 -0.025990
v -0.084340 1.522640 -0.038720
v -0.085680 1.521940 -0.035900
v -0.081400 1.508820 -0.023750
v -0.073670 1.525220 -0.020760
v -0.082030 1.531620 -0.035610
v -0.085890 1.531150 -0.034500
v -0.081210 1.518560 -0.023920
v -0.083660 1.534850 -0.027190
v -0.079640 1.535550 -0.029250
v -0.072980 1.526740 -0.017550
v -0.071260 1.527440 -0.016630
v -0.077100 1.533630 -0.018200
v -0.072790 1.526340 -0.010300
v -0.080840 1.533170 -0.017180
v -0.076310 1.527440 -0.010760
v -0.077680 1.523160 -0.019950
v -0.079190 1.525490 -0.010440
v -0.073270 1.518430 -0.006770
v -0.075060 1.516930 -0.009820
v -0.072290 1.508070 -0.015180
v -0.072530 1.506720 -0.019280
v -0.070140 1.502460 -0.020510
v -0.067920 1.504070 -0.017190
v -0.070700 1.505970 -0.012540
v -0.065420 1.497380 -0.018050
v -0.071930 1.498710 -0.010780
v -0.070510 1.506270 -0.006180
v -0.070730 1.495810 -0.007180
v -0.069560 1.503040 0.003480
v -0.072240 1.519530 0.004090
v -0.068950 1.500660 0.016360
v -0.072290 1.517980 0.015680
v -0.074770 1.541130 0.002550
v -0.072140 1.539480 0.015690
v -0.069510 1.559760 0.021390
v -0.060500 1.575500 0.034050
v -0.064540 1.552100 0.032560
v -0.067990 1.536350 0.026490
v -0.069460 1.517630 0.026570
v -0.062570 1.533480 0.037470
v -0.066820 1.501760 0.027970
v -0.063050 1.506620 0.041440
v -0.062400 1.488120 0.034180
v -0.063860 1.520230 0.038470
v -0.058730 1.494780 0.044970
v -0.055590 1.476560 0.042420
v -0.057910 1.522860 0.048740
v -0.057580 1.511850 0.052020
v -0.055270 1.502490 0.055740
v -0.051940 1.522790 0.053980
v -0.057050 1.531070 0.050830
v -0.052250 1.512270 0.059470
v -0.045410 1.504840 0.065490
v -0.045770 1.517910 0.061270
v -0.050320 1.494480 0.060180
v -0.053680 1.485090 0.050830
v -0.044290 1.487520 0.064870
v -0.049330 1.476480 0.057000
v -0.050530 1.466800 0.052260
v -0.038340 1.480440 0.068040
v -0.051400 1.458840 0.046550
v -0.047550 1.457360 0.057180
v -0.045900 1.469020 0.062510
v -0.045190 1.443990 0.054430
v -0.039170 1.431480 0.053610
v -0.041500 1.444220 0.064350
v -0.042830 1.456080 0.065470
v -0.040380 1.466500 0.068800
v -0.037540 1.446620 0.071870
v -0.036560 1.432500 0.065850
v -0.029430 1.422540 0.055290
v -0.030850 1.435630 0.076230
v -0.013440 1.417460 0.045230
v -0.028120 1.423520 0.068900
v -0.010980 1.413780 0.063830
v 0.000010 1.417990 0.030230
v 0.000010 1.415330 0.047450
v 0.000010 1.412480 0.063780
v 0.010980 1.413780 0.063830
v 0.000010 1.413560 0.076770
v -0.011630 1.414960 0.076970
v -0.026320 1.425820 0.078260
v -0.017180 1.419290 0.084650
v -0.008950 1.418290 0.088360
v -0.023790 1.428700 0.083740
v -0.024220 1.434060 0.082710
v -0.017430 1.425620 0.089840
v -0.016940 1.432630 0.090210
v 0.000010 1.417710 0.087450
v -0.015250 1.443290 0.087250
v -0.008110 1.424820 0.093080
v 0.000010 1.424370 0.092160
v -0.006640 1.433430 0.093720
v 0.008960 1.418290 0.088360
v 0.011620 1.414960 0.076970
v 0.000010 1.433680 0.093770
v 0.008110 1.424820 0.093080
v 0.006630 1.433430 0.093720
v 0.017450 1.425620 0.089840
v 0.016930 1.432630 0.090210
v 0.017170 1.419290 0.084650
v 0.023780 1.428700 0.083740
v 0.026320 1.425820 0.078260
v 0.028120 1.423520 0.068900
v 0.024220 1.434060 0.082710
v 0.030840 1.435630 0.076230
v 0.015260 1.443290 0.087250
v 0.029430 1.422540 0.055290
v 0.024810 1.440660 0.082380
v 0.006410 1.443540 0.090690
v 0.036570 1.432500 0.065850
v 0.000010 1.443320 0.091530
v 0.037530 1.446620 0.071870
v -0.006410 1.443540 0.090690
v 0.000010 1.451680 0.095700
v -0.008510 1.452180 0.094570
v -0.018480 1.452350 0.088840
v 0.008510 1.452180 0.094570
v -0.008240 1.457280 0.094310
v 0.018470 1.452350 0.088840
v -0.018360 1.457130 0.089060
v 0.000010 1.457580 0.094760
v -0.007630 1.460860 0.089580
v 0.008240 1.457280 0.094310
v 0.007640 1.460860 0.089580
v 0.018360 1.457130 0.089060
v 0.025260 1.457010 0.080760
v 0.000010 1.461140 0.090530
v 0.017240 1.460140 0.085020
v 0.008690 1.462940 0.092930
v 0.017930 1.461890 0.088390
v 0.025200 1.459410 0.076260
v -0.008690 1.462940 0.092930
v 0.000010 1.462740 0.095280
v 0.000010 1.468500 0.098050
v 0.019280 1.468320 0.093130
v 0.029010 1.462620 0.084700
v 0.033060 1.459390 0.081470
v 0.010180 1.469700 0.097680
v 0.028950 1.467220 0.085250
v 0.030220 1.455930 0.077690
v 0.036510 1.459990 0.080250
v 0.026510 1.452150 0.080910
v 0.032910 1.452950 0.076500
v 0.035300 1.450700 0.074830
v 0.037690 1.459160 0.074090
v 0.039830 1.456910 0.071220
v 0.036250 1.464090 0.078330
v 0.036030 1.467470 0.074050
v 0.028870 1.470550 0.082290
v 0.019610 1.477280 0.083570
v 0.040370 1.466500 0.068800
v 0.042830 1.456080 0.065470
v 0.041500 1.444220 0.064350
v 0.047550 1.457360 0.057180
v 0.039170 1.431480 0.053610
v 0.045190 1.443990 0.054430
v 0.029770 1.424490 0.034540
v 0.045910 1.469020 0.062510
v 0.043260 1.435380 0.042060
v 0.049440 1.447170 0.043300
v 0.038350 1.480440 0.068040
v 0.050530 1.466800 0.052260
v 0.051400 1.458840 0.046550
v 0.049330 1.476480 0.057000
v 0.057540 1.467350 0.035270
v 0.056160 1.454680 0.031550
v 0.051190 1.442740 0.029590
v 0.055580 1.476560 0.042420
v 0.040310 1.436560 0.025000
v 0.059100 1.450980 0.017270
v 0.051320 1.444340 0.013330
v 0.062670 1.464590 0.018270
v 0.058900 1.451680 0.005270
v 0.065190 1.481260 0.021280
v 0.061710 1.458710 0.004150
v 0.060460 1.451350 -0.001150
v 0.063940 1.474130 0.003660
v 0.060960 1.467200 -0.005470
v 0.051540 1.439640 0.008120
v 0.061890 1.447400 -0.006780
v 0.037690 1.430080 0.017170
v 0.060400 1.468070 -0.012650
v 0.052290 1.430950 0.004080
v 0.026270 1.423890 0.026550
v 0.036170 1.420520 0.012800
v 0.053850 1.422070 -0.000760
v 0.011720 1.418590 0.029580
v 0.021920 1.410130 0.019540
v 0.035790 1.402640 0.009340
v 0.054940 1.390480 -0.010180
v 0.038690 1.372030 0.008360
v 0.069430 1.406250 -0.042900
v 0.020410 1.391830 0.015390
v 0.024510 1.363150 0.013810
v 0.067580 1.434530 -0.033980
v 0.056240 1.410000 -0.067760
v 0.065320 1.457210 -0.027040
v 0.055490 1.439910 -0.059510
v 0.031950 1.411630 -0.091510
v 0.030390 1.440640 -0.088350
v -0.000010 1.408530 -0.091570
v -0.000680 1.443220 -0.091130
v 0.054600 1.468050 -0.052400
v 0.030460 1.467100 -0.083890
v 0.000460 1.467600 -0.086660
v 0.000010 1.487120 -0.083450
v 0.062310 1.472400 -0.025880
v 0.048480 1.486270 -0.056040
v 0.029960 1.489150 -0.080150
v 0.022450 1.498380 -0.084360
v 0.000010 1.498130 -0.086660
v 0.040900 1.499130 -0.077000
v 0.022600 1.519080 -0.094350
v 0.000010 1.519680 -0.097620
v 0.045490 1.519610 -0.085250
v 0.054970 1.497910 -0.062330
v 0.024540 1.540280 -0.100260
v 0.000010 1.540960 -0.104480
v 0.026160 1.561260 -0.101720
v 0.000010 1.562030 -0.106660
v 0.049390 1.541230 -0.089360
v 0.063880 1.521290 -0.067230
v 0.026640 1.582880 -0.098070
v 0.000010 1.585040 -0.100690
v 0.000010 1.606410 -0.091060
v 0.050470 1.562990 -0.089640
v 0.028980 1.605340 -0.087980
v 0.065480 1.544260 -0.073660
v 0.050300 1.580330 -0.087210
v 0.064010 1.565160 -0.074690
v 0.029400 1.621130 -0.071590
v 0.000010 1.624660 -0.072470
v 0.029670 1.631020 -0.049790
v 0.000010 1.635600 -0.051390
v 0.000010 1.639200 -0.025720
v 0.028630 1.635270 -0.024010
v 0.027890 1.635800 0.000850
v 0.049620 1.623180 -0.021910
v 0.000010 1.639480 0.002290
v 0.052210 1.616650 -0.045670
v 0.053610 1.606560 -0.065270
v 0.025920 1.632090 0.028120
v 0.000010 1.635700 0.032780
v 0.025560 1.619580 0.050600
v 0.000010 1.628040 0.056320
v 0.041510 1.618180 0.021490
v 0.047550 1.624530 0.001800
v 0.048720 1.605310 0.017390
v 0.013710 1.607940 0.068030
v 0.000010 1.609090 0.069850
v 0.036700 1.607490 0.035430
v 0.024100 1.601460 0.056270
v 0.011560 1.595100 0.066800
v 0.000010 1.593400 0.068700
v 0.032950 1.598830 0.051110
v 0.000010 1.584260 0.072560
v 0.047000 1.591970 0.042820
v 0.032080 1.590540 0.058780
v 0.016390 1.585240 0.070450
v 0.045920 1.578400 0.053370
v 0.060490 1.575500 0.034050
v 0.030990 1.578150 0.065770
v 0.015910 1.575180 0.073290
v 0.044980 1.567390 0.058880
v 0.029210 1.567790 0.071390
v 0.013720 1.565760 0.076460
v 0.057910 1.562130 0.042330
v 0.035820 1.557880 0.071230
v 0.064540 1.552100 0.032560
v 0.024310 1.554100 0.080630
v 0.000010 1.575150 0.074740
v 0.011010 1.553900 0.084260
v 0.000010 1.565090 0.076260
v -0.013730 1.565760 0.076460
v -0.015890 1.575180 0.073290
v -0.016390 1.585240 0.070450
v -0.011560 1.595100 0.066800
v 0.000010 1.593400 0.068700
v 0.000010 1.609090 0.069850
v -0.011000 1.553900 0.084260
v -0.013690 1.607940 0.068030
v 0.000010 1.628040 0.056320
v -0.032080 1.590540 0.058780
v -0.025570 1.619580 0.050600
v -0.024090 1.601460 0.056270
v 0.000010 1.635700 0.032780
v -0.025920 1.632090 0.028120
v -0.041500 1.618180 0.021490
v -0.036700 1.607490 0.035430
v -0.032950 1.598830 0.051110
v -0.047000 1.591970 0.042820
v -0.045910 1.578400 0.053370
v -0.030970 1.578150 0.065770
v -0.057900 1.562130 0.042330
v -0.044980 1.567390 0.058880
v -0.029210 1.567790 0.071390
v -0.059320 1.545260 0.041900
v -0.054320 1.552570 0.050790
v -0.055840 1.538410 0.053670
v -0.046250 1.556050 0.062700
v -0.052100 1.544940 0.060840
v -0.053400 1.534300 0.059000
v -0.052180 1.528170 0.056300
v -0.035820 1.557880 0.071230
v -0.044850 1.547970 0.068910
v -0.049570 1.539060 0.065400
v -0.049300 1.531470 0.061150
v -0.024300 1.554100 0.080630
v -0.034090 1.547290 0.076080
v -0.042750 1.541660 0.071150
v -0.019210 1.542410 0.084710
v -0.032110 1.538860 0.077210
v -0.046090 1.534480 0.065620
v -0.039320 1.536330 0.071030
v -0.030250 1.535280 0.074850
v -0.037940 1.532650 0.071180
v -0.045290 1.530270 0.065230
v -0.048160 1.527120 0.059450
v -0.020240 1.535000 0.081550
v -0.046780 1.523760 0.056950
v -0.045060 1.525720 0.060240
v -0.041840 1.528070 0.066190
v -0.041870 1.520890 0.062560
v -0.041470 1.526720 0.060790
v -0.036430 1.530650 0.069810
v -0.039620 1.528040 0.063930
v -0.029430 1.533330 0.072910
v -0.035050 1.530370 0.067230
v -0.028700 1.527290 0.058690
v -0.029130 1.532170 0.070690
v -0.028810 1.531750 0.068110
v -0.022340 1.530700 0.067310
v -0.020100 1.533100 0.076030
v -0.021040 1.532100 0.071900
v -0.021460 1.531470 0.068630
v -0.028810 1.531750 0.068110
v -0.014850 1.531900 0.070050
v -0.018780 1.528540 0.064880
v -0.016420 1.529550 0.067480
v -0.017510 1.526790 0.065640
v -0.013660 1.527670 0.067850
v -0.012830 1.532900 0.074380
v -0.011080 1.529770 0.070450
v -0.010150 1.534000 0.079620
v -0.008540 1.529670 0.075760
v -0.012460 1.525670 0.069220
v -0.005590 1.536950 0.083090
v -0.009520 1.525270 0.073250
v -0.006430 1.530350 0.081710
v -0.008640 1.524640 0.079220
v -0.015860 1.525790 0.066190
v -0.014000 1.523160 0.068930
v -0.011820 1.520480 0.073960
v -0.017850 1.525240 0.065920
v -0.015800 1.521110 0.067990
v -0.011130 1.516960 0.079390
v -0.016130 1.515680 0.070970
v -0.020160 1.525420 0.066630
v -0.019440 1.524710 0.066590
v -0.021800 1.518460 0.067240
v -0.023000 1.523560 0.066810
v -0.023290 1.524740 0.067630
v -0.028620 1.523610 0.067580
v -0.028550 1.522660 0.067470
v -0.034300 1.523640 0.066940
v -0.039220 1.525270 0.063770
v -0.034440 1.522840 0.066760
v -0.039560 1.524710 0.063620
v -0.028180 1.516810 0.066810
v -0.035370 1.517160 0.065510
v -0.039910 1.512050 0.066230
v -0.030110 1.509900 0.067410
v -0.034380 1.499280 0.068630
v -0.021410 1.512070 0.068420
v -0.023930 1.504890 0.070540
v -0.017260 1.509800 0.073810
v -0.030320 1.490150 0.069850
v -0.025570 1.496480 0.070960
v -0.020640 1.501140 0.071700
v -0.012720 1.508120 0.082240
v -0.025630 1.483370 0.071800
v -0.018670 1.489320 0.071760
v -0.017580 1.497980 0.071780
v -0.013730 1.502210 0.081000
v -0.008560 1.511820 0.089250
v -0.007390 1.520610 0.086930
v -0.010490 1.504010 0.096530
v -0.006330 1.526520 0.084980
v -0.005030 1.512580 0.094540
v -0.003830 1.523210 0.089950
v -0.002870 1.528720 0.086450
v -0.003520 1.532500 0.084100
v 0.000010 1.523440 0.090790
v 0.000010 1.513050 0.095910
v 0.000010 1.529850 0.086390
v 0.000010 1.533750 0.085190
v 0.002880 1.528720 0.086450
v 0.003520 1.532500 0.084100
v 0.005590 1.536950 0.083090
v 0.006440 1.530350 0.081710
v 0.003840 1.523210 0.089950
v 0.006330 1.526520 0.084980
v 0.007390 1.520610 0.086930
v 0.008640 1.524640 0.079220
v 0.005040 1.512580 0.094540
v 0.008560 1.511820 0.089250
v 0.005320 1.505520 0.101590
v 0.011130 1.516960 0.079390
v 0.010500 1.504010 0.096530
v 0.012710 1.508120 0.082240
v 0.013720 1.502210 0.081000
v 0.017250 1.509800 0.073810
v 0.000010 1.504790 0.103840
v 0.020640 1.501140 0.071700
v 0.016130 1.515680 0.070970
v 0.017590 1.497980 0.071780
v 0.011820 1.520480 0.073960
v 0.009520 1.525270 0.073250
v 0.021410 1.512070 0.068420
v 0.023930 1.504890 0.070540
v 0.025580 1.496480 0.070960
v 0.034370 1.499280 0.068630
v 0.018670 1.489320 0.071760
v 0.030110 1.509900 0.067410
v 0.021810 1.518460 0.067240
v 0.028200 1.516810 0.066810
v 0.035380 1.517160 0.065510
v 0.030310 1.490150 0.069850
v 0.039910 1.512050 0.066230
v 0.044290 1.487520 0.064870
v 0.045410 1.504840 0.065490
v 0.041870 1.520890 0.062560
v 0.045760 1.517910 0.061270
v 0.039650 1.524560 0.063580
v 0.034410 1.523010 0.066800
v 0.041460 1.526720 0.060790
v 0.028570 1.522810 0.067490
v 0.039220 1.525270 0.063770
v 0.034290 1.523640 0.066940
v 0.028710 1.527340 0.058690
v 0.028610 1.523610 0.067580
v 0.023060 1.523760 0.066780
v 0.023290 1.524740 0.067630
v 0.020160 1.525420 0.066630
v 0.019450 1.524710 0.066580
v 0.015790 1.521110 0.067990
v 0.017850 1.525240 0.065920
v 0.014000 1.523160 0.068930
v 0.017510 1.526790 0.065640
v 0.015870 1.525790 0.066190
v 0.012470 1.525670 0.069220
v 0.013660 1.527670 0.067850
v 0.011080 1.529770 0.070450
v 0.008540 1.529670 0.075760
v 0.010160 1.534000 0.079620
v 0.012830 1.532900 0.074380
v 0.014850 1.531900 0.070050
v 0.016420 1.529550 0.067480
v 0.018550 1.528640 0.065130
v 0.021460 1.531470 0.068630
v 0.019210 1.542410 0.084710
v 0.020250 1.535000 0.081550
v 0.020090 1.533100 0.076030
v 0.021040 1.532100 0.071900
v 0.030250 1.535280 0.074850
v 0.029430 1.533330 0.072910
v 0.032110 1.538860 0.077210
v 0.037930 1.532650 0.071180
v 0.029130 1.532170 0.070690
v 0.039330 1.536330 0.071030
v 0.036430 1.530650 0.069810
v 0.028810 1.531750 0.068110
v 0.022290 1.530750 0.067400
v 0.018550 1.528640 0.065130
v 0.035060 1.530370 0.067230
v 0.039620 1.528040 0.063930
v 0.041850 1.528070 0.066190
v 0.045060 1.525720 0.060240
v 0.045300 1.530270 0.065230
v 0.046100 1.534480 0.065620
v 0.048170 1.527120 0.059450
v 0.049290 1.531470 0.061150
v 0.042760 1.541660 0.071150
v 0.049570 1.539060 0.065400
v 0.046780 1.523760 0.056950
v 0.052200 1.528170 0.056300
v 0.051940 1.522790 0.053980
v 0.053400 1.534300 0.059000
v 0.057040 1.531070 0.050830
v 0.052250 1.512270 0.059470
v 0.057570 1.511850 0.052020
v 0.055260 1.502490 0.055740
v 0.057910 1.522860 0.048740
v 0.063040 1.506620 0.041440
v 0.050320 1.494480 0.060180
v 0.058730 1.494780 0.044970
v 0.053670 1.485090 0.050830
v 0.062400 1.488120 0.034180
v 0.025630 1.483370 0.071800
v 0.066810 1.501760 0.027970
v 0.069480 1.517630 0.026570
v 0.068950 1.500660 0.016360
v 0.065930 1.487420 0.003540
v 0.063860 1.520230 0.038470
v 0.062560 1.533480 0.037470
v 0.067990 1.536350 0.026490
v 0.072290 1.517980 0.015680
v 0.069570 1.503040 0.003480
v 0.059340 1.545260 0.041900
v 0.072140 1.539480 0.015690
v 0.072240 1.519530 0.004090
v 0.054320 1.552570 0.050790
v 0.055840 1.538410 0.053670
v 0.046250 1.556050 0.062700
v 0.052120 1.544940 0.060840
v 0.044850 1.547970 0.068910
v 0.034080 1.547290 0.076080
v 0.008730 1.544190 0.085910
v 0.000010 1.539060 0.086300
v 0.000010 1.545990 0.085820
v -0.008740 1.544190 0.085910
v 0.000010 1.555100 0.082630
v -0.005300 1.505520 0.101590
v -0.009810 1.500790 0.102240
v -0.005240 1.501360 0.105820
v 0.000010 1.500110 0.106950
v -0.012700 1.499510 0.097690
v -0.018160 1.497180 0.084830
v -0.012880 1.495050 0.098830
v -0.020450 1.492580 0.077900
v -0.019780 1.488450 0.080390
v -0.018010 1.492480 0.087900
v -0.016010 1.483540 0.078750
v -0.017060 1.486820 0.081820
v -0.016090 1.491420 0.089100
v -0.012520 1.487870 0.083160
v -0.012510 1.492100 0.098130
v -0.021940 1.479110 0.078500
v -0.013820 1.491000 0.088390
v -0.011430 1.490470 0.093720
v -0.005380 1.497660 0.086760
v -0.009220 1.484990 0.086180
v -0.008190 1.489750 0.097300
v -0.007550 1.487370 0.087020
v -0.005400 1.487870 0.099700
v -0.009250 1.490150 0.100660
v -0.009250 1.493100 0.103170
v -0.005190 1.490320 0.104620
v -0.009560 1.497030 0.104010
v -0.004600 1.493380 0.106700
v -0.005220 1.497480 0.107190
v 0.000010 1.497730 0.107620
v 0.000010 1.494200 0.107420
v 0.000010 1.490550 0.105640
v 0.000010 1.487140 0.102650
v 0.005240 1.497480 0.107190
v 0.005240 1.501360 0.105820
v 0.004610 1.493380 0.106700
v 0.009550 1.497030 0.104010
v 0.009810 1.500790 0.102240
v 0.012890 1.495050 0.098830
v 0.005190 1.490320 0.104620
v 0.009250 1.493100 0.103170
v 0.012700 1.499510 0.097690
v 0.018150 1.497180 0.084830
v 0.018010 1.492480 0.087900
v 0.012510 1.492100 0.098130
v 0.016080 1.491420 0.089100
v 0.009260 1.490150 0.100660
v 0.011430 1.490470 0.093720
v 0.005400 1.487870 0.099700
v 0.008190 1.489750 0.097300
v 0.013820 1.491000 0.088390
v 0.005400 1.497660 0.086760
v 0.012540 1.487870 0.083160
v 0.000010 1.484720 0.097840
v 0.007550 1.487370 0.087020
v 0.004400 1.486170 0.096070
v -0.004410 1.486170 0.096070
v 0.000010 1.482360 0.092380
v -0.006310 1.483690 0.091010
v 0.006330 1.483690 0.091010
v 0.009220 1.484990 0.086180
v 0.006990 1.477060 0.094660
v -0.006990 1.477060 0.094660
v 0.000010 1.476810 0.094180
v 0.016200 1.476930 0.089850
v -0.010180 1.469700 0.097680
v -0.016180 1.476930 0.089850
v -0.019280 1.468320 0.093130
v -0.019620 1.477280 0.083570
v -0.028940 1.467220 0.085250
v -0.028870 1.470550 0.082290
v -0.028890 1.473550 0.077280
v -0.036030 1.467470 0.074050
v -0.032510 1.476760 0.071750
v -0.036250 1.464090 0.078330
v -0.036510 1.459990 0.080250
v -0.039830 1.456910 0.071220
v -0.037680 1.459160 0.074090
v -0.035290 1.450700 0.074830
v -0.024810 1.440660 0.082380
v -0.026510 1.452150 0.080910
v -0.032920 1.452950 0.076500
v -0.025260 1.457010 0.080760
v -0.030220 1.455930 0.077690
v -0.033060 1.459390 0.081470
v -0.017220 1.460140 0.085020
v -0.025200 1.459410 0.076260
v -0.029000 1.462620 0.084700
v -0.017910 1.461890 0.088390
v 0.000010 1.399040 0.025850
v 0.000280 1.375490 0.020980
v 0.000010 1.343320 0.017250
v 0.009300 1.351660 0.017600
v 0.008540 1.380870 0.020720
v 0.008010 1.401720 0.023720
v 0.013450 1.417460 0.045240
v 0.063670 1.480440 -0.004300
v 0.063120 1.478230 -0.011420
v 0.068420 1.491150 -0.008460
v 0.070730 1.495810 -0.007180
v 0.070520 1.506270 -0.006180
v 0.071950 1.498710 -0.010780
v 0.069010 1.477360 -0.010740
v 0.072480 1.491880 -0.012960
v 0.073260 1.518430 -0.006770
v 0.066080 1.477480 -0.013880
v 0.068210 1.493630 -0.014560
v 0.073940 1.480140 -0.016500
v 0.074530 1.496110 -0.016100
v 0.064870 1.478260 -0.015170
v 0.076260 1.486990 -0.025470
v 0.071870 1.479190 -0.020760
v 0.067250 1.481860 -0.019700
v 0.065320 1.483490 -0.017980
v 0.074000 1.486340 -0.026620
v 0.068560 1.490320 -0.022450
v 0.065260 1.490670 -0.024750
v 0.076870 1.492500 -0.030170
v 0.071920 1.498680 -0.026050
v 0.079040 1.492980 -0.028100
v 0.060320 1.483870 -0.040520
v 0.063240 1.498080 -0.044020
v 0.066300 1.499460 -0.028040
v 0.070220 1.515050 -0.028710
v 0.068790 1.513950 -0.049370
v 0.074070 1.535280 -0.047770
v 0.071580 1.522890 -0.025740
v 0.075080 1.554580 -0.051490
v 0.075460 1.544240 -0.032900
v 0.071690 1.573700 -0.056950
v 0.077290 1.561610 -0.032550
v 0.059390 1.582380 -0.075600
v 0.074520 1.582110 -0.035840
v 0.051460 1.594420 -0.079970
v 0.064710 1.590870 -0.060590
v 0.067150 1.600230 -0.041070
v 0.066450 1.605040 -0.019520
v 0.060720 1.605310 0.001120
v 0.073630 1.586090 -0.012610
v 0.068070 1.583690 0.010520
v 0.077110 1.564440 -0.011980
v 0.074320 1.562660 0.005550
v 0.069510 1.559760 0.021390
v 0.076300 1.545870 -0.012570
v 0.074770 1.541130 0.002550
v 0.072780 1.526340 -0.010300
v 0.071450 1.525370 -0.020200
v 0.071260 1.527440 -0.016630
v 0.072980 1.526740 -0.017550
v 0.073670 1.525220 -0.020760
v 0.077100 1.533630 -0.018200
v 0.075750 1.521440 -0.025990
v 0.079630 1.535550 -0.029250
v 0.082040 1.531620 -0.035610
v 0.076710 1.513030 -0.028050
v 0.083660 1.534850 -0.027190
v 0.084330 1.522640 -0.038720
v 0.085890 1.531150 -0.034500
v 0.080610 1.500160 -0.035680
v 0.083630 1.513180 -0.039280
v 0.082870 1.500540 -0.033360
v 0.085680 1.521940 -0.035900
v 0.086050 1.512980 -0.036690
v 0.081210 1.518560 -0.023920
v 0.081410 1.508820 -0.023750
v 0.077920 1.501510 -0.023830
v 0.072530 1.506720 -0.019280
v 0.076020 1.497280 -0.019780
v 0.070150 1.502460 -0.020510
v 0.065420 1.497380 -0.018050
v 0.067920 1.504070 -0.017190
v 0.072290 1.508070 -0.015180
v 0.070700 1.505970 -0.012540
v 0.075060 1.516930 -0.009820
v 0.077680 1.523160 -0.019950
v 0.079180 1.525490 -0.010440
v 0.080840 1.533170 -0.017180
v 0.076310 1.527440 -0.010760
v 0.019770 1.488450 0.080390
v 0.020450 1.492580 0.077900
v 0.016020 1.483540 0.078750
v 0.017060 1.486820 0.081820
v 0.021940 1.479110 0.078500
v 0.028900 1.473550 0.077280
v 0.032530 1.476760 0.071750
v 0.030140 1.528590 0.067920
v 0.028660 1.533270 0.067320
v 0.031650 1.533200 0.066950
v 0.033230 1.539530 0.061560
v 0.038880 1.535180 0.060860
v 0.026110 1.539710 0.062430
v 0.034040 1.531370 0.066650
v 0.040920 1.528320 0.060610
v 0.026190 1.531550 0.067630
v 0.020270 1.535630 0.063160
v 0.025200 1.528690 0.067740
v 0.017910 1.528870 0.063450
v 0.034890 1.528470 0.066550
v 0.038580 1.521560 0.060900
v 0.026060 1.525820 0.067640
v 0.019950 1.521990 0.063190
v 0.028440 1.523990 0.067340
v 0.025610 1.517660 0.062500
v 0.033910 1.525640 0.066670
v 0.032720 1.517480 0.061620
v 0.031440 1.523910 0.066980
v -0.030160 1.529070 0.067930
v -0.031470 1.533730 0.067030
v -0.028470 1.533680 0.067300
v -0.025810 1.540010 0.062350
v -0.020130 1.535650 0.062840
v -0.032950 1.540160 0.061730
v -0.026080 1.531850 0.067500
v -0.018090 1.528790 0.063020
v -0.033960 1.532020 0.066810
v -0.038820 1.536100 0.061210
v -0.034950 1.529170 0.066730
v -0.041190 1.529320 0.061010
v -0.025210 1.528940 0.067580
v -0.020450 1.522040 0.062820
v -0.034090 1.526290 0.066810
v -0.039140 1.522460 0.061180
v -0.031700 1.524440 0.067010
v -0.033460 1.518110 0.061680
v -0.026210 1.526090 0.067490
v -0.026320 1.517960 0.062310
v -0.028700 1.524390 0.067280
vt 0.03030 -0.43370
vt 0.05300 -0.41830
vt 0.06150 -0.43790
vt 0.02740 -0.41470
vt 0.02540 -0.38880
vt 0.06540 -0.42050
vt 0.06840 -0.44030
vt 0.05320 -0.39220
vt 0.02420 -0.35680
vt 0.07770 -0.44590
vt 0.05540 -0.36290
vt 0.06720 -0.39440
vt 0.05370 -0.34290
vt 0.02270 -0.34310
vt 0.06890 -0.36480
vt 0.06690 -0.34330
vt 0.05250 -0.32110
vt 0.02100 -0.32940
vt 0.06640 -0.31970
vt 0.08030 -0.34290
vt 0.08210 -0.36730
vt 0.08300 -0.39780
vt 0.11140 -0.34430
vt 0.08080 -0.42490
vt 0.11040 -0.37220
vt 0.10500 -0.40170
vt 0.10130 -0.43200
vt 0.09940 -0.45670
vt 0.15020 -0.37850
vt 0.13410 -0.42370
vt 0.12530 -0.44180
vt 0.11940 -0.46620
vt 0.15140 -0.41050
vt 0.16070 -0.44030
vt 0.14970 -0.45490
vt 0.13920 -0.47010
vt 0.16120 -0.45960
vt 0.15900 -0.47450
vt 0.17050 -0.44470
vt 0.17310 -0.46230
vt 0.18170 -0.47670
vt 0.17900 -0.43250
vt 0.17900 -0.44660
vt 0.18290 -0.46420
vt 0.19950 -0.47690
vt 0.18630 -0.44860
vt 0.18610 -0.43320
vt 0.20000 -0.45130
vt 0.19950 -0.46450
vt 0.20830 -0.46590
vt 0.21270 -0.47740
vt 0.20780 -0.45180
vt 0.21320 -0.45200
vt 0.21070 -0.43690
vt 0.19370 -0.43370
vt 0.20460 -0.43540
vt 0.19100 -0.42080
vt 0.19880 -0.42220
vt 0.20710 -0.42300
vt 0.19730 -0.41200
vt 0.20270 -0.41220
vt 0.18630 -0.41050
vt 0.21370 -0.41270
vt 0.22080 -0.41290
vt 0.21780 -0.42320
vt 0.23050 -0.41320
vt 0.21560 -0.43760
vt 0.23050 -0.42470
vt 0.22000 -0.43810
vt 0.24180 -0.41370
vt 0.22760 -0.43860
vt 0.24050 -0.42470
vt 0.25670 -0.41420
vt 0.23660 -0.44080
vt 0.22560 -0.45230
vt 0.25230 -0.42590
vt 0.24960 -0.44150
vt 0.26230 -0.43590
vt 0.26690 -0.43080
vt 0.27060 -0.44150
vt 0.23540 -0.45270
vt 0.26370 -0.44440
vt 0.27010 -0.45300
vt 0.26030 -0.44370
vt 0.24960 -0.45320
vt 0.26010 -0.45230
vt 0.26320 -0.45200
vt 0.26470 -0.46450
vt 0.26010 -0.45860
vt 0.25450 -0.47860
vt 0.25080 -0.46590
vt 0.23690 -0.46620
vt 0.23710 -0.47810
vt 0.22590 -0.46640
vt 0.22320 -0.47770
vt 0.21830 -0.46590
vt 0.21880 -0.45250
vt 0.21290 -0.46590
vt 0.03050 -0.19930
vt 0.04690 -0.22370
vt 0.02780 -0.22610
vt 0.02540 -0.24470
vt 0.04910 -0.19760
vt 0.02640 -0.16850
vt 0.04620 -0.24930
vt 0.02250 -0.26890
vt 0.06030 -0.22300
vt 0.04740 -0.16210
vt 0.02200 -0.14800
vt 0.05200 -0.14290
vt 0.06200 -0.19610
vt 0.06450 -0.15240
vt 0.05790 -0.13990
vt 0.06420 -0.13160
vt 0.07910 -0.18050
vt 0.07670 -0.14290
vt 0.07860 -0.10990
vt 0.08250 -0.16040
vt 0.09330 -0.11700
vt 0.09720 -0.08670
vt 0.10210 -0.13940
vt 0.10570 -0.15900
vt 0.12280 -0.11820
vt 0.10770 -0.09910
vt 0.10820 -0.06720
vt 0.13800 -0.07280
vt 0.12260 -0.04760
vt 0.12890 -0.10130
vt 0.13240 -0.13110
vt 0.16700 -0.09520
vt 0.16240 -0.12040
vt 0.16780 -0.07640
vt 0.18320 -0.11480
vt 0.14920 -0.05050
vt 0.13870 -0.03270
vt 0.16120 -0.06370
vt 0.15970 -0.04150
vt 0.15630 -0.02250
vt 0.16780 -0.05470
vt 0.17580 -0.06300
vt 0.17440 -0.06640
vt 0.17850 -0.06180
vt 0.17900 -0.07030
vt 0.17190 -0.05130
vt 0.18320 -0.06180
vt 0.18100 -0.05050
vt 0.19170 -0.06180
vt 0.17090 -0.03640
vt 0.17950 -0.01640
vt 0.18880 -0.05030
vt 0.20100 -0.06180
vt 0.18490 -0.03370
vt 0.20020 -0.04930
vt 0.19730 -0.03170
vt 0.19800 -0.01680
vt 0.21030 -0.05130
vt 0.21030 -0.06180
vt 0.20850 -0.04000
vt 0.20730 -0.02930
vt 0.20980 -0.01730
vt 0.22340 -0.04000
vt 0.22370 -0.05130
vt 0.23170 -0.06180
vt 0.22520 -0.02860
vt 0.23490 -0.01810
vt 0.24000 -0.03200
vt 0.24880 -0.02740
vt 0.25350 -0.03830
vt 0.24080 -0.04130
vt 0.25350 -0.04860
vt 0.23790 -0.05490
vt 0.24840 -0.05760
vt 0.18660 -0.08110
vt 0.18900 -0.07030
vt 0.18440 -0.09650
vt 0.20100 -0.09470
vt 0.20100 -0.08300
vt 0.20120 -0.07080
vt 0.21370 -0.08210
vt 0.21150 -0.07110
vt 0.24520 -0.07230
vt 0.21370 -0.09280
vt 0.24440 -0.08210
vt 0.20950 -0.11500
vt 0.24350 -0.09400
vt 0.21390 -0.10840
vt 0.21200 -0.11600
vt 0.21290 -0.11330
vt 0.21660 -0.12580
vt 0.24420 -0.10550
vt 0.24320 -0.11430
vt 0.21540 -0.11770
vt 0.25150 -0.09350
vt 0.25130 -0.10600
vt 0.24910 -0.11450
vt 0.25490 -0.11480
vt 0.25890 -0.10530
vt 0.28770 -0.11580
vt 0.25150 -0.08160
vt 0.25130 -0.07250
vt 0.25620 -0.07250
vt 0.25890 -0.08210
vt 0.28860 -0.07370
vt 0.26060 -0.09300
vt 0.28470 -0.08210
vt 0.28890 -0.08210
vt 0.29160 -0.07370
vt 0.28350 -0.09300
vt 0.29470 -0.07400
vt 0.28420 -0.10480
vt 0.28840 -0.09380
vt 0.28940 -0.10530
vt 0.29110 -0.11600
vt 0.29670 -0.11600
vt 0.29400 -0.08300
vt 0.30330 -0.07420
vt 0.29550 -0.10450
vt 0.30870 -0.11650
vt 0.29500 -0.09380
vt 0.30230 -0.08350
vt 0.31430 -0.07620
vt 0.30450 -0.10330
vt 0.30260 -0.09330
vt 0.31400 -0.10230
vt 0.31990 -0.11480
vt 0.31330 -0.08520
vt 0.31330 -0.09330
vt 0.32110 -0.10210
vt 0.32750 -0.10820
vt 0.33190 -0.09380
vt 0.32190 -0.09380
vt 0.32090 -0.08670
vt 0.32550 -0.08030
vt 0.16290 -0.14020
vt 0.13720 -0.14870
vt 0.18140 -0.13720
vt 0.20660 -0.13700
vt 0.18190 -0.15970
vt 0.16410 -0.16120
vt 0.21390 -0.15820
vt 0.14020 -0.16290
vt 0.18270 -0.18320
vt 0.10960 -0.17970
vt 0.16430 -0.18220
vt 0.14260 -0.18220
vt 0.10650 -0.20540
vt 0.14550 -0.20710
vt 0.16630 -0.20730
vt 0.10620 -0.22710
vt 0.07690 -0.20370
vt 0.07420 -0.22440
vt 0.06110 -0.25130
vt 0.07620 -0.25080
vt 0.04740 -0.27250
vt 0.02100 -0.29470
vt 0.06200 -0.27300
vt 0.04880 -0.29230
vt 0.06470 -0.29160
vt 0.07810 -0.27400
vt 0.07990 -0.31870
vt 0.08030 -0.29110
vt 0.11160 -0.31790
vt 0.15140 -0.34530
vt 0.10940 -0.28960
vt 0.15190 -0.31840
vt 0.10920 -0.26980
vt 0.15260 -0.28820
vt 0.10740 -0.25130
vt 0.15040 -0.26030
vt 0.14900 -0.24590
vt 0.14700 -0.22610
vt 0.17090 -0.25930
vt 0.16750 -0.24350
vt 0.16680 -0.22660
vt 0.18610 -0.22780
vt 0.18830 -0.21070
vt 0.19270 -0.24350
vt 0.20150 -0.23170
vt 0.21320 -0.20200
vt 0.20610 -0.21900
vt 0.21420 -0.23570
vt 0.20510 -0.24270
vt 0.19900 -0.25450
vt 0.20420 -0.26910
vt 0.21030 -0.25270
vt 0.21560 -0.24320
vt 0.21830 -0.25230
vt 0.21490 -0.22300
vt 0.21900 -0.21200
vt 0.23570 -0.22910
vt 0.23660 -0.21830
vt 0.21760 -0.20730
vt 0.21980 -0.21030
vt 0.24150 -0.21100
vt 0.21930 -0.19730
vt 0.24440 -0.21900
vt 0.24570 -0.21100
vt 0.21950 -0.20590
vt 0.25050 -0.21120
vt 0.24350 -0.23000
vt 0.25050 -0.21930
vt 0.26620 -0.22120
vt 0.27280 -0.21200
vt 0.25130 -0.22980
vt 0.26420 -0.22880
vt 0.27160 -0.22250
vt 0.27470 -0.21200
vt 0.27620 -0.21200
vt 0.27030 -0.22930
vt 0.27620 -0.22270
vt 0.28640 -0.21250
vt 0.28740 -0.22270
vt 0.29450 -0.21270
vt 0.26420 -0.23660
vt 0.27620 -0.22980
vt 0.27500 -0.23690
vt 0.29380 -0.22170
vt 0.29870 -0.22030
vt 0.30500 -0.21590
vt 0.30770 -0.22930
vt 0.29890 -0.22910
vt 0.29820 -0.23610
vt 0.29990 -0.24200
vt 0.29300 -0.23520
vt 0.29260 -0.22880
vt 0.28720 -0.22950
vt 0.28690 -0.23570
vt 0.29180 -0.24200
vt 0.29650 -0.24880
vt 0.30620 -0.25490
vt 0.28570 -0.24320
vt 0.29060 -0.24860
vt 0.29890 -0.25570
vt 0.30210 -0.26670
vt 0.29230 -0.25640
vt 0.29670 -0.26280
vt 0.29550 -0.27230
vt 0.29230 -0.26540
vt 0.28890 -0.27500
vt 0.28640 -0.25760
vt 0.28720 -0.26590
vt 0.27810 -0.27470
vt 0.28010 -0.26540
vt 0.27670 -0.27470
vt 0.28450 -0.25030
vt 0.27910 -0.25810
vt 0.27470 -0.26520
vt 0.27450 -0.27470
vt 0.27520 -0.24420
vt 0.27740 -0.25130
vt 0.27400 -0.25860
vt 0.27080 -0.26520
vt 0.25450 -0.26500
vt 0.25490 -0.27400
vt 0.26940 -0.25860
vt 0.24960 -0.27370
vt 0.27230 -0.25200
vt 0.26760 -0.25230
vt 0.27060 -0.24440
vt 0.26960 -0.23660
vt 0.26670 -0.24420
vt 0.25130 -0.24520
vt 0.25030 -0.23810
vt 0.24420 -0.23880
vt 0.25200 -0.25250
vt 0.23710 -0.23790
vt 0.23760 -0.24470
vt 0.24570 -0.24590
vt 0.23880 -0.25130
vt 0.24620 -0.25250
vt 0.25320 -0.25840
vt 0.24690 -0.25760
vt 0.24810 -0.26470
vt 0.24440 -0.27350
vt 0.24100 -0.25810
vt 0.24200 -0.26450
vt 0.22150 -0.26150
vt 0.22490 -0.26860
vt 0.22690 -0.27300
vt 0.22390 -0.27570
vt 0.21510 -0.26470
vt 0.22030 -0.27720
vt 0.22760 -0.27790
vt 0.23610 -0.28960
vt 0.26280 -0.27910
vt 0.20680 -0.28080
vt 0.18050 -0.28740
vt 0.22200 -0.28860
vt 0.20880 -0.28840
vt 0.25640 -0.28960
vt 0.17920 -0.32040
vt 0.26740 -0.29010
vt 0.27060 -0.27940
vt 0.25690 -0.29790
vt 0.23690 -0.29960
vt 0.26790 -0.29840
vt 0.27770 -0.29080
vt 0.25960 -0.30570
vt 0.27450 -0.27960
vt 0.27690 -0.29890
vt 0.26940 -0.30570
vt 0.27200 -0.31450
vt 0.27810 -0.30650
vt 0.26570 -0.31430
vt 0.27570 -0.31450
vt 0.23810 -0.31060
vt 0.23910 -0.31330
vt 0.31400 -0.31580
vt 0.23470 -0.31600
vt 0.23300 -0.31720
vt 0.23960 -0.31940
vt 0.22590 -0.31380
vt 0.31230 -0.30890
vt 0.31180 -0.30040
vt 0.32060 -0.30890
vt 0.32040 -0.31600
vt 0.32010 -0.30060
vt 0.31180 -0.29130
vt 0.31280 -0.28080
vt 0.31990 -0.29180
vt 0.31970 -0.28110
vt 0.32530 -0.29990
vt 0.32580 -0.30920
vt 0.32580 -0.31620
vt 0.32450 -0.29130
vt 0.32280 -0.28110
vt 0.33020 -0.30040
vt 0.33260 -0.30920
vt 0.33650 -0.31650
vt 0.33110 -0.28960
vt 0.33770 -0.28160
vt 0.33890 -0.29910
vt 0.34070 -0.30770
vt 0.34260 -0.31260
vt 0.33870 -0.29010
vt 0.34110 -0.28330
vt 0.34360 -0.30570
vt 0.34820 -0.30840
vt 0.34970 -0.29890
vt 0.34290 -0.29160
vt 0.34630 -0.28910
vt 0.34510 -0.29870
vt 0.17920 -0.37360
vt 0.17440 -0.40830
vt 0.17950 -0.34850
vt 0.17310 -0.42830
vt 0.18220 -0.41930
vt 0.18170 -0.40540
vt 0.19340 -0.40540
vt 0.19980 -0.38880
vt 0.20630 -0.40560
vt 0.20220 -0.37260
vt 0.21200 -0.39220
vt 0.21660 -0.40610
vt 0.22050 -0.39370
vt 0.21610 -0.37610
vt 0.24930 -0.39630
vt 0.24960 -0.40710
vt 0.25470 -0.40730
vt 0.20540 -0.35630
vt 0.20660 -0.34970
vt 0.21950 -0.36260
vt 0.20950 -0.33550
vt 0.22170 -0.35120
vt 0.22760 -0.36830
vt 0.22440 -0.37970
vt 0.25030 -0.38490
vt 0.25270 -0.37390
vt 0.22740 -0.36170
vt 0.23080 -0.36170
vt 0.23030 -0.36460
vt 0.23300 -0.36000
vt 0.25540 -0.36530
vt 0.26030 -0.36560
vt 0.23220 -0.35140
vt 0.26740 -0.36120
vt 0.25860 -0.37440
vt 0.26500 -0.37460
vt 0.26500 -0.36580
vt 0.25760 -0.38560
vt 0.26570 -0.38560
vt 0.29280 -0.37440
vt 0.29450 -0.36680
vt 0.29870 -0.36680
vt 0.25640 -0.39710
vt 0.26420 -0.39830
vt 0.26010 -0.40760
vt 0.29230 -0.40850
vt 0.29280 -0.39850
vt 0.29770 -0.40880
vt 0.29300 -0.38610
vt 0.29840 -0.39900
vt 0.30330 -0.40900
vt 0.29990 -0.37460
vt 0.29990 -0.38630
vt 0.30480 -0.37530
vt 0.30550 -0.36700
vt 0.30530 -0.38660
vt 0.30380 -0.39850
vt 0.31310 -0.38750
vt 0.31400 -0.37480
vt 0.31620 -0.36750
vt 0.31260 -0.40100
vt 0.31380 -0.40930
vt 0.32330 -0.40560
vt 0.32040 -0.37530
vt 0.32280 -0.36780
vt 0.32280 -0.40050
vt 0.33110 -0.40070
vt 0.32280 -0.38830
vt 0.32700 -0.37830
vt 0.33060 -0.37610
vt 0.32750 -0.39710
vt 0.33480 -0.38850
vt 0.33040 -0.38830
vt 0.21030 -0.29960
vt 0.20950 -0.31330
vt 0.21000 -0.32140
vt 0.22370 -0.30040
vt 0.22220 -0.33700
vt 0.22560 -0.32330
vt 0.23170 -0.33920
vt 0.23470 -0.32580
vt 0.26760 -0.35020
vt 0.27500 -0.36140
vt 0.26790 -0.33970
vt 0.27590 -0.34990
vt 0.26960 -0.32840
vt 0.27250 -0.32060
vt 0.27740 -0.32060
vt 0.27670 -0.32870
vt 0.27690 -0.34040
vt 0.28470 -0.32890
vt 0.28130 -0.32090
vt 0.31210 -0.32190
vt 0.28570 -0.34140
vt 0.31110 -0.33140
vt 0.31770 -0.32210
vt 0.30990 -0.34140
vt 0.31890 -0.33140
vt 0.31990 -0.34240
vt 0.32450 -0.33110
vt 0.32260 -0.32230
vt 0.31010 -0.35190
vt 0.32580 -0.34290
vt 0.33500 -0.33140
vt 0.33700 -0.32280
vt 0.28470 -0.35140
vt 0.28110 -0.36170
vt 0.31210 -0.36260
vt 0.31770 -0.36290
vt 0.32010 -0.35340
vt 0.32450 -0.36310
vt 0.32480 -0.35460
vt 0.33600 -0.35460
vt 0.33800 -0.36360
vt 0.33550 -0.34330
vt 0.34330 -0.35380
vt 0.34900 -0.35820
vt 0.34190 -0.33140
vt 0.34770 -0.32530
vt 0.34800 -0.35160
vt 0.35310 -0.35240
vt 0.34310 -0.34310
vt 0.34800 -0.33460
vt 0.35290 -0.33190
vt 0.35650 -0.34160
vt 0.35020 -0.34290
vt 0.20950 -0.18020
vt 0.21980 -0.18320
vt 0.21950 -0.16800
vt 0.24200 -0.18580
vt 0.21660 -0.16170
vt 0.21980 -0.16260
vt 0.24300 -0.17390
vt 0.24810 -0.16360
vt 0.25250 -0.17510
vt 0.25320 -0.16390
vt 0.25540 -0.16390
vt 0.21860 -0.14990
vt 0.21930 -0.15750
vt 0.21660 -0.13800
vt 0.24440 -0.13770
vt 0.24570 -0.14900
vt 0.24880 -0.15850
vt 0.25740 -0.14870
vt 0.25420 -0.15870
vt 0.25810 -0.13920
vt 0.25860 -0.15870
vt 0.24590 -0.12770
vt 0.24840 -0.11890
vt 0.25890 -0.12770
vt 0.25540 -0.11920
vt 0.26130 -0.11920
vt 0.26980 -0.12870
vt 0.29670 -0.12040
vt 0.27060 -0.13990
vt 0.29110 -0.12920
vt 0.29870 -0.12990
vt 0.30230 -0.12060
vt 0.30670 -0.12090
vt 0.30380 -0.13060
vt 0.32140 -0.12140
vt 0.29570 -0.14160
vt 0.28910 -0.14140
vt 0.26790 -0.14950
vt 0.29110 -0.15190
vt 0.30010 -0.16020
vt 0.29790 -0.15310
vt 0.30280 -0.16040
vt 0.30480 -0.16040
vt 0.30350 -0.15210
vt 0.32090 -0.16090
vt 0.30160 -0.14240
vt 0.31840 -0.15160
vt 0.33210 -0.15850
vt 0.31890 -0.14260
vt 0.31990 -0.13210
vt 0.33020 -0.15160
vt 0.32890 -0.14290
vt 0.33140 -0.13330
vt 0.33580 -0.12650
vt 0.33770 -0.13550
vt 0.34360 -0.13110
vt 0.34580 -0.14480
vt 0.33770 -0.14330
vt 0.33630 -0.15240
vt 0.34140 -0.15650
vt 0.24200 -0.19850
vt 0.24620 -0.20660
vt 0.25230 -0.18710
vt 0.25130 -0.19900
vt 0.25130 -0.20680
vt 0.25400 -0.20680
vt 0.25890 -0.19900
vt 0.28230 -0.19680
vt 0.28790 -0.20810
vt 0.26200 -0.18800
vt 0.26200 -0.17730
vt 0.28180 -0.18780
vt 0.28400 -0.17680
vt 0.28960 -0.16510
vt 0.28910 -0.18800
vt 0.28990 -0.17630
vt 0.29330 -0.16510
vt 0.29740 -0.16530
vt 0.28940 -0.19680
vt 0.29210 -0.20830
vt 0.29570 -0.20830
vt 0.29350 -0.19680
vt 0.30940 -0.20880
vt 0.29230 -0.18730
vt 0.29260 -0.17630
vt 0.30790 -0.16560
vt 0.30840 -0.17800
vt 0.31550 -0.16580
vt 0.30820 -0.19680
vt 0.31580 -0.20900
vt 0.30820 -0.18660
vt 0.31870 -0.17630
vt 0.32800 -0.17050
vt 0.31750 -0.19580
vt 0.33240 -0.20440
vt 0.31820 -0.18530
vt 0.32580 -0.19440
vt 0.33820 -0.18660
vt 0.32280 -0.17680
vt 0.32770 -0.18510
vt 0.88690 -0.74510
vt 0.87550 -0.72310
vt 0.88990 -0.72110
vt 0.87790 -0.74360
vt 0.86370 -0.73940
vt 0.86200 -0.77630
vt 0.87840 -0.69960
vt 0.89450 -0.74770
vt 0.90260 -0.77220
vt 0.89890 -0.71990
vt 0.90530 -0.74730
vt 0.89160 -0.70180
vt 0.90400 -0.71890
vt 0.90500 -0.70430
vt 0.91580 -0.71820
vt 0.89500 -0.68910
vt 0.90480 -0.69160
vt 0.91600 -0.69790
vt 0.90060 -0.67550
vt 0.87740 -0.68380
vt 0.86200 -0.68330
vt 0.91720 -0.66640
vt 0.86060 -0.70820
vt 0.86200 -0.72750
vt 0.84440 -0.70940
vt 0.84660 -0.73020
vt 0.84760 -0.74330
vt 0.81560 -0.71750
vt 0.83440 -0.68740
vt 0.83250 -0.66470
vt 0.81590 -0.73800
vt 0.80590 -0.68550
vt 0.86180 -0.66500
vt 0.80270 -0.66400
vt 0.83250 -0.64200
vt 0.88160 -0.66640
vt 0.90500 -0.64540
vt 0.88740 -0.64370
vt 0.86230 -0.63710
vt 0.90790 -0.62910
vt 0.89180 -0.62470
vt 0.83440 -0.62030
vt 0.86840 -0.61290
vt 0.89450 -0.60810
vt 0.90990 -0.61050
vt 0.87690 -0.59610
vt 0.92450 -0.61000
vt 0.84270 -0.59190
vt 0.90700 -0.59780
vt 0.81030 -0.59320
vt 0.89720 -0.59540
vt 0.92090 -0.59880
vt 0.89740 -0.58100
vt 0.91430 -0.58000
vt 0.92500 -0.58070
vt 0.93240 -0.58140
vt 0.88960 -0.58830
vt 0.88130 -0.56970
vt 0.93190 -0.60050
vt 0.94900 -0.58630
vt 0.93750 -0.61000
vt 0.96120 -0.59020
vt 0.87370 -0.57700
vt 0.86420 -0.55850
vt 0.85640 -0.57610
vt 0.83350 -0.55560
vt 0.82200 -0.57290
vt 0.80240 -0.55630
vt 0.78780 -0.56800
vt 0.77780 -0.55070
vt 0.76970 -0.56460
vt 0.76040 -0.54600
vt 0.74970 -0.56070
vt 0.77800 -0.59390
vt 0.75730 -0.59190
vt 0.73800 -0.58340
vt 0.80320 -0.61780
vt 0.73530 -0.61420
vt 0.80170 -0.64130
vt 0.77340 -0.61810
vt 0.72530 -0.59000
vt 0.75780 -0.61830
vt 0.77220 -0.64220
vt 0.77460 -0.66200
vt 0.75160 -0.64100
vt 0.73360 -0.63350
vt 0.78050 -0.68330
vt 0.74580 -0.66060
vt 0.75210 -0.68060
vt 0.78750 -0.70530
vt 0.73460 -0.65910
vt 0.73750 -0.67810
vt 0.71580 -0.65300
vt 0.73700 -0.70040
vt 0.72090 -0.62950
vt 0.71600 -0.62520
vt 0.72600 -0.61070
vt 0.71750 -0.60510
vt 0.71450 -0.59460
vt 0.75260 -0.70260
vt 0.73720 -0.71600
vt 0.76040 -0.70180
vt 0.75530 -0.71820
vt 0.73870 -0.73040
vt 0.77730 -0.72160
vt 0.79190 -0.72410
vt 0.75160 -0.73240
vt 0.73800 -0.74700
vt 0.76580 -0.73460
vt 0.78020 -0.73890
vt 0.79780 -0.74330
vt 0.77950 -0.75410
vt 0.76430 -0.75780
vt 0.75410 -0.76090
vt 0.73630 -0.76680
vt 0.81680 -0.74820
vt 0.79830 -0.76140
vt 0.75290 -0.77920
vt 0.73550 -0.78630
vt 0.76090 -0.77310
vt 0.74730 -0.79760
vt 0.75630 -0.79980
vt 0.73550 -0.80490
vt 0.77290 -0.77850
vt 0.76920 -0.80220
vt 0.79150 -0.78270
vt 0.78560 -0.80420
vt 0.77020 -0.82030
vt 0.75360 -0.82250
vt 0.79100 -0.81900
vt 0.74550 -0.82470
vt 0.77240 -0.83760
vt 0.75260 -0.84400
vt 0.73210 -0.82490
vt 0.72530 -0.82150
vt 0.74160 -0.84570
vt 0.73140 -0.84400
vt 0.72430 -0.84520
vt 0.73040 -0.86690
vt 0.72480 -0.86670
vt 0.75480 -0.86370
vt 0.74240 -0.86520
vt 0.72940 -0.88230
vt 0.72040 -0.88380
vt 0.77880 -0.85400
vt 0.74750 -0.88180
vt 0.73280 -0.89820
vt 0.72650 -0.90040
vt 0.73430 -0.91990
vt 0.76410 -0.87910
vt 0.75360 -0.89820
vt 0.74040 -0.91870
vt 0.73800 -0.93480
vt 0.74460 -0.93380
vt 0.74110 -0.95460
vt 0.76700 -0.92380
vt 0.76390 -0.91430
vt 0.77830 -0.89350
vt 0.78750 -0.90960
vt 0.79220 -0.91890
vt 0.78880 -0.86840
vt 0.80510 -0.88640
vt 0.81390 -0.90350
vt 0.81980 -0.91550
vt 0.85270 -0.90650
vt 0.84930 -0.91670
vt 0.85840 -0.92920
vt 0.87180 -0.91790
vt 0.82590 -0.87690
vt 0.88300 -0.89110
vt 0.89230 -0.90450
vt 0.91140 -0.88350
vt 0.85690 -0.89380
vt 0.90450 -0.86110
vt 0.81340 -0.85840
vt 0.84470 -0.86670
vt 0.87420 -0.86890
vt 0.83520 -0.84740
vt 0.86760 -0.85180
vt 0.89940 -0.84620
vt 0.93060 -0.86570
vt 0.93110 -0.85050
vt 0.91820 -0.82710
vt 0.89040 -0.83350
vt 0.86060 -0.83440
vt 0.94750 -0.84570
vt 0.85270 -0.82200
vt 0.96090 -0.85250
vt 0.94900 -0.86400
vt 0.96610 -0.86400
vt 0.97510 -0.85270
vt 0.96070 -0.84200
vt 0.97680 -0.84400
vt 0.94160 -0.82490
vt 0.96120 -0.83520
vt 0.97660 -0.83930
vt 0.96680 -0.82610
vt 0.98270 -0.82690
vt 0.94750 -0.82050
vt 0.93920 -0.81030
vt 0.97220 -0.82030
vt 0.98780 -0.81980
vt 0.95340 -0.81640
vt 0.95970 -0.81120
vt 0.97800 -0.81290
vt 0.99440 -0.80560
vt 0.97680 -0.80070
vt 0.96610 -0.80540
vt 0.96560 -0.79290
vt 0.95290 -0.80220
vt 0.95780 -0.79780
vt 0.96000 -0.78680
vt 0.94430 -0.80730
vt 0.94700 -0.79560
vt 0.95290 -0.79070
vt 0.93850 -0.79830
vt 0.94110 -0.78850
vt 0.94510 -0.78270
vt 0.95410 -0.77510
vt 0.94190 -0.76000
vt 0.95510 -0.75580
vt 0.93600 -0.77310
vt 0.93040 -0.77660
vt 0.94800 -0.73410
vt 0.96020 -0.73630
vt 0.96460 -0.71920
vt 0.93430 -0.76240
vt 0.93380 -0.73530
vt 0.92630 -0.76390
vt 0.92450 -0.74700
vt 0.91790 -0.76610
vt 0.92550 -0.78530
vt 0.92630 -0.80150
vt 0.91550 -0.78630
vt 0.92870 -0.81440
vt 0.91670 -0.80000
vt 0.91010 -0.81640
vt 0.91160 -0.80270
vt 0.88300 -0.81810
vt 0.89500 -0.80120
vt 0.90380 -0.78970
vt 0.87470 -0.80510
vt 0.88860 -0.78170
vt 0.91180 -0.76870
vt 0.86740 -0.78460
vt 0.91500 -0.74730
vt 0.92550 -0.71870
vt 0.92840 -0.69840
vt 0.93700 -0.71770
vt 0.95120 -0.71750
vt 0.94430 -0.69720
vt 0.93110 -0.67030
vt 0.95730 -0.69870
vt 0.96870 -0.70090
vt 0.97260 -0.67840
vt 0.94920 -0.67080
vt 0.96410 -0.67350
vt 0.97610 -0.65200
vt 0.96210 -0.65150
vt 0.95070 -0.65080
vt 0.96510 -0.62910
vt 0.97800 -0.63150
vt 0.98100 -0.61810
vt 0.93480 -0.64660
vt 0.95140 -0.63540
vt 0.96210 -0.61270
vt 0.97730 -0.59580
vt 0.94820 -0.61830
vt 0.93090 -0.63220
vt 0.91870 -0.63640
vt 0.91840 -0.64840
vt 0.81070 -0.79900
vt 0.82300 -0.79000
vt 0.83080 -0.79020
vt 0.81070 -0.78410
vt 0.81660 -0.76260
vt 0.83790 -0.76360
vt 0.84910 -0.76700
vt 0.83830 -0.80170
vt 0.81560 -0.81590
vt 0.84520 -0.80880
vt 0.82080 -0.82520
vt 0.82930 -0.83490
vt 0.79660 -0.83270
vt 0.80440 -0.84440
vt 0.64370 -0.01730
vt 0.65790 -0.03220
vt 0.63880 -0.02710
vt 0.63080 -0.02440
vt 0.63300 -0.01270
vt 0.65840 -0.02100
vt 0.67960 -0.02100
vt 0.63170 -0.04100
vt 0.62740 -0.03760
vt 0.65760 -0.04370
vt 0.68030 -0.03200
vt 0.70890 -0.02690
vt 0.61070 -0.05620
vt 0.60810 -0.05370
vt 0.59780 -0.06960
vt 0.59460 -0.06670
vt 0.63570 -0.06640
vt 0.61930 -0.07500
vt 0.60610 -0.08470
vt 0.62320 -0.11360
vt 0.61420 -0.12280
vt 0.64080 -0.09870
vt 0.65740 -0.05760
vt 0.63050 -0.14800
vt 0.61950 -0.15650
vt 0.63930 -0.14240
vt 0.66150 -0.08670
vt 0.64050 -0.18290
vt 0.67030 -0.11790
vt 0.62740 -0.18750
vt 0.66280 -0.16210
vt 0.67720 -0.15020
vt 0.65620 -0.20930
vt 0.63590 -0.21220
vt 0.64270 -0.22760
vt 0.69960 -0.14410
vt 0.66470 -0.21900
vt 0.65710 -0.24200
vt 0.66250 -0.19900
vt 0.68300 -0.21320
vt 0.67160 -0.18850
vt 0.68060 -0.20370
vt 0.68450 -0.18220
vt 0.69080 -0.20220
vt 0.69840 -0.17830
vt 0.69910 -0.20070
vt 0.69260 -0.21320
vt 0.68300 -0.21810
vt 0.70210 -0.21420
vt 0.67570 -0.23490
vt 0.66300 -0.25490
vt 0.69570 -0.22340
vt 0.68380 -0.23080
vt 0.68380 -0.24590
vt 0.69350 -0.23390
vt 0.66810 -0.26690
vt 0.70530 -0.23660
vt 0.70670 -0.22640
vt 0.72190 -0.21220
vt 0.70720 -0.25710
vt 0.69550 -0.27860
vt 0.67330 -0.28010
vt 0.70700 -0.27550
vt 0.72500 -0.27060
vt 0.72380 -0.25450
vt 0.74950 -0.26450
vt 0.72190 -0.23910
vt 0.74410 -0.24880
vt 0.72140 -0.22590
vt 0.74140 -0.23570
vt 0.74020 -0.22300
vt 0.76920 -0.25200
vt 0.77000 -0.26010
vt 0.76120 -0.23080
vt 0.78750 -0.25540
vt 0.76510 -0.24440
vt 0.78460 -0.24250
vt 0.77290 -0.23830
vt 0.76950 -0.23370
vt 0.78460 -0.23350
vt 0.79880 -0.24440
vt 0.80490 -0.24930
vt 0.79800 -0.23490
vt 0.82050 -0.23640
vt 0.82490 -0.24030
vt 0.84440 -0.23250
vt 0.77170 -0.22780
vt 0.79800 -0.22470
vt 0.84490 -0.22690
vt 0.85620 -0.23590
vt 0.82000 -0.22910
vt 0.85860 -0.23100
vt 0.86110 -0.24200
vt 0.84840 -0.21540
vt 0.82030 -0.21440
vt 0.86620 -0.23830
vt 0.87030 -0.25270
vt 0.86400 -0.21980
vt 0.87400 -0.22760
vt 0.87550 -0.24980
vt 0.87400 -0.26890
vt 0.88690 -0.26640
vt 0.88570 -0.24300
vt 0.89430 -0.25930
vt 0.90180 -0.25620
vt 0.89210 -0.23760
vt 0.91310 -0.24880
vt 0.87990 -0.22340
vt 0.86860 -0.21640
vt 0.88940 -0.21610
vt 0.90060 -0.23200
vt 0.91530 -0.23830
vt 0.91160 -0.22560
vt 0.92380 -0.22030
vt 0.87470 -0.20980
vt 0.92480 -0.19680
vt 0.93700 -0.19630
vt 0.89790 -0.20610
vt 0.88300 -0.20000
vt 0.93480 -0.16680
vt 0.95680 -0.17170
vt 0.91060 -0.18930
vt 0.89520 -0.18320
vt 0.91090 -0.16290
vt 0.95410 -0.13890
vt 0.97830 -0.14090
vt 0.92580 -0.13630
vt 0.96480 -0.12160
vt 0.98710 -0.12700
vt 0.93580 -0.11330
vt 0.97340 -0.11820
vt 0.97730 -0.11600
vt 0.98970 -0.12410
vt 0.96800 -0.08790
vt 0.97530 -0.08720
vt 0.95920 -0.08470
vt 0.96850 -0.06080
vt 0.97580 -0.06010
vt 0.96900 -0.03490
vt 0.97730 -0.03540
vt 0.97660 -0.01120
vt 0.95580 -0.01290
vt 0.95900 -0.05790
vt 0.96090 -0.03350
vt 0.93770 -0.03350
vt 0.93480 -0.01170
vt 0.94020 -0.05450
vt 0.93940 -0.08060
vt 0.91140 -0.05490
vt 0.91140 -0.03220
vt 0.90600 -0.01340
vt 0.87670 -0.03200
vt 0.87570 -0.01730
vt 0.88230 -0.05250
vt 0.90840 -0.08130
vt 0.88180 -0.07330
vt 0.90310 -0.10550
vt 0.88400 -0.09940
vt 0.89670 -0.13020
vt 0.88470 -0.15160
vt 0.87420 -0.12380
vt 0.87200 -0.17700
vt 0.87030 -0.14600
vt 0.85810 -0.19320
vt 0.85450 -0.16260
vt 0.85860 -0.14290
vt 0.85930 -0.12380
vt 0.85470 -0.20270
vt 0.83100 -0.18830
vt 0.85150 -0.21000
vt 0.83810 -0.16340
vt 0.82320 -0.19800
vt 0.81150 -0.18100
vt 0.84640 -0.13800
vt 0.81730 -0.20540
vt 0.80340 -0.19440
vt 0.80000 -0.21510
vt 0.80170 -0.20560
vt 0.78390 -0.22470
vt 0.78240 -0.21470
vt 0.77000 -0.21560
vt 0.78170 -0.20760
vt 0.78100 -0.19800
vt 0.76800 -0.20980
vt 0.75850 -0.21710
vt 0.75900 -0.21030
vt 0.74970 -0.20810
vt 0.76630 -0.20150
vt 0.76430 -0.19410
vt 0.77900 -0.18930
vt 0.71920 -0.19390
vt 0.74850 -0.19190
vt 0.74920 -0.18340
vt 0.71890 -0.17950
vt 0.76410 -0.17780
vt 0.74750 -0.13890
vt 0.71970 -0.14140
vt 0.78220 -0.17530
vt 0.77020 -0.13990
vt 0.74260 -0.10620
vt 0.71620 -0.10720
vt 0.80680 -0.16900
vt 0.78560 -0.13970
vt 0.82780 -0.15530
vt 0.79950 -0.13940
vt 0.81810 -0.13480
vt 0.84540 -0.12090
vt 0.81420 -0.11040
vt 0.83930 -0.10110
vt 0.85760 -0.09400
vt 0.85640 -0.07200
vt 0.83610 -0.08210
vt 0.81490 -0.08990
vt 0.79980 -0.10180
vt 0.85350 -0.05420
vt 0.83170 -0.06300
vt 0.81100 -0.06890
vt 0.79540 -0.08960
vt 0.79100 -0.10770
vt 0.77610 -0.10330
vt 0.77360 -0.07770
vt 0.79270 -0.07250
vt 0.74310 -0.07370
vt 0.80560 -0.05540
vt 0.78800 -0.05860
vt 0.82660 -0.04930
vt 0.80200 -0.04350
vt 0.84790 -0.04100
vt 0.82220 -0.03790
vt 0.86030 -0.02710
vt 0.85420 -0.01950
vt 0.83050 -0.02270
vt 0.79930 -0.02710
vt 0.78410 -0.04590
vt 0.77970 -0.02810
vt 0.77020 -0.06030
vt 0.76750 -0.04590
vt 0.76290 -0.02760
vt 0.74550 -0.03130
vt 0.74110 -0.04930
vt 0.71040 -0.04000
vt 0.70990 -0.04440
vt 0.68420 -0.04300
vt 0.68550 -0.04810
vt 0.71330 -0.07280
vt 0.68820 -0.07770
vt 0.69300 -0.11040
vt 0.38460 -0.21610
vt 0.38950 -0.23470
vt 0.37290 -0.22340
vt 0.36170 -0.23300
vt 0.40170 -0.21710
vt 0.39190 -0.19290
vt 0.38050 -0.25030
vt 0.35040 -0.24540
vt 0.37750 -0.26080
vt 0.40370 -0.26030
vt 0.40590 -0.24250
vt 0.40780 -0.25840
vt 0.39240 -0.28380
vt 0.40560 -0.28570
vt 0.39190 -0.29330
vt 0.41440 -0.25890
vt 0.40560 -0.29300
vt 0.39780 -0.31400
vt 0.42080 -0.28230
vt 0.41000 -0.31010
vt 0.40780 -0.33110
vt 0.42000 -0.29060
vt 0.41610 -0.32430
vt 0.41780 -0.33990
vt 0.42080 -0.30670
vt 0.43540 -0.28110
vt 0.43490 -0.28940
vt 0.42300 -0.32970
vt 0.43300 -0.34530
vt 0.42440 -0.32140
vt 0.43390 -0.30430
vt 0.43470 -0.33280
vt 0.43470 -0.31890
vt 0.45180 -0.33410
vt 0.45400 -0.34580
vt 0.45250 -0.31990
vt 0.46400 -0.33040
vt 0.46960 -0.33990
vt 0.48470 -0.32450
vt 0.45690 -0.29060
vt 0.45590 -0.30600
vt 0.46080 -0.31940
vt 0.46670 -0.30990
vt 0.47550 -0.31700
vt 0.48230 -0.29960
vt 0.47160 -0.29500
vt 0.49520 -0.30480
vt 0.45740 -0.28230
vt 0.47400 -0.28770
vt 0.48500 -0.29180
vt 0.49770 -0.29500
vt 0.47550 -0.25960
vt 0.45690 -0.25710
vt 0.48520 -0.26250
vt 0.49450 -0.26640
vt 0.43790 -0.25570
vt 0.45930 -0.23440
vt 0.48180 -0.23690
vt 0.50570 -0.24620
vt 0.52110 -0.25910
vt 0.42540 -0.25670
vt 0.43880 -0.23440
vt 0.42340 -0.23710
vt 0.43910 -0.21680
vt 0.42170 -0.21760
vt 0.46180 -0.21470
vt 0.41030 -0.18930
vt 0.37970 -0.17170
vt 0.42660 -0.18560
vt 0.40150 -0.16170
vt 0.36240 -0.14290
vt 0.48210 -0.21390
vt 0.46450 -0.20220
vt 0.44080 -0.18290
vt 0.41900 -0.15600
vt 0.38630 -0.12770
vt 0.34990 -0.11110
vt 0.37190 -0.09940
vt 0.34360 -0.08130
vt 0.40710 -0.11890
vt 0.43370 -0.15090
vt 0.45810 -0.17680
vt 0.42370 -0.11180
vt 0.48080 -0.19630
vt 0.45030 -0.14240
vt 0.47890 -0.16780
vt 0.50160 -0.18850
vt 0.47060 -0.13060
vt 0.50010 -0.15800
vt 0.50790 -0.21170
vt 0.49910 -0.23130
vt 0.52650 -0.24790
vt 0.54240 -0.25890
vt 0.51620 -0.22830
vt 0.53630 -0.23830
vt 0.55780 -0.25810
vt 0.52500 -0.21030
vt 0.53210 -0.22610
vt 0.54970 -0.22660
vt 0.57000 -0.25670
vt 0.54210 -0.20830
vt 0.52430 -0.17950
vt 0.55870 -0.22200
vt 0.58340 -0.25050
vt 0.54210 -0.17390
vt 0.55340 -0.20660
vt 0.57020 -0.21880
vt 0.56390 -0.20340
vt 0.58390 -0.21860
vt 0.59710 -0.24270
vt 0.60270 -0.21730
vt 0.61100 -0.23200
vt 0.59660 -0.20320
vt 0.58140 -0.21270
vt 0.57530 -0.19760
vt 0.59020 -0.18660
vt 0.55460 -0.16830
vt 0.56530 -0.16290
vt 0.57830 -0.15600
vt 0.56020 -0.12890
vt 0.57630 -0.12550
vt 0.54920 -0.13360
vt 0.53550 -0.13990
vt 0.51720 -0.14990
vt 0.56290 -0.09260
vt 0.58070 -0.08820
vt 0.55020 -0.09620
vt 0.49160 -0.11920
vt 0.53380 -0.10230
vt 0.51230 -0.11060
vt 0.50920 -0.08330
vt 0.53140 -0.07520
vt 0.48890 -0.09080
vt 0.47200 -0.09670
vt 0.50350 -0.05740
vt 0.54850 -0.06720
vt 0.48160 -0.06420
vt 0.52410 -0.04980
vt 0.55870 -0.06150
vt 0.57730 -0.05180
vt 0.49670 -0.02980
vt 0.47470 -0.03540
vt 0.51920 -0.02270
vt 0.46450 -0.06810
vt 0.45760 -0.03860
vt 0.54140 -0.03980
vt 0.53600 -0.01760
vt 0.55260 -0.03270
vt 0.54700 -0.01390
vt 0.56680 -0.02170
vt 0.56170 -0.00880
vt 0.44910 -0.07160
vt 0.44180 -0.04150
vt 0.45860 -0.10130
vt 0.44180 -0.10620
vt 0.43220 -0.07620
vt 0.42340 -0.04540
vt 0.41440 -0.08110
vt 0.40370 -0.05130
vt 0.38930 -0.05670
vt 0.39680 -0.08690
vt 0.38020 -0.06010
vt 0.36140 -0.07110
vt 0.35870 -0.06420
vt 0.34160 -0.06790
vt 0.39880 -0.55190
vt 0.39000 -0.56020
vt 0.39390 -0.54410
vt 0.39580 -0.54240
vt 0.40150 -0.55120
vt 0.38170 -0.53360
vt 0.40200 -0.56390
vt 0.39850 -0.56360
vt 0.39580 -0.57970
vt 0.38000 -0.53550
vt 0.39320 -0.57750
vt 0.38510 -0.58750
vt 0.36480 -0.52500
vt 0.38580 -0.57480
vt 0.38390 -0.58510
vt 0.36700 -0.59000
vt 0.37240 -0.55290
vt 0.36700 -0.57560
vt 0.36680 -0.58710
vt 0.34730 -0.58800
vt 0.35730 -0.54850
vt 0.34750 -0.58530
vt 0.34990 -0.57290
vt 0.33850 -0.58340
vt 0.33770 -0.58610
vt 0.36390 -0.52720
vt 0.34900 -0.54530
vt 0.35560 -0.52450
vt 0.35600 -0.52210
vt 0.33060 -0.52190
vt 0.33060 -0.51870
vt 0.34110 -0.57090
vt 0.32410 -0.53970
vt 0.30790 -0.51700
vt 0.30650 -0.51210
vt 0.29870 -0.51720
vt 0.30110 -0.53060
vt 0.27990 -0.49470
vt 0.31650 -0.56040
vt 0.31210 -0.57170
vt 0.31060 -0.57480
vt 0.28570 -0.56000
vt 0.28080 -0.56290
vt 0.29180 -0.55040
vt 0.28130 -0.55360
vt 0.25470 -0.55460
vt 0.28640 -0.54600
vt 0.25930 -0.54430
vt 0.23980 -0.54020
vt 0.26540 -0.53410
vt 0.29470 -0.52870
vt 0.24910 -0.53430
vt 0.23610 -0.52330
vt 0.27280 -0.51840
vt 0.24710 -0.52410
vt 0.27690 -0.50530
vt 0.25930 -0.49430
vt 0.26200 -0.50530
vt 0.24270 -0.50500
vt 0.25150 -0.51310
vt 0.26010 -0.51380
vt 0.25400 -0.52700
vt 0.14870 -0.54510
vt 0.16210 -0.53060
vt 0.16170 -0.54510
vt 0.14870 -0.54700
vt 0.13240 -0.54700
vt 0.16170 -0.54700
vt 0.13240 -0.54510
vt 0.11010 -0.54700
vt 0.17000 -0.54510
vt 0.17020 -0.54700
vt 0.17730 -0.54510
vt 0.17730 -0.53210
vt 0.17220 -0.53110
vt 0.17730 -0.51770
vt 0.17460 -0.51720
vt 0.17730 -0.50280
vt 0.16290 -0.51650
vt 0.16340 -0.50280
vt 0.14990 -0.50280
vt 0.14970 -0.51670
vt 0.13190 -0.50280
vt 0.14900 -0.53090
vt 0.13210 -0.51670
vt 0.11140 -0.50280
vt 0.13210 -0.53060
vt 0.11110 -0.51700
vt 0.09890 -0.51700
vt 0.11060 -0.53090
vt 0.09870 -0.50280
vt 0.11010 -0.54510
vt 0.09910 -0.54700
vt 0.09910 -0.53090
vt 0.09890 -0.54510
vt 0.08670 -0.53090
vt 0.08620 -0.51670
vt 0.08570 -0.50280
vt 0.07500 -0.50280
vt 0.08670 -0.54510
vt 0.08670 -0.54700
vt 0.07470 -0.51670
vt 0.06180 -0.50280
vt 0.07470 -0.53090
vt 0.07450 -0.54510
vt 0.07450 -0.54700
vt 0.05910 -0.54700
vt 0.06080 -0.51700
vt 0.04520 -0.50280
vt 0.06010 -0.53110
vt 0.05910 -0.54510
vt 0.04520 -0.51670
vt 0.03100 -0.50280
vt 0.04520 -0.53110
vt 0.04520 -0.54510
vt 0.04520 -0.54700
vt 0.03080 -0.54700
vt 0.03100 -0.51720
vt 0.03080 -0.54510
vt 0.02420 -0.54700
vt 0.03080 -0.53110
vt 0.02420 -0.54510
vt 0.01320 -0.54510
vt 0.01120 -0.54700
vt 0.01120 -0.53110
vt 0.02370 -0.53140
vt 0.01320 -0.53040
vt 0.01120 -0.51600
vt 0.02370 -0.51720
vt 0.02370 -0.50280
vt 0.01320 -0.51650
vt 0.02690 -0.50090
vt 0.02370 -0.50090
vt 0.01320 -0.50280
vt 0.01120 -0.50090
vt 0.97610 -0.95260
vt 0.99050 -0.94140
vt 0.99050 -0.95260
vt 0.97460 -0.94140
vt 0.97630 -0.95750
vt 0.99050 -0.95750
vt 0.96170 -0.95750
vt 0.96120 -0.95310
vt 0.94630 -0.95750
vt 0.96020 -0.94140
vt 0.94630 -0.95360
vt 0.94630 -0.94140
vt 0.90380 -0.29620
vt 0.91010 -0.32010
vt 0.88990 -0.31840
vt 0.89010 -0.28770
vt 0.90380 -0.29080
vt 0.91330 -0.29820
vt 0.91550 -0.29260
vt 0.92800 -0.29230
vt 0.89040 -0.29300
vt 0.87520 -0.28890
vt 0.87720 -0.28380
vt 0.85710 -0.27720
vt 0.92820 -0.31040
vt 0.94110 -0.30670
vt 0.93990 -0.29130
vt 0.95920 -0.28990
vt 0.96240 -0.30380
vt 0.96730 -0.28910
vt 0.97880 -0.29820
vt 0.97310 -0.28840
vt 0.98120 -0.30990
vt 0.96360 -0.31480
vt 0.98340 -0.33330
vt 0.95120 -0.31750
vt 0.96360 -0.33410
vt 0.96390 -0.34990
vt 0.98390 -0.35020
vt 0.95290 -0.33530
vt 0.93720 -0.31970
vt 0.95260 -0.35040
vt 0.93720 -0.33770
vt 0.92600 -0.31970
vt 0.92330 -0.33870
vt 0.93680 -0.35210
vt 0.95260 -0.36340
vt 0.92160 -0.35360
vt 0.90820 -0.33770
vt 0.93650 -0.36460
vt 0.90500 -0.35410
vt 0.92040 -0.36680
vt 0.93650 -0.39120
vt 0.88960 -0.33580
vt 0.96430 -0.36310
vt 0.98410 -0.36390
vt 0.95360 -0.39100
vt 0.96580 -0.39220
vt 0.98530 -0.39270
vt 0.98170 -0.40290
vt 0.95340 -0.40220
vt 0.96680 -0.40220
vt 0.96780 -0.41100
vt 0.98120 -0.40950
vt 0.98100 -0.42150
vt 0.95380 -0.41250
vt 0.96700 -0.42200
vt 0.96780 -0.43150
vt 0.95340 -0.42340
vt 0.98240 -0.43570
vt 0.93480 -0.41270
vt 0.96630 -0.46060
vt 0.98270 -0.45980
vt 0.95380 -0.43320
vt 0.96480 -0.49260
vt 0.98390 -0.49690
vt 0.95240 -0.45980
vt 0.93410 -0.43370
vt 0.96610 -0.51750
vt 0.98050 -0.51820
vt 0.98190 -0.53820
vt 0.93380 -0.42390
vt 0.93310 -0.45860
vt 0.96780 -0.54260
vt 0.98220 -0.55040
vt 0.96920 -0.55560
vt 0.95260 -0.54360
vt 0.95090 -0.55850
vt 0.92750 -0.55650
vt 0.95120 -0.51700
vt 0.92840 -0.53890
vt 0.90790 -0.53770
vt 0.90380 -0.55580
vt 0.93140 -0.51600
vt 0.95020 -0.49180
vt 0.91180 -0.51210
vt 0.89080 -0.53530
vt 0.88960 -0.55360
vt 0.87370 -0.54950
vt 0.93160 -0.49010
vt 0.91500 -0.48640
vt 0.89280 -0.50620
vt 0.87590 -0.53020
vt 0.86200 -0.54260
vt 0.86670 -0.52750
vt 0.85180 -0.53650
vt 0.88080 -0.50230
vt 0.89820 -0.48080
vt 0.85640 -0.52280
vt 0.84050 -0.53040
vt 0.86500 -0.49840
vt 0.84590 -0.51750
vt 0.83080 -0.50920
vt 0.82390 -0.52060
vt 0.84960 -0.49520
vt 0.88500 -0.47720
vt 0.86670 -0.47590
vt 0.81320 -0.50330
vt 0.80830 -0.51380
vt 0.83420 -0.49450
vt 0.85050 -0.47740
vt 0.79440 -0.50110
vt 0.79240 -0.51110
vt 0.81610 -0.49110
vt 0.79660 -0.48860
vt 0.77750 -0.50430
vt 0.77680 -0.51480
vt 0.77950 -0.48790
vt 0.83440 -0.47840
vt 0.76290 -0.51330
vt 0.76290 -0.52550
vt 0.74580 -0.51990
vt 0.74530 -0.53210
vt 0.74600 -0.49960
vt 0.76360 -0.49280
vt 0.75410 -0.47940
vt 0.76630 -0.47450
vt 0.76020 -0.44150
vt 0.78170 -0.47450
vt 0.77310 -0.44130
vt 0.76480 -0.41540
vt 0.80000 -0.47590
vt 0.78780 -0.44400
vt 0.77830 -0.41880
vt 0.76830 -0.39830
vt 0.81880 -0.47670
vt 0.80420 -0.44710
vt 0.79800 -0.41220
vt 0.77850 -0.39780
vt 0.77120 -0.38270
vt 0.82440 -0.44860
vt 0.81440 -0.41490
vt 0.80200 -0.40050
vt 0.78780 -0.38560
vt 0.77360 -0.37260
vt 0.84080 -0.44710
vt 0.82880 -0.41950
vt 0.85590 -0.44540
vt 0.84710 -0.42150
vt 0.83220 -0.40980
vt 0.81760 -0.40420
vt 0.84910 -0.41270
vt 0.86080 -0.42710
vt 0.83590 -0.39760
vt 0.82100 -0.39190
vt 0.80660 -0.38730
vt 0.79660 -0.38100
vt 0.79240 -0.36560
vt 0.78270 -0.36240
vt 0.80590 -0.38070
vt 0.80390 -0.36700
vt 0.80760 -0.34310
vt 0.79630 -0.33500
vt 0.81680 -0.37950
vt 0.81270 -0.36920
vt 0.81440 -0.33020
vt 0.82050 -0.34850
vt 0.80340 -0.32210
vt 0.82640 -0.38460
vt 0.82200 -0.31500
vt 0.81150 -0.30620
vt 0.82610 -0.33600
vt 0.83350 -0.32160
vt 0.83590 -0.34070
vt 0.82950 -0.29130
vt 0.83960 -0.30010
vt 0.82340 -0.28470
vt 0.83760 -0.27960
vt 0.83080 -0.27420
vt 0.84370 -0.27030
vt 0.83790 -0.26570
vt 0.84350 -0.28280
vt 0.85150 -0.29080
vt 0.84270 -0.32360
vt 0.85230 -0.30400
vt 0.87080 -0.29670
vt 0.87640 -0.30770
vt 0.85960 -0.32090
vt 0.87450 -0.32580
vt 0.85100 -0.34090
vt 0.87250 -0.34630
vt 0.88640 -0.35260
vt 0.87080 -0.36410
vt 0.84370 -0.35870
vt 0.88380 -0.36750
vt 0.90180 -0.36850
vt 0.88960 -0.38050
vt 0.86030 -0.37260
vt 0.90160 -0.38460
vt 0.91890 -0.39240
vt 0.89820 -0.40070
vt 0.87890 -0.39150
vt 0.93500 -0.40240
vt 0.92010 -0.40290
vt 0.91140 -0.41370
vt 0.91650 -0.42320
vt 0.91790 -0.43490
vt 0.90010 -0.42520
vt 0.89990 -0.41340
vt 0.87450 -0.40070
vt 0.91530 -0.45740
vt 0.90160 -0.44150
vt 0.89990 -0.45420
vt 0.88570 -0.45420
vt 0.89210 -0.42880
vt 0.86910 -0.44810
vt 0.88690 -0.43960
vt 0.87300 -0.43250
vt 0.88130 -0.42710
vt 0.88960 -0.41950
vt 0.86590 -0.41780
vt 0.87860 -0.41320
vt 0.86840 -0.40980
vt 0.85080 -0.40320
vt 0.85130 -0.39150
vt 0.85230 -0.37950
vt 0.83880 -0.38680
vt 0.83880 -0.37290
vt 0.83910 -0.37900
vt 0.82540 -0.37460
vt 0.82540 -0.36900
vt 0.83030 -0.35530
vt 0.43520 -0.72840
vt 0.40810 -0.72920
vt 0.42950 -0.71650
vt 0.41640 -0.71310
vt 0.42910 -0.69990
vt 0.40270 -0.72160
vt 0.38560 -0.73040
vt 0.38580 -0.72010
vt 0.38530 -0.74310
vt 0.44640 -0.70230
vt 0.43760 -0.68130
vt 0.44860 -0.72140
vt 0.45030 -0.67720
vt 0.40880 -0.74310
vt 0.40120 -0.75290
vt 0.38630 -0.75800
vt 0.41560 -0.75340
vt 0.39560 -0.76580
vt 0.38800 -0.77700
vt 0.40850 -0.76020
vt 0.40880 -0.77480
vt 0.40420 -0.79630
vt 0.39780 -0.81170
vt 0.41860 -0.77510
vt 0.41780 -0.79730
vt 0.40610 -0.81170
vt 0.40050 -0.82120
vt 0.41680 -0.80900
vt 0.43080 -0.77560
vt 0.43490 -0.79780
vt 0.41680 -0.82030
vt 0.43760 -0.80930
vt 0.41780 -0.83490
vt 0.39930 -0.83420
vt 0.43930 -0.82150
vt 0.39780 -0.84490
vt 0.45840 -0.81050
vt 0.45690 -0.79440
vt 0.44790 -0.77750
vt 0.47470 -0.77460
vt 0.44440 -0.74770
vt 0.45470 -0.75430
vt 0.47330 -0.75630
vt 0.47550 -0.71670
vt 0.48210 -0.79540
vt 0.49740 -0.75510
vt 0.50280 -0.77610
vt 0.51970 -0.75240
vt 0.49960 -0.71480
vt 0.47180 -0.67570
vt 0.49520 -0.67400
vt 0.52090 -0.67420
vt 0.46940 -0.65620
vt 0.49430 -0.65450
vt 0.44320 -0.65840
vt 0.43200 -0.65930
vt 0.43980 -0.63880
vt 0.42320 -0.64660
vt 0.46250 -0.63320
vt 0.48820 -0.63150
vt 0.51140 -0.62710
vt 0.49520 -0.59850
vt 0.51670 -0.65130
vt 0.47570 -0.60370
vt 0.48640 -0.58220
vt 0.51790 -0.63130
vt 0.52720 -0.64980
vt 0.46960 -0.58800
vt 0.48820 -0.56580
vt 0.46400 -0.57190
vt 0.44760 -0.59630
vt 0.43860 -0.57920
vt 0.45300 -0.61320
vt 0.42000 -0.60830
vt 0.40950 -0.59320
vt 0.43080 -0.62610
vt 0.41440 -0.63590
vt 0.40390 -0.62340
vt 0.39000 -0.61120
vt 0.43130 -0.88990
vt 0.43760 -0.86890
vt 0.44220 -0.88180
vt 0.44840 -0.90670
vt 0.41760 -0.88910
vt 0.46150 -0.86980
vt 0.42590 -0.90700
vt 0.45740 -0.88060
vt 0.42420 -0.92190
vt 0.46940 -0.90530
vt 0.44980 -0.92230
vt 0.48450 -0.88670
vt 0.47250 -0.92040
vt 0.49400 -0.90010
vt 0.50920 -0.88010
vt 0.48840 -0.87370
vt 0.46450 -0.85540
vt 0.51160 -0.85840
vt 0.44000 -0.85320
vt 0.48940 -0.85640
vt 0.49040 -0.83830
vt 0.51430 -0.88910
vt 0.52550 -0.87350
vt 0.51160 -0.83980
vt 0.49820 -0.91580
vt 0.46470 -0.83710
vt 0.51260 -0.82270
vt 0.49010 -0.82200
vt 0.46370 -0.82100
vt 0.43980 -0.83640
vt 0.41710 -0.85030
vt 0.41270 -0.86110
vt 0.39390 -0.85420
vt 0.40020 -0.87990
vt 0.38580 -0.87500
vt 0.39560 -0.90160
vt 0.37880 -0.90010
vt 0.40610 -0.90530
vt 0.38970 -0.92360
vt 0.36680 -0.92410
vt 0.41050 -0.92430
vt 0.35850 -0.95160
vt 0.41710 -0.94750
vt 0.40510 -0.95210
vt 0.43150 -0.94360
vt 0.42150 -0.97090
vt 0.39170 -0.96070
vt 0.45370 -0.94210
vt 0.43690 -0.96800
vt 0.47640 -0.94070
vt 0.40510 -0.97190
vt 0.45670 -0.96580
vt 0.43760 -0.99020
vt 0.42100 -0.98950
vt 0.43760 -0.99340
vt 0.42050 -0.99270
vt 0.45980 -0.98850
vt 0.46030 -0.99170
vt 0.40540 -0.98900
vt 0.40460 -0.99190
vt 0.38830 -0.98410
vt 0.38730 -0.98680
vt 0.37050 -0.97750
vt 0.36950 -0.98020
vt 0.35240 -0.97070
vt 0.35140 -0.97340
vt 0.47810 -0.98560
vt 0.47860 -0.98850
vt 0.47620 -0.96630
vt 0.49940 -0.98390
vt 0.49960 -0.98660
vt 0.51670 -0.98530
vt 0.49430 -0.94110
vt 0.49330 -0.96700
vt 0.51040 -0.94160
vt 0.51400 -0.91600
vt 0.51310 -0.96680
vt 0.52580 -0.93940
vt 0.52580 -0.89300
vt 0.51670 -0.98270
vt 0.53600 -0.96190
vt 0.53630 -0.98320
vt 0.53630 -0.98610
vt 0.56020 -0.98610
vt 0.52770 -0.91530
vt 0.56020 -0.98320
vt 0.58320 -0.98780
vt 0.56210 -0.97140
vt 0.58340 -0.98460
vt 0.60760 -0.99020
vt 0.57830 -0.97140
vt 0.60780 -0.98710
vt 0.64620 -0.99170
vt 0.54600 -0.95160
vt 0.56560 -0.95600
vt 0.54140 -0.93430
vt 0.55850 -0.93260
vt 0.58320 -0.94820
vt 0.57290 -0.93110
vt 0.56480 -0.90740
vt 0.55340 -0.90890
vt 0.54070 -0.91110
vt 0.53550 -0.90180
vt 0.54140 -0.89260
vt 0.55040 -0.88820
vt 0.53680 -0.87840
vt 0.55090 -0.87520
vt 0.54330 -0.85890
vt 0.52310 -0.85840
vt 0.52260 -0.84150
vt 0.56290 -0.88350
vt 0.56190 -0.85910
vt 0.54330 -0.84150
vt 0.52260 -0.82440
vt 0.56310 -0.86960
vt 0.57850 -0.88130
vt 0.57900 -0.86790
vt 0.57780 -0.90500
vt 0.58270 -0.92600
vt 0.59390 -0.90380
vt 0.60710 -0.88010
vt 0.59580 -0.92190
vt 0.61470 -0.90280
vt 0.62930 -0.87840
vt 0.60710 -0.86570
vt 0.60200 -0.85470
vt 0.58070 -0.85470
vt 0.63250 -0.85230
vt 0.60120 -0.84050
vt 0.56210 -0.84100
vt 0.58070 -0.84080
vt 0.56090 -0.82390
vt 0.57950 -0.82520
vt 0.60050 -0.82470
vt 0.60220 -0.81590
vt 0.54260 -0.82320
vt 0.57630 -0.81680
vt 0.54460 -0.81660
vt 0.52190 -0.81810
vt 0.56290 -0.81680
vt 0.51210 -0.81640
vt 0.52820 -0.80240
vt 0.48740 -0.81200
vt 0.51010 -0.80000
vt 0.52090 -0.77850
vt 0.53990 -0.77730
vt 0.54290 -0.79980
vt 0.55580 -0.79950
vt 0.55160 -0.77800
vt 0.52870 -0.74550
vt 0.57220 -0.80270
vt 0.56290 -0.77800
vt 0.55460 -0.74530
vt 0.59120 -0.80170
vt 0.59070 -0.77700
vt 0.56580 -0.75340
vt 0.61490 -0.79660
vt 0.58730 -0.75480
vt 0.58900 -0.71360
vt 0.56430 -0.71210
vt 0.55380 -0.71230
vt 0.61150 -0.75510
vt 0.56430 -0.67500
vt 0.61220 -0.77530
vt 0.62470 -0.77310
vt 0.61640 -0.71430
vt 0.55460 -0.67450
vt 0.59460 -0.67570
vt 0.55560 -0.65010
vt 0.56700 -0.65030
vt 0.52800 -0.67450
vt 0.52800 -0.71230
vt 0.51990 -0.71210
vt 0.54260 -0.62520
vt 0.56700 -0.63170
vt 0.57220 -0.62880
vt 0.53680 -0.61250
vt 0.52770 -0.61050
vt 0.53820 -0.59730
vt 0.54330 -0.60320
vt 0.54290 -0.61220
vt 0.54900 -0.61250
vt 0.55900 -0.61100
vt 0.54950 -0.59760
vt 0.59880 -0.65370
vt 0.60200 -0.63170
vt 0.58680 -0.59460
vt 0.61810 -0.67690
vt 0.62050 -0.65710
vt 0.63440 -0.67860
vt 0.62440 -0.63470
vt 0.60660 -0.60340
vt 0.64740 -0.64220
vt 0.62930 -0.61120
vt 0.61120 -0.58360
vt 0.59440 -0.57900
vt 0.63520 -0.59370
vt 0.61490 -0.57000
vt 0.59730 -0.56580
vt 0.64250 -0.57830
vt 0.65860 -0.62440
vt 0.66810 -0.60930
vt 0.67890 -0.59410
vt 0.68400 -0.62300
vt 0.69650 -0.61050
vt 0.67130 -0.63520
vt 0.65890 -0.65250
vt 0.63860 -0.66300
vt 0.65080 -0.66810
vt 0.64960 -0.69040
vt 0.64200 -0.70450
vt 0.66300 -0.71040
vt 0.63470 -0.71990
vt 0.65640 -0.71920
vt 0.67640 -0.73060
vt 0.68030 -0.72140
vt 0.65320 -0.72990
vt 0.62880 -0.75530
vt 0.70040 -0.73110
vt 0.70060 -0.72410
vt 0.69960 -0.74110
vt 0.67520 -0.73820
vt 0.69840 -0.75120
vt 0.65130 -0.75340
vt 0.67420 -0.75120
vt 0.69690 -0.77140
vt 0.65080 -0.77090
vt 0.67250 -0.77850
vt 0.69280 -0.80460
vt 0.65230 -0.79660
vt 0.67670 -0.80440
vt 0.68860 -0.81470
vt 0.62470 -0.79760
vt 0.67230 -0.81490
vt 0.68450 -0.82370
vt 0.65010 -0.81120
vt 0.62030 -0.81510
vt 0.62810 -0.82250
vt 0.66860 -0.82170
vt 0.64930 -0.82220
vt 0.63250 -0.83790
vt 0.66810 -0.83690
vt 0.68520 -0.83660
vt 0.64880 -0.83760
vt 0.66910 -0.84980
vt 0.68670 -0.84690
vt 0.64960 -0.85150
vt 0.64980 -0.85670
vt 0.67060 -0.85400
vt 0.69010 -0.85230
vt 0.68080 -0.86080
vt 0.69990 -0.87450
vt 0.67330 -0.86470
vt 0.68640 -0.87640
vt 0.63130 -0.86320
vt 0.64100 -0.86940
vt 0.64980 -0.86860
vt 0.64660 -0.88330
vt 0.65760 -0.87720
vt 0.67280 -0.88010
vt 0.66450 -0.89040
vt 0.63390 -0.89820
vt 0.65230 -0.89770
vt 0.67520 -0.89770
vt 0.61730 -0.92160
vt 0.66690 -0.92280
vt 0.60000 -0.93280
vt 0.64490 -0.92330
vt 0.61860 -0.93480
vt 0.59370 -0.94140
vt 0.61560 -0.94750
vt 0.61000 -0.96360
vt 0.64220 -0.96290
vt 0.64640 -0.94950
vt 0.64860 -0.93480
vt 0.66030 -0.95510
vt 0.64640 -0.98850
vt 0.66400 -0.98970
vt 0.65930 -0.97000
vt 0.66350 -0.98660
vt 0.67990 -0.98630
vt 0.68060 -0.98950
vt 0.67690 -0.97360
vt 0.67330 -0.95530
vt 0.66860 -0.94140
vt 0.69840 -0.98270
vt 0.69940 -0.98530
vt 0.69550 -0.96560
vt 0.72870 -0.97480
vt 0.72920 -0.97750
vt 0.72360 -0.95430
vt 0.68350 -0.94900
vt 0.70110 -0.93550
vt 0.71670 -0.93110
vt 0.68690 -0.93380
vt 0.69380 -0.91450
vt 0.70720 -0.90840
vt 0.67810 -0.92970
vt 0.68500 -0.91260
vt 0.67670 -0.91010
vt 0.68890 -0.90260
vt 0.69600 -0.90230
vt 0.28640 -0.70620
vt 0.30480 -0.68420
vt 0.30330 -0.70130
vt 0.31720 -0.69430
vt 0.31790 -0.70740
vt 0.32360 -0.67640
vt 0.30770 -0.71330
vt 0.31940 -0.72530
vt 0.32840 -0.72190
vt 0.32500 -0.73110
vt 0.29840 -0.72500
vt 0.31010 -0.73680
vt 0.32210 -0.74330
vt 0.31920 -0.75750
vt 0.29960 -0.75800
vt 0.31700 -0.77680
vt 0.26790 -0.72210
vt 0.28790 -0.78800
vt 0.28160 -0.75410
vt 0.30110 -0.79170
vt 0.30740 -0.81200
vt 0.29450 -0.80590
vt 0.30310 -0.82120
vt 0.28180 -0.81860
vt 0.29990 -0.83390
vt 0.28060 -0.80320
vt 0.26890 -0.78580
vt 0.25420 -0.75510
vt 0.28010 -0.83420
vt 0.29990 -0.84440
vt 0.27990 -0.84740
vt 0.30450 -0.85540
vt 0.25930 -0.83250
vt 0.25980 -0.81730
vt 0.25620 -0.81200
vt 0.23860 -0.81780
vt 0.24350 -0.78750
vt 0.23910 -0.80880
vt 0.22490 -0.75680
vt 0.23880 -0.83300
vt 0.22030 -0.78780
vt 0.21860 -0.80680
vt 0.21660 -0.83350
vt 0.21640 -0.81830
vt 0.20270 -0.80830
vt 0.19680 -0.77950
vt 0.18170 -0.79610
vt 0.19240 -0.81710
vt 0.19290 -0.83350
vt 0.19390 -0.84760
vt 0.20390 -0.75340
vt 0.21780 -0.84740
vt 0.23910 -0.84710
vt 0.21150 -0.86760
vt 0.26030 -0.84690
vt 0.23470 -0.86690
vt 0.25910 -0.86640
vt 0.27590 -0.86960
vt 0.21320 -0.89400
vt 0.28670 -0.86840
vt 0.31140 -0.87940
vt 0.27890 -0.88910
vt 0.28690 -0.89130
vt 0.29720 -0.91360
vt 0.26860 -0.90480
vt 0.32010 -0.90600
vt 0.26540 -0.89470
vt 0.25320 -0.89500
vt 0.30570 -0.93330
vt 0.28350 -0.93360
vt 0.32280 -0.93280
vt 0.23490 -0.89820
vt 0.25450 -0.91870
vt 0.30890 -0.95680
vt 0.32750 -0.96020
vt 0.29130 -0.95870
vt 0.31110 -0.98270
vt 0.32970 -0.98000
vt 0.32970 -0.98290
vt 0.31110 -0.98560
vt 0.29230 -0.98440
vt 0.29230 -0.98730
vt 0.26620 -0.96310
vt 0.26910 -0.98490
vt 0.26910 -0.98780
vt 0.24690 -0.98530
vt 0.24690 -0.98830
vt 0.26180 -0.93990
vt 0.24470 -0.96610
vt 0.24250 -0.93160
vt 0.24320 -0.94310
vt 0.22540 -0.93940
vt 0.22780 -0.96610
vt 0.22810 -0.98730
vt 0.22810 -0.99020
vt 0.21270 -0.96700
vt 0.21000 -0.98680
vt 0.21000 -0.98970
vt 0.20930 -0.94070
vt 0.19190 -0.96950
vt 0.18900 -0.98800
vt 0.18900 -0.99100
vt 0.19320 -0.94190
vt 0.17090 -0.97000
vt 0.17360 -0.98830
vt 0.17360 -0.99120
vt 0.15260 -0.99070
vt 0.15260 -0.99340
vt 0.12990 -0.99320
vt 0.16920 -0.94020
vt 0.14820 -0.96920
vt 0.12990 -0.99050
vt 0.09910 -0.98900
vt 0.09910 -0.99170
vt 0.12360 -0.96430
vt 0.06670 -0.98930
vt 0.14380 -0.93750
vt 0.06690 -0.98660
vt 0.14920 -0.89960
vt 0.11990 -0.92550
vt 0.04490 -0.98340
vt 0.04490 -0.98580
vt 0.02120 -0.98340
vt 0.02100 -0.98070
vt 0.02270 -0.95950
vt 0.07160 -0.96070
vt 0.04740 -0.95560
vt 0.02640 -0.93530
vt 0.05740 -0.91360
vt 0.03050 -0.91060
vt 0.04080 -0.87690
vt 0.10180 -0.96430
vt 0.08180 -0.91820
vt 0.10380 -0.92110
vt 0.08890 -0.88160
vt 0.06250 -0.87890
vt 0.04540 -0.85370
vt 0.12060 -0.88570
vt 0.07130 -0.86060
vt 0.09500 -0.86130
vt 0.13630 -0.89430
vt 0.12600 -0.86470
vt 0.14870 -0.87080
vt 0.16070 -0.87080
vt 0.17530 -0.89350
vt 0.16780 -0.87400
vt 0.18680 -0.90620
vt 0.18410 -0.87350
vt 0.19930 -0.89670
vt 0.17020 -0.84810
vt 0.19440 -0.87110
vt 0.15090 -0.84740
vt 0.16920 -0.83200
vt 0.16870 -0.81610
vt 0.12650 -0.84760
vt 0.15020 -0.83200
vt 0.09570 -0.84690
vt 0.12480 -0.83170
vt 0.14970 -0.81660
vt 0.09520 -0.83270
vt 0.07160 -0.84760
vt 0.04640 -0.84660
vt 0.07030 -0.83270
vt 0.04570 -0.83570
vt 0.12360 -0.81810
vt 0.09330 -0.81930
vt 0.06810 -0.81930
vt 0.04220 -0.82270
vt 0.06470 -0.81000
vt 0.03910 -0.81290
vt 0.03540 -0.80340
vt 0.09620 -0.80980
vt 0.06570 -0.79760
vt 0.03080 -0.77070
vt 0.12670 -0.80540
vt 0.09130 -0.79100
vt 0.06280 -0.76850
vt 0.04910 -0.74580
vt 0.02760 -0.75020
vt 0.08890 -0.76430
vt 0.07500 -0.74090
vt 0.04490 -0.73430
vt 0.02610 -0.73940
vt 0.06370 -0.72720
vt 0.12630 -0.78750
vt 0.03830 -0.72360
vt 0.02390 -0.72920
vt 0.02080 -0.72260
vt 0.02980 -0.71210
vt 0.05130 -0.71400
vt 0.03270 -0.69740
vt 0.05030 -0.68210
vt 0.02710 -0.67960
vt 0.06570 -0.69960
vt 0.04100 -0.65150
vt 0.01780 -0.65840
vt 0.00950 -0.63050
vt 0.08620 -0.71310
vt 0.03640 -0.62250
vt 0.00590 -0.61120
vt 0.02810 -0.60120
vt 0.07200 -0.64420
vt 0.07110 -0.61100
vt 0.06670 -0.58710
vt 0.09450 -0.57440
vt 0.07860 -0.67470
vt 0.08420 -0.69130
vt 0.10700 -0.67030
vt 0.10840 -0.63790
vt 0.11890 -0.70180
vt 0.13820 -0.66670
vt 0.10960 -0.59900
vt 0.12480 -0.57170
vt 0.11010 -0.56480
vt 0.13680 -0.63520
vt 0.14090 -0.59710
vt 0.14700 -0.57510
vt 0.16510 -0.63440
vt 0.16750 -0.59710
vt 0.17390 -0.57630
vt 0.16630 -0.66790
vt 0.19730 -0.59660
vt 0.20200 -0.57480
vt 0.19660 -0.63300
vt 0.19410 -0.66470
vt 0.13920 -0.69890
vt 0.22880 -0.59390
vt 0.22000 -0.57120
vt 0.23880 -0.56430
vt 0.26200 -0.57660
vt 0.22320 -0.63150
vt 0.25470 -0.59900
vt 0.28740 -0.58900
vt 0.24910 -0.63170
vt 0.27890 -0.60660
vt 0.31360 -0.61860
vt 0.31920 -0.60020
vt 0.27370 -0.63440
vt 0.34380 -0.61120
vt 0.33990 -0.62760
vt 0.30600 -0.64520
vt 0.33360 -0.65300
vt 0.27250 -0.66230
vt 0.30530 -0.66940
vt 0.24620 -0.66180
vt 0.27350 -0.69350
vt 0.22000 -0.66180
vt 0.24180 -0.69330
vt 0.23660 -0.72480
vt 0.21730 -0.69430
vt 0.21470 -0.72550
vt 0.19100 -0.69770
vt 0.17680 -0.69840
vt 0.19850 -0.72530
vt 0.17440 -0.72600
vt 0.19100 -0.75070
vt 0.18530 -0.77530
vt 0.17240 -0.75120
vt 0.14140 -0.72580
vt 0.12600 -0.72800
vt 0.14330 -0.75240
vt 0.17050 -0.77630
vt 0.15070 -0.77730
vt 0.16900 -0.79660
vt 0.15730 -0.79540
vt 0.13110 -0.75600
vt 0.13630 -0.78410
vt 0.14290 -0.80000
vt 0.11940 -0.76070
vt 0.10530 -0.73360
vt 0.36700 -0.50620
vt 0.39900 -0.50060
vt 0.39540 -0.52140
vt 0.42440 -0.52360
vt 0.37900 -0.48820
vt 0.34950 -0.48300
vt 0.36630 -0.47110
vt 0.34040 -0.44540
vt 0.36800 -0.46960
vt 0.36120 -0.44540
vt 0.36700 -0.42000
vt 0.34990 -0.40850
vt 0.38170 -0.40070
vt 0.37090 -0.38340
vt 0.39930 -0.38970
vt 0.39560 -0.36970
vt 0.42120 -0.36700
vt 0.39950 -0.39170
vt 0.38290 -0.40240
vt 0.36850 -0.42120
vt 0.40490 -0.40710
vt 0.39370 -0.41730
vt 0.42340 -0.39170
vt 0.36390 -0.44540
vt 0.42440 -0.38970
vt 0.42100 -0.40680
vt 0.44440 -0.38510
vt 0.44640 -0.37120
vt 0.44370 -0.40220
vt 0.44470 -0.40050
vt 0.46370 -0.39630
vt 0.48820 -0.38360
vt 0.47790 -0.40810
vt 0.49350 -0.38880
vt 0.45590 -0.41170
vt 0.46640 -0.42860
vt 0.45470 -0.41320
vt 0.43420 -0.41540
vt 0.46350 -0.43080
vt 0.44200 -0.42520
vt 0.42050 -0.44540
vt 0.46230 -0.44540
vt 0.46590 -0.44540
vt 0.46670 -0.46230
vt 0.45270 -0.44540
vt 0.46370 -0.46010
vt 0.45810 -0.47670
vt 0.47690 -0.48300
vt 0.44250 -0.46640
vt 0.45470 -0.47810
vt 0.43440 -0.47570
vt 0.48720 -0.50770
vt 0.49380 -0.50210
vt 0.46420 -0.49350
vt 0.44880 -0.51790
vt 0.44490 -0.48990
vt 0.44590 -0.50570
vt 0.42470 -0.49960
vt 0.44350 -0.48890
vt 0.42320 -0.49940
vt 0.42080 -0.48420
vt 0.39900 -0.49890
vt 0.40390 -0.48400
vt 0.38220 -0.48890
vt 0.39270 -0.47420
vt 0.38220 -0.46300
vt 0.38050 -0.44540
vt 0.38290 -0.42830
vt 0.60730 -0.31230
vt 0.58950 -0.32890
vt 0.58710 -0.31700
vt 0.56310 -0.32550
vt 0.56390 -0.31650
vt 0.61000 -0.32750
vt 0.54380 -0.32310
vt 0.54380 -0.31180
vt 0.58360 -0.34260
vt 0.62950 -0.31670
vt 0.62170 -0.30620
vt 0.60100 -0.34310
vt 0.63960 -0.29840
vt 0.56290 -0.33630
vt 0.64470 -0.30920
vt 0.65470 -0.29650
vt 0.61780 -0.33500
vt 0.63690 -0.33110
vt 0.65740 -0.30870
vt 0.67080 -0.29470
vt 0.65570 -0.33580
vt 0.63200 -0.35800
vt 0.61390 -0.35160
vt 0.67030 -0.30890
vt 0.68860 -0.29740
vt 0.66690 -0.33580
vt 0.68960 -0.31180
vt 0.71500 -0.30260
vt 0.65370 -0.36390
vt 0.71160 -0.31970
vt 0.73630 -0.30740
vt 0.68500 -0.33720
vt 0.66720 -0.36650
vt 0.73550 -0.32580
vt 0.75240 -0.31450
vt 0.70890 -0.34290
vt 0.75460 -0.33890
vt 0.76310 -0.32410
vt 0.73020 -0.34850
vt 0.75090 -0.35380
vt 0.73850 -0.38660
vt 0.68280 -0.37000
vt 0.70160 -0.37530
vt 0.71790 -0.38100
vt 0.71110 -0.41070
vt 0.72820 -0.41810
vt 0.69210 -0.40560
vt 0.67370 -0.40150
vt 0.65890 -0.39730
vt 0.70650 -0.43300
vt 0.72580 -0.43690
vt 0.72160 -0.45150
vt 0.68770 -0.42880
vt 0.70110 -0.44590
vt 0.71990 -0.46280
vt 0.66940 -0.42520
vt 0.69910 -0.45670
vt 0.69670 -0.46500
vt 0.71700 -0.47370
vt 0.68330 -0.45200
vt 0.68500 -0.44030
vt 0.69330 -0.48250
vt 0.71280 -0.48820
vt 0.70430 -0.51530
vt 0.66760 -0.43590
vt 0.66720 -0.44570
vt 0.68110 -0.46110
vt 0.67790 -0.47720
vt 0.66400 -0.45640
vt 0.66110 -0.47060
vt 0.65150 -0.45100
vt 0.65030 -0.44130
vt 0.64000 -0.45930
vt 0.65200 -0.43080
vt 0.63520 -0.43790
vt 0.65370 -0.42320
vt 0.63880 -0.42760
vt 0.64200 -0.41780
vt 0.64710 -0.39170
vt 0.62370 -0.42120
vt 0.62640 -0.40710
vt 0.62930 -0.38680
vt 0.61290 -0.38320
vt 0.61120 -0.40340
vt 0.61200 -0.41610
vt 0.61980 -0.43000
vt 0.62390 -0.44400
vt 0.61170 -0.43300
vt 0.59760 -0.42810
vt 0.60220 -0.41640
vt 0.59710 -0.39800
vt 0.59000 -0.42100
vt 0.59070 -0.41030
vt 0.58440 -0.43300
vt 0.59830 -0.37390
vt 0.58000 -0.42320
vt 0.57750 -0.40590
vt 0.58000 -0.38580
vt 0.58140 -0.36430
vt 0.56210 -0.35040
vt 0.56090 -0.37510
vt 0.55950 -0.40100
vt 0.56560 -0.42100
vt 0.54260 -0.34410
vt 0.54360 -0.37050
vt 0.54750 -0.40220
vt 0.55380 -0.42560
vt 0.57020 -0.43540
vt 0.56140 -0.43640
vt 0.57190 -0.44420
vt 0.54310 -0.42170
vt 0.55530 -0.44080
vt 0.54580 -0.42930
vt 0.53530 -0.41900
vt 0.53820 -0.43570
vt 0.56340 -0.45470
vt 0.53460 -0.39760
vt 0.52800 -0.42860
vt 0.55040 -0.44810
vt 0.53310 -0.44810
vt 0.54730 -0.45930
vt 0.52550 -0.41290
vt 0.51480 -0.44860
vt 0.51380 -0.43300
vt 0.51310 -0.41290
vt 0.51700 -0.46300
vt 0.52580 -0.39410
vt 0.50840 -0.39070
vt 0.52800 -0.36170
vt 0.50820 -0.35560
vt 0.52890 -0.33210
vt 0.51140 -0.32040
vt 0.52800 -0.31230
vt 0.51310 -0.30530
vt 0.52770 -0.29890
vt 0.51840 -0.28890
vt 0.59950 -0.43980
vt 0.58680 -0.44270
vt 0.57630 -0.45420
vt 0.61370 -0.44570
vt 0.60220 -0.44910
vt 0.58850 -0.45250
vt 0.60290 -0.45890
vt 0.61560 -0.45840
vt 0.62590 -0.45890
vt 0.59000 -0.46230
vt 0.57580 -0.46540
vt 0.56020 -0.46280
vt 0.56040 -0.48030
vt 0.54600 -0.47690
vt 0.57920 -0.48380
vt 0.59440 -0.48130
vt 0.56190 -0.50430
vt 0.60590 -0.48080
vt 0.58020 -0.50480
vt 0.59560 -0.50450
vt 0.61590 -0.48380
vt 0.60930 -0.50160
vt 0.59410 -0.51890
vt 0.62520 -0.48670
vt 0.61680 -0.50820
vt 0.60540 -0.52670
vt 0.63960 -0.49040
vt 0.62660 -0.51260
vt 0.61640 -0.53110
vt 0.63610 -0.51750
vt 0.65350 -0.49650
vt 0.62810 -0.52800
vt 0.67280 -0.50380
vt 0.65180 -0.51840
vt 0.63930 -0.53330
vt 0.61510 -0.53750
vt 0.62660 -0.54580
vt 0.60320 -0.53940
vt 0.66840 -0.52450
vt 0.65130 -0.53090
vt 0.68690 -0.50920
vt 0.68280 -0.52940
vt 0.69690 -0.53650
vt 0.67690 -0.54530
vt 0.69060 -0.55160
vt 0.67030 -0.56260
vt 0.68400 -0.56610
vt 0.65980 -0.56000
vt 0.66350 -0.54090
vt 0.65010 -0.54190
vt 0.64860 -0.55560
vt 0.63690 -0.54600
vt 0.63880 -0.55430
vt 0.62660 -0.55340
vt 0.61540 -0.55210
vt 0.61540 -0.54530
vt 0.59370 -0.55290
vt 0.59370 -0.54750
vt 0.57800 -0.55460
vt 0.58660 -0.53750
vt 0.57610 -0.54550
vt 0.57850 -0.53480
vt 0.56920 -0.52410
vt 0.57140 -0.54650
vt 0.56630 -0.55800
vt 0.56190 -0.52630
vt 0.56000 -0.54480
vt 0.55850 -0.56090
vt 0.54900 -0.50620
vt 0.55560 -0.52940
vt 0.54750 -0.53160
vt 0.55190 -0.54680
vt 0.55460 -0.56340
vt 0.54110 -0.55140
vt 0.55070 -0.56560
vt 0.53530 -0.53480
vt 0.54110 -0.50790
vt 0.52820 -0.51180
vt 0.52140 -0.48130
vt 0.53680 -0.47640
vt 0.53430 -0.46180
vt 0.77800 -0.97220
vt 0.79050 -0.98630
vt 0.77750 -0.98630
vt 0.79050 -0.98830
vt 0.77730 -0.98830
vt 0.80680 -0.98830
vt 0.76900 -0.98630
vt 0.76900 -0.98830
vt 0.76170 -0.98630
vt 0.76170 -0.97340
vt 0.76950 -0.97240
vt 0.76170 -0.95900
vt 0.76970 -0.95820
vt 0.76170 -0.94410
vt 0.77050 -0.94410
vt 0.77830 -0.95800
vt 0.77900 -0.94410
vt 0.79020 -0.97220
vt 0.79000 -0.95780
vt 0.78970 -0.94410
vt 0.80680 -0.94410
vt 0.80680 -0.98630
vt 0.82910 -0.98830
vt 0.80710 -0.97190
vt 0.82910 -0.98630
vt 0.84000 -0.98830
vt 0.80710 -0.95780
vt 0.83030 -0.94410
vt 0.82980 -0.95850
vt 0.82950 -0.97220
vt 0.84030 -0.98630
vt 0.85250 -0.98630
vt 0.84100 -0.97220
vt 0.85250 -0.98830
vt 0.84220 -0.95820
vt 0.84370 -0.94410
vt 0.85350 -0.97220
vt 0.85470 -0.95800
vt 0.85590 -0.94410
vt 0.86470 -0.98630
vt 0.86470 -0.98830
vt 0.88010 -0.98830
vt 0.86500 -0.95800
vt 0.86520 -0.94410
vt 0.87910 -0.94410
vt 0.86470 -0.97220
vt 0.87960 -0.95800
vt 0.89110 -0.94410
vt 0.87990 -0.97220
vt 0.89210 -0.95820
vt 0.90840 -0.94410
vt 0.88030 -0.98630
vt 0.89300 -0.97240
vt 0.89400 -0.98630
vt 0.89400 -0.98830
vt 0.90840 -0.98830
vt 0.90840 -0.95820
vt 0.90870 -0.97240
vt 0.90870 -0.98630
vt 0.91530 -0.98830
vt 0.91580 -0.94410
vt 0.91260 -0.94190
vt 0.91580 -0.94190
vt 0.91530 -0.98630
vt 0.91580 -0.97260
vt 0.92630 -0.98630
vt 0.92820 -0.98830
vt 0.92820 -0.97240
vt 0.92630 -0.97170
vt 0.92820 -0.95730
vt 0.91580 -0.95850
vt 0.92630 -0.95780
vt 0.92630 -0.94410
vt 0.92820 -0.94190
vt 0.94600 -0.97220
vt 0.96040 -0.98340
vt 0.94600 -0.98340
vt 0.96170 -0.97220
vt 0.96020 -0.98830
vt 0.94600 -0.98830
vt 0.97510 -0.98830
vt 0.97510 -0.98390
vt 0.99020 -0.98830
vt 0.97630 -0.97220
vt 0.99020 -0.98410
vt 0.99020 -0.97220
vt 0.31840 -0.03490
vt 0.30670 -0.01510
vt 0.32580 -0.01610
vt 0.29040 -0.03570
vt 0.28380 -0.01510
vt 0.26450 -0.01540
vt 0.33850 -0.03350
vt 0.34700 -0.01640
vt 0.34920 -0.02950
vt 0.36090 -0.02760
vt 0.37260 -0.01760
vt 0.37680 -0.02930
vt 0.39780 -0.01730
vt 0.39780 -0.02120
vt 0.42370 -0.01660
vt 0.42740 -0.02270
vt 0.46250 -0.02250
vt 0.38950 -0.23470
vt 0.38460 -0.21610
vt 0.37290 -0.22340
vt 0.36170 -0.23300
vt 0.40170 -0.21710
vt 0.38050 -0.25030
vt 0.39190 -0.19290
vt 0.35040 -0.24540
vt 0.37750 -0.26080
vt 0.40370 -0.26030
vt 0.40590 -0.24250
vt 0.40780 -0.25840
vt 0.39240 -0.28380
vt 0.40560 -0.28570
vt 0.39190 -0.29330
vt 0.41440 -0.25890
vt 0.40560 -0.29300
vt 0.39780 -0.31400
vt 0.42080 -0.28230
vt 0.41000 -0.31010
vt 0.40780 -0.33110
vt 0.42000 -0.29060
vt 0.41610 -0.32430
vt 0.41780 -0.33990
vt 0.42080 -0.30670
vt 0.42300 -0.32970
vt 0.43300 -0.34530
vt 0.42440 -0.32140
vt 0.43470 -0.33280
vt 0.43470 -0.31890
vt 0.45180 -0.33410
vt 0.45400 -0.34580
vt 0.45250 -0.31990
vt 0.43390 -0.30430
vt 0.46400 -0.33040
vt 0.46960 -0.33990
vt 0.48470 -0.32450
vt 0.43490 -0.28940
vt 0.43540 -0.28110
vt 0.45690 -0.29060
vt 0.45590 -0.30600
vt 0.46080 -0.31940
vt 0.47550 -0.31700
vt 0.46670 -0.30990
vt 0.47160 -0.29500
vt 0.48230 -0.29960
vt 0.49520 -0.30480
vt 0.45740 -0.28230
vt 0.47400 -0.28770
vt 0.48500 -0.29180
vt 0.49770 -0.29500
vt 0.47550 -0.25960
vt 0.45690 -0.25710
vt 0.48520 -0.26250
vt 0.49450 -0.26640
vt 0.43790 -0.25570
vt 0.45930 -0.23440
vt 0.48180 -0.23690
vt 0.50570 -0.24620
vt 0.52110 -0.25910
vt 0.42540 -0.25670
vt 0.43880 -0.23440
vt 0.42340 -0.23710
vt 0.52650 -0.24790
vt 0.54240 -0.25890
vt 0.49910 -0.23130
vt 0.53630 -0.23830
vt 0.55780 -0.25810
vt 0.51620 -0.22830
vt 0.48210 -0.21390
vt 0.50790 -0.21170
vt 0.54970 -0.22660
vt 0.57000 -0.25670
vt 0.53210 -0.22610
vt 0.52500 -0.21030
vt 0.54210 -0.20830
vt 0.55870 -0.22200
vt 0.58340 -0.25050
vt 0.50160 -0.18850
vt 0.52430 -0.17950
vt 0.55340 -0.20660
vt 0.54210 -0.17390
vt 0.57020 -0.21880
vt 0.56390 -0.20340
vt 0.58390 -0.21860
vt 0.59710 -0.24270
vt 0.58140 -0.21270
vt 0.60270 -0.21730
vt 0.61100 -0.23200
vt 0.59660 -0.20320
vt 0.57530 -0.19760
vt 0.59020 -0.18660
vt 0.55460 -0.16830
vt 0.56530 -0.16290
vt 0.57830 -0.15600
vt 0.56020 -0.12890
vt 0.57630 -0.12550
vt 0.54920 -0.13360
vt 0.53550 -0.13990
vt 0.51720 -0.14990
vt 0.56290 -0.09260
vt 0.58070 -0.08820
vt 0.55020 -0.09620
vt 0.53380 -0.10230
vt 0.51230 -0.11060
vt 0.55870 -0.06150
vt 0.57730 -0.05180
vt 0.54850 -0.06720
vt 0.53140 -0.07520
vt 0.50920 -0.08330
vt 0.55260 -0.03270
vt 0.56680 -0.02170
vt 0.54700 -0.01390
vt 0.56170 -0.00880
vt 0.53600 -0.01760
vt 0.54140 -0.03980
vt 0.51920 -0.02270
vt 0.52410 -0.04980
vt 0.49670 -0.02980
vt 0.50350 -0.05740
vt 0.47470 -0.03540
vt 0.48890 -0.09080
vt 0.48160 -0.06420
vt 0.46450 -0.06810
vt 0.45760 -0.03860
vt 0.47200 -0.09670
vt 0.49160 -0.11920
vt 0.44910 -0.07160
vt 0.44180 -0.04150
vt 0.45860 -0.10130
vt 0.47060 -0.13060
vt 0.50010 -0.15800
vt 0.44180 -0.10620
vt 0.43220 -0.07620
vt 0.42340 -0.04540
vt 0.47890 -0.16780
vt 0.48080 -0.19630
vt 0.45030 -0.14240
vt 0.45810 -0.17680
vt 0.46450 -0.20220
vt 0.46180 -0.21470
vt 0.42370 -0.11180
vt 0.43910 -0.21680
vt 0.44080 -0.18290
vt 0.42170 -0.21760
vt 0.42660 -0.18560
vt 0.41030 -0.18930
vt 0.37970 -0.17170
vt 0.40150 -0.16170
vt 0.36240 -0.14290
vt 0.41900 -0.15600
vt 0.38630 -0.12770
vt 0.34990 -0.11110
vt 0.43370 -0.15090
vt 0.40710 -0.11890
vt 0.37190 -0.09940
vt 0.34360 -0.08130
vt 0.39680 -0.08690
vt 0.41440 -0.08110
vt 0.40370 -0.05130
vt 0.38930 -0.05670
vt 0.38020 -0.06010
vt 0.36140 -0.07110
vt 0.35870 -0.06420
vt 0.34160 -0.06790
vt 0.39880 -0.55190
vt 0.39000 -0.56020
vt 0.39850 -0.56360
vt 0.40200 -0.56390
vt 0.40150 -0.55120
vt 0.39580 -0.57970
vt 0.39580 -0.54240
vt 0.39320 -0.57750
vt 0.38510 -0.58750
vt 0.39390 -0.54410
vt 0.38170 -0.53360
vt 0.38580 -0.57480
vt 0.38390 -0.58510
vt 0.36700 -0.59000
vt 0.37240 -0.55290
vt 0.36700 -0.57560
vt 0.36680 -0.58710
vt 0.34730 -0.58800
vt 0.38000 -0.53550
vt 0.36480 -0.52500
vt 0.35730 -0.54850
vt 0.34750 -0.58530
vt 0.36390 -0.52720
vt 0.35560 -0.52450
vt 0.35600 -0.52210
vt 0.34900 -0.54530
vt 0.34990 -0.57290
vt 0.33060 -0.52190
vt 0.33060 -0.51870
vt 0.33850 -0.58340
vt 0.33770 -0.58610
vt 0.34110 -0.57090
vt 0.32410 -0.53970
vt 0.31210 -0.57170
vt 0.31060 -0.57480
vt 0.31650 -0.56040
vt 0.30790 -0.51700
vt 0.30650 -0.51210
vt 0.30110 -0.53060
vt 0.29870 -0.51720
vt 0.27990 -0.49470
vt 0.28570 -0.56000
vt 0.28080 -0.56290
vt 0.29180 -0.55040
vt 0.28130 -0.55360
vt 0.25470 -0.55460
vt 0.28640 -0.54600
vt 0.29470 -0.52870
vt 0.26540 -0.53410
vt 0.25930 -0.54430
vt 0.23980 -0.54020
vt 0.24910 -0.53430
vt 0.23610 -0.52330
vt 0.27280 -0.51840
vt 0.24710 -0.52410
vt 0.27690 -0.50530
vt 0.25930 -0.49430
vt 0.26200 -0.50530
vt 0.24270 -0.50500
vt 0.25150 -0.51310
vt 0.26010 -0.51380
vt 0.25400 -0.52700
vt 0.05300 -0.41830
vt 0.03030 -0.43370
vt 0.06150 -0.43790
vt 0.02740 -0.41470
vt 0.02540 -0.38880
vt 0.06540 -0.42050
vt 0.06840 -0.44030
vt 0.05320 -0.39220
vt 0.02420 -0.35680
vt 0.07770 -0.44590
vt 0.05540 -0.36290
vt 0.06720 -0.39440
vt 0.05370 -0.34290
vt 0.02270 -0.34310
vt 0.06890 -0.36480
vt 0.06690 -0.34330
vt 0.05250 -0.32110
vt 0.02100 -0.32940
vt 0.06640 -0.31970
vt 0.08030 -0.34290
vt 0.08210 -0.36730
vt 0.08300 -0.39780
vt 0.11140 -0.34430
vt 0.08080 -0.42490
vt 0.11040 -0.37220
vt 0.10500 -0.40170
vt 0.10130 -0.43200
vt 0.09940 -0.45670
vt 0.15020 -0.37850
vt 0.13410 -0.42370
vt 0.12530 -0.44180
vt 0.11940 -0.46620
vt 0.15140 -0.41050
vt 0.16070 -0.44030
vt 0.14970 -0.45490
vt 0.13920 -0.47010
vt 0.16120 -0.45960
vt 0.15900 -0.47450
vt 0.17050 -0.44470
vt 0.17310 -0.46230
vt 0.18170 -0.47670
vt 0.17900 -0.43250
vt 0.18290 -0.46420
vt 0.19950 -0.47690
vt 0.17900 -0.44660
vt 0.18630 -0.44860
vt 0.19950 -0.46450
vt 0.20000 -0.45130
vt 0.18610 -0.43320
vt 0.19370 -0.43370
vt 0.19100 -0.42080
vt 0.20830 -0.46590
vt 0.21270 -0.47740
vt 0.20780 -0.45180
vt 0.21070 -0.43690
vt 0.21320 -0.45200
vt 0.21290 -0.46590
vt 0.21830 -0.46590
vt 0.22320 -0.47770
vt 0.21880 -0.45250
vt 0.22590 -0.46640
vt 0.23710 -0.47810
vt 0.22560 -0.45230
vt 0.22000 -0.43810
vt 0.21560 -0.43760
vt 0.22760 -0.43860
vt 0.21780 -0.42320
vt 0.23050 -0.42470
vt 0.23660 -0.44080
vt 0.23540 -0.45270
vt 0.23050 -0.41320
vt 0.22080 -0.41290
vt 0.24180 -0.41370
vt 0.20710 -0.42300
vt 0.21370 -0.41270
vt 0.20270 -0.41220
vt 0.24050 -0.42470
vt 0.25670 -0.41420
vt 0.20460 -0.43540
vt 0.19880 -0.42220
vt 0.19730 -0.41200
vt 0.18630 -0.41050
vt 0.18220 -0.41930
vt 0.17440 -0.40830
vt 0.17310 -0.42830
vt 0.18170 -0.40540
vt 0.17920 -0.37360
vt 0.19340 -0.40540
vt 0.15140 -0.34530
vt 0.19980 -0.38880
vt 0.20630 -0.40560
vt 0.20220 -0.37260
vt 0.21200 -0.39220
vt 0.21660 -0.40610
vt 0.17950 -0.34850
vt 0.21610 -0.37610
vt 0.22050 -0.39370
vt 0.24930 -0.39630
vt 0.24960 -0.40710
vt 0.25470 -0.40730
vt 0.25030 -0.38490
vt 0.22440 -0.37970
vt 0.22760 -0.36830
vt 0.25270 -0.37390
vt 0.25760 -0.38560
vt 0.25640 -0.39710
vt 0.26420 -0.39830
vt 0.26010 -0.40760
vt 0.29230 -0.40850
vt 0.26570 -0.38560
vt 0.29280 -0.39850
vt 0.29770 -0.40880
vt 0.25860 -0.37440
vt 0.26030 -0.36560
vt 0.25540 -0.36530
vt 0.23030 -0.36460
vt 0.26500 -0.37460
vt 0.26500 -0.36580
vt 0.23080 -0.36170
vt 0.29280 -0.37440
vt 0.29450 -0.36680
vt 0.29870 -0.36680
vt 0.29300 -0.38610
vt 0.29990 -0.37460
vt 0.30480 -0.37530
vt 0.30550 -0.36700
vt 0.29990 -0.38630
vt 0.29840 -0.39900
vt 0.30330 -0.40900
vt 0.31400 -0.37480
vt 0.31620 -0.36750
vt 0.30530 -0.38660
vt 0.30380 -0.39850
vt 0.31310 -0.38750
vt 0.31260 -0.40100
vt 0.31380 -0.40930
vt 0.32330 -0.40560
vt 0.32280 -0.40050
vt 0.33110 -0.40070
vt 0.32040 -0.37530
vt 0.32280 -0.36780
vt 0.32280 -0.38830
vt 0.32700 -0.37830
vt 0.33060 -0.37610
vt 0.32750 -0.39710
vt 0.33480 -0.38850
vt 0.33040 -0.38830
vt 0.03050 -0.19930
vt 0.04690 -0.22370
vt 0.04910 -0.19760
vt 0.02780 -0.22610
vt 0.02540 -0.24470
vt 0.02640 -0.16850
vt 0.04620 -0.24930
vt 0.02250 -0.26890
vt 0.06030 -0.22300
vt 0.04740 -0.16210
vt 0.02200 -0.14800
vt 0.05200 -0.14290
vt 0.06200 -0.19610
vt 0.06450 -0.15240
vt 0.05790 -0.13990
vt 0.06420 -0.13160
vt 0.07670 -0.14290
vt 0.07860 -0.10990
vt 0.07910 -0.18050
vt 0.08250 -0.16040
vt 0.09330 -0.11700
vt 0.09720 -0.08670
vt 0.10210 -0.13940
vt 0.10570 -0.15900
vt 0.12280 -0.11820
vt 0.10770 -0.09910
vt 0.10820 -0.06720
vt 0.13800 -0.07280
vt 0.12260 -0.04760
vt 0.12890 -0.10130
vt 0.13240 -0.13110
vt 0.14920 -0.05050
vt 0.13870 -0.03270
vt 0.15970 -0.04150
vt 0.15630 -0.02250
vt 0.16120 -0.06370
vt 0.17090 -0.03640
vt 0.17950 -0.01640
vt 0.16780 -0.05470
vt 0.18100 -0.05050
vt 0.17480 -0.06200
vt 0.17920 -0.06200
vt 0.17290 -0.06520
vt 0.17190 -0.05130
vt 0.18320 -0.06180
vt 0.19170 -0.06180
vt 0.16780 -0.07640
vt 0.17900 -0.07030
vt 0.18880 -0.05030
vt 0.20100 -0.06180
vt 0.18490 -0.03370
vt 0.20020 -0.04930
vt 0.19730 -0.03170
vt 0.19800 -0.01680
vt 0.21030 -0.05130
vt 0.21030 -0.06180
vt 0.20850 -0.04000
vt 0.20730 -0.02930
vt 0.20980 -0.01730
vt 0.22340 -0.04000
vt 0.22370 -0.05130
vt 0.23170 -0.06180
vt 0.22520 -0.02860
vt 0.23490 -0.01810
vt 0.24000 -0.03200
vt 0.24880 -0.02740
vt 0.25350 -0.03830
vt 0.24080 -0.04130
vt 0.25350 -0.04860
vt 0.23790 -0.05490
vt 0.24840 -0.05760
vt 0.18660 -0.08110
vt 0.18900 -0.07030
vt 0.20100 -0.08300
vt 0.20120 -0.07080
vt 0.21370 -0.08210
vt 0.21150 -0.07110
vt 0.24520 -0.07230
vt 0.18440 -0.09650
vt 0.20100 -0.09470
vt 0.16700 -0.09520
vt 0.18320 -0.11480
vt 0.16240 -0.12040
vt 0.20950 -0.11500
vt 0.21370 -0.09280
vt 0.16290 -0.14020
vt 0.18140 -0.13720
vt 0.20660 -0.13700
vt 0.18190 -0.15970
vt 0.13720 -0.14870
vt 0.16410 -0.16120
vt 0.14020 -0.16290
vt 0.10960 -0.17970
vt 0.16430 -0.18220
vt 0.18270 -0.18320
vt 0.14260 -0.18220
vt 0.10650 -0.20540
vt 0.14550 -0.20710
vt 0.16630 -0.20730
vt 0.10620 -0.22710
vt 0.07690 -0.20370
vt 0.07420 -0.22440
vt 0.06110 -0.25130
vt 0.07620 -0.25080
vt 0.04740 -0.27250
vt 0.02100 -0.29470
vt 0.06200 -0.27300
vt 0.04880 -0.29230
vt 0.06470 -0.29160
vt 0.07810 -0.27400
vt 0.07990 -0.31870
vt 0.08030 -0.29110
vt 0.11160 -0.31790
vt 0.10940 -0.28960
vt 0.15190 -0.31840
vt 0.17920 -0.32040
vt 0.15260 -0.28820
vt 0.10920 -0.26980
vt 0.10740 -0.25130
vt 0.15040 -0.26030
vt 0.14900 -0.24590
vt 0.14700 -0.22610
vt 0.17090 -0.25930
vt 0.16680 -0.22660
vt 0.16750 -0.24350
vt 0.18610 -0.22780
vt 0.18830 -0.21070
vt 0.19270 -0.24350
vt 0.20150 -0.23170
vt 0.21320 -0.20200
vt 0.20610 -0.21900
vt 0.21420 -0.23570
vt 0.20510 -0.24270
vt 0.19900 -0.25450
vt 0.20420 -0.26910
vt 0.21030 -0.25270
vt 0.21560 -0.24320
vt 0.21830 -0.25230
vt 0.21490 -0.22300
vt 0.21900 -0.21200
vt 0.23570 -0.22910
vt 0.23660 -0.21830
vt 0.21760 -0.20730
vt 0.21980 -0.21030
vt 0.24150 -0.21100
vt 0.21930 -0.19730
vt 0.21950 -0.20590
vt 0.24440 -0.21900
vt 0.24570 -0.21100
vt 0.25050 -0.21120
vt 0.24350 -0.23000
vt 0.25050 -0.21930
vt 0.26620 -0.22120
vt 0.27280 -0.21200
vt 0.25130 -0.22980
vt 0.26420 -0.22880
vt 0.27160 -0.22250
vt 0.27470 -0.21200
vt 0.27620 -0.21200
vt 0.27030 -0.22930
vt 0.27620 -0.22270
vt 0.28640 -0.21250
vt 0.28740 -0.22270
vt 0.29450 -0.21270
vt 0.26420 -0.23660
vt 0.27620 -0.22980
vt 0.27500 -0.23690
vt 0.29380 -0.22170
vt 0.29870 -0.22030
vt 0.30500 -0.21590
vt 0.30770 -0.22930
vt 0.29890 -0.22910
vt 0.29820 -0.23610
vt 0.29990 -0.24200
vt 0.29300 -0.23520
vt 0.29260 -0.22880
vt 0.28720 -0.22950
vt 0.28690 -0.23570
vt 0.29180 -0.24200
vt 0.29650 -0.24880
vt 0.30620 -0.25490
vt 0.28570 -0.24320
vt 0.29060 -0.24860
vt 0.29890 -0.25570
vt 0.30210 -0.26670
vt 0.29230 -0.25640
vt 0.29670 -0.26280
vt 0.29550 -0.27230
vt 0.29230 -0.26540
vt 0.28890 -0.27500
vt 0.28640 -0.25760
vt 0.28720 -0.26590
vt 0.27810 -0.27470
vt 0.28010 -0.26540
vt 0.27670 -0.27470
vt 0.28450 -0.25030
vt 0.27910 -0.25810
vt 0.27470 -0.26520
vt 0.27450 -0.27470
vt 0.27520 -0.24420
vt 0.27740 -0.25130
vt 0.27400 -0.25860
vt 0.27080 -0.26520
vt 0.25450 -0.26500
vt 0.25490 -0.27400
vt 0.26940 -0.25860
vt 0.24960 -0.27370
vt 0.27230 -0.25200
vt 0.26760 -0.25230
vt 0.27060 -0.24440
vt 0.26960 -0.23660
vt 0.26670 -0.24420
vt 0.25130 -0.24520
vt 0.25320 -0.25840
vt 0.25200 -0.25250
vt 0.24810 -0.26470
vt 0.24440 -0.27350
vt 0.24690 -0.25760
vt 0.24200 -0.26450
vt 0.22490 -0.26860
vt 0.22690 -0.27300
vt 0.22390 -0.27570
vt 0.22030 -0.27720
vt 0.22760 -0.27790
vt 0.22150 -0.26150
vt 0.24100 -0.25810
vt 0.24620 -0.25250
vt 0.23880 -0.25130
vt 0.24570 -0.24590
vt 0.21510 -0.26470
vt 0.23760 -0.24470
vt 0.24420 -0.23880
vt 0.23710 -0.23790
vt 0.25030 -0.23810
vt 0.18050 -0.28740
vt 0.20680 -0.28080
vt 0.20880 -0.28840
vt 0.22200 -0.28860
vt 0.23610 -0.28960
vt 0.26280 -0.27910
vt 0.21030 -0.29960
vt 0.22370 -0.30040
vt 0.23690 -0.29960
vt 0.25640 -0.28960
vt 0.20950 -0.31330
vt 0.26740 -0.29010
vt 0.22590 -0.31380
vt 0.25690 -0.29790
vt 0.27060 -0.27940
vt 0.25960 -0.30570
vt 0.26790 -0.29840
vt 0.27770 -0.29080
vt 0.27450 -0.27960
vt 0.27690 -0.29890
vt 0.26940 -0.30570
vt 0.23810 -0.31060
vt 0.27200 -0.31450
vt 0.26570 -0.31430
vt 0.23910 -0.31330
vt 0.23470 -0.31600
vt 0.27810 -0.30650
vt 0.27570 -0.31450
vt 0.31400 -0.31580
vt 0.23300 -0.31720
vt 0.23960 -0.31940
vt 0.31180 -0.30040
vt 0.31230 -0.30890
vt 0.32060 -0.30890
vt 0.32040 -0.31600
vt 0.32010 -0.30060
vt 0.31180 -0.29130
vt 0.31280 -0.28080
vt 0.31990 -0.29180
vt 0.31970 -0.28110
vt 0.32530 -0.29990
vt 0.32580 -0.30920
vt 0.32580 -0.31620
vt 0.32450 -0.29130
vt 0.32280 -0.28110
vt 0.33020 -0.30040
vt 0.33260 -0.30920
vt 0.33650 -0.31650
vt 0.33110 -0.28960
vt 0.33770 -0.28160
vt 0.33890 -0.29910
vt 0.34070 -0.30770
vt 0.34260 -0.31260
vt 0.33870 -0.29010
vt 0.34110 -0.28330
vt 0.34290 -0.29160
vt 0.34630 -0.28910
vt 0.34360 -0.30570
vt 0.34820 -0.30840
vt 0.34970 -0.29890
vt 0.34510 -0.29870
vt 0.20660 -0.34970
vt 0.20950 -0.33550
vt 0.20540 -0.35630
vt 0.22170 -0.35120
vt 0.21950 -0.36260
vt 0.22740 -0.36170
vt 0.23300 -0.36000
vt 0.23220 -0.35140
vt 0.26740 -0.36120
vt 0.23170 -0.33920
vt 0.26760 -0.35020
vt 0.27500 -0.36140
vt 0.22220 -0.33700
vt 0.26790 -0.33970
vt 0.21000 -0.32140
vt 0.22560 -0.32330
vt 0.23470 -0.32580
vt 0.26960 -0.32840
vt 0.27250 -0.32060
vt 0.27740 -0.32060
vt 0.27670 -0.32870
vt 0.28470 -0.32890
vt 0.28130 -0.32090
vt 0.27690 -0.34040
vt 0.31210 -0.32190
vt 0.27590 -0.34990
vt 0.28570 -0.34140
vt 0.28470 -0.35140
vt 0.28110 -0.36170
vt 0.31210 -0.36260
vt 0.31010 -0.35190
vt 0.31770 -0.36290
vt 0.30990 -0.34140
vt 0.31110 -0.33140
vt 0.31770 -0.32210
vt 0.31990 -0.34240
vt 0.32010 -0.35340
vt 0.32450 -0.36310
vt 0.31890 -0.33140
vt 0.32450 -0.33110
vt 0.32260 -0.32230
vt 0.32580 -0.34290
vt 0.32480 -0.35460
vt 0.33600 -0.35460
vt 0.33800 -0.36360
vt 0.33500 -0.33140
vt 0.33700 -0.32280
vt 0.33550 -0.34330
vt 0.34330 -0.35380
vt 0.34900 -0.35820
vt 0.34190 -0.33140
vt 0.34770 -0.32530
vt 0.34310 -0.34310
vt 0.34800 -0.35160
vt 0.35310 -0.35240
vt 0.35020 -0.34290
vt 0.35650 -0.34160
vt 0.34800 -0.33460
vt 0.35290 -0.33190
vt 0.20950 -0.18020
vt 0.21390 -0.15820
vt 0.21980 -0.18320
vt 0.21950 -0.16800
vt 0.24200 -0.18580
vt 0.21660 -0.16170
vt 0.21980 -0.16260
vt 0.24300 -0.17390
vt 0.24810 -0.16360
vt 0.25250 -0.17510
vt 0.25320 -0.16390
vt 0.25540 -0.16390
vt 0.21860 -0.14990
vt 0.21930 -0.15750
vt 0.21660 -0.13800
vt 0.24570 -0.14900
vt 0.24880 -0.15850
vt 0.24440 -0.13770
vt 0.21660 -0.12580
vt 0.25740 -0.14870
vt 0.25420 -0.15870
vt 0.25810 -0.13920
vt 0.25860 -0.15870
vt 0.21200 -0.11600
vt 0.21540 -0.11770
vt 0.21390 -0.10840
vt 0.24590 -0.12770
vt 0.24840 -0.11890
vt 0.21290 -0.11330
vt 0.25890 -0.12770
vt 0.25540 -0.11920
vt 0.26130 -0.11920
vt 0.26980 -0.12870
vt 0.29670 -0.12040
vt 0.27060 -0.13990
vt 0.29110 -0.12920
vt 0.26790 -0.14950
vt 0.28910 -0.14140
vt 0.29110 -0.15190
vt 0.30010 -0.16020
vt 0.29570 -0.14160
vt 0.29870 -0.12990
vt 0.30230 -0.12060
vt 0.30670 -0.12090
vt 0.29790 -0.15310
vt 0.30280 -0.16040
vt 0.30480 -0.16040
vt 0.30380 -0.13060
vt 0.32140 -0.12140
vt 0.30350 -0.15210
vt 0.32090 -0.16090
vt 0.30160 -0.14240
vt 0.31840 -0.15160
vt 0.33210 -0.15850
vt 0.31890 -0.14260
vt 0.31990 -0.13210
vt 0.33020 -0.15160
vt 0.32890 -0.14290
vt 0.33140 -0.13330
vt 0.33580 -0.12650
vt 0.33770 -0.13550
vt 0.34360 -0.13110
vt 0.34580 -0.14480
vt 0.33770 -0.14330
vt 0.33630 -0.15240
vt 0.34140 -0.15650
vt 0.24200 -0.19850
vt 0.24620 -0.20660
vt 0.25230 -0.18710
vt 0.25130 -0.19900
vt 0.25130 -0.20680
vt 0.25400 -0.20680
vt 0.25890 -0.19900
vt 0.28230 -0.19680
vt 0.28790 -0.20810
vt 0.26200 -0.18800
vt 0.26200 -0.17730
vt 0.28180 -0.18780
vt 0.28400 -0.17680
vt 0.28960 -0.16510
vt 0.28910 -0.18800
vt 0.28990 -0.17630
vt 0.29330 -0.16510
vt 0.29740 -0.16530
vt 0.29260 -0.17630
vt 0.30790 -0.16560
vt 0.29230 -0.18730
vt 0.30840 -0.17800
vt 0.31550 -0.16580
vt 0.31870 -0.17630
vt 0.32800 -0.17050
vt 0.32280 -0.17680
vt 0.31820 -0.18530
vt 0.32770 -0.18510
vt 0.33820 -0.18660
vt 0.32580 -0.19440
vt 0.33240 -0.20440
vt 0.30820 -0.18660
vt 0.31750 -0.19580
vt 0.31580 -0.20900
vt 0.30820 -0.19680
vt 0.30940 -0.20880
vt 0.29350 -0.19680
vt 0.29570 -0.20830
vt 0.28940 -0.19680
vt 0.29210 -0.20830
vt 0.32110 -0.10210
vt 0.33190 -0.09380
vt 0.32190 -0.09380
vt 0.32750 -0.10820
vt 0.31990 -0.11480
vt 0.32090 -0.08670
vt 0.32550 -0.08030
vt 0.31430 -0.07620
vt 0.31330 -0.09330
vt 0.31330 -0.08520
vt 0.31400 -0.10230
vt 0.30870 -0.11650
vt 0.30230 -0.08350
vt 0.30260 -0.09330
vt 0.30330 -0.07420
vt 0.30450 -0.10330
vt 0.29500 -0.09380
vt 0.29400 -0.08300
vt 0.29470 -0.07400
vt 0.29550 -0.10450
vt 0.29670 -0.11600
vt 0.28840 -0.09380
vt 0.28890 -0.08210
vt 0.29160 -0.07370
vt 0.28860 -0.07370
vt 0.28940 -0.10530
vt 0.29110 -0.11600
vt 0.28770 -0.11580
vt 0.28420 -0.10480
vt 0.28350 -0.09300
vt 0.28470 -0.08210
vt 0.25890 -0.08210
vt 0.26060 -0.09300
vt 0.25620 -0.07250
vt 0.25890 -0.10530
vt 0.25490 -0.11480
vt 0.25150 -0.09350
vt 0.25130 -0.10600
vt 0.24910 -0.11450
vt 0.24320 -0.11430
vt 0.24420 -0.10550
vt 0.24350 -0.09400
vt 0.24440 -0.08210
vt 0.25150 -0.08160
vt 0.25130 -0.07250
vt 0.23690 -0.46620
vt 0.25450 -0.47860
vt 0.25080 -0.46590
vt 0.24960 -0.45320
vt 0.26010 -0.45860
vt 0.26470 -0.46450
vt 0.24960 -0.44150
vt 0.25230 -0.42590
vt 0.26230 -0.43590
vt 0.26690 -0.43080
vt 0.27060 -0.44150
vt 0.26030 -0.44370
vt 0.26370 -0.44440
vt 0.27010 -0.45300
vt 0.26010 -0.45230
vt 0.26320 -0.45200
vt 1.68470 -0.33750
vt 1.66910 -0.39830
vt 1.68470 -0.39830
vt 1.66910 -0.33750
vt 1.67060 -0.33280
vt 1.68280 -0.33280
vt 1.86420 -0.38950
vt 1.87550 -0.33110
vt 1.87550 -0.38950
vt 1.87960 -0.33090
vt 1.87960 -0.39290
vt 1.86030 -0.39290
vt 1.87620 -0.32670
vt 1.86030 -0.33090
vt 1.86420 -0.33110
vt 1.86350 -0.32670
vt 0.68450 -0.39340
vt 0.66890 -0.33280
vt 0.68450 -0.33280
vt 0.66890 -0.39340
vt 0.67080 -0.39830
vt 0.68300 -0.39830
vt 0.86400 -0.38950
vt 0.87520 -0.33110
vt 0.87520 -0.38950
vt 0.87940 -0.33090
vt 0.87940 -0.39290
vt 0.86010 -0.39290
vt 0.87590 -0.32670
vt 0.86010 -0.33090
vt 0.86400 -0.33110
vt 0.86320 -0.32670
vt 1.83590 -0.25010
vt 1.84200 -0.25270
vt 1.83390 -0.25270
vt 1.83980 -0.25010
vt 1.83390 -0.40240
vt 1.84200 -0.40240
vt 1.84320 -0.40420
vt 1.83270 -0.40420
vt 1.83270 -0.42050
vt 1.84320 -0.42050
vt 1.84180 -0.42370
vt 1.83440 -0.42370
vt 1.83980 -0.42490
vt 1.83710 -0.42490
vt 0.83350 -0.25270
vt 0.83960 -0.25010
vt 0.84150 -0.25270
vt 0.83540 -0.25010
vt 0.84050 -0.24790
vt 0.83440 -0.24790
vt 0.84470 -0.25150
vt 0.83080 -0.25130
vt 0.84470 -0.40220
vt 0.83080 -0.40220
vt 0.84150 -0.40240
vt 0.83350 -0.40240
vt 0.83250 -0.40420
vt 0.82930 -0.40370
vt 0.84270 -0.40420
vt 0.84620 -0.40370
vt 0.84270 -0.42050
vt 0.84620 -0.42170
vt 0.83250 -0.42050
vt 0.82930 -0.42200
vt 0.83420 -0.42370
vt 0.83170 -0.42590
vt 0.84150 -0.42370
vt 0.84400 -0.42590
vt 0.83590 -0.42780
vt 0.84050 -0.42780
vt 0.83660 -0.42490
vt 0.83960 -0.42490
vt 0.23830 -0.06910
vt 0.20930 -0.08060
vt 0.20930 -0.06910
vt 0.18660 -0.06910
vt 0.23830 -0.08060
vt 0.18660 -0.08060
vt 0.27960 -0.06910
vt 0.17220 -0.06910
vt 0.27960 -0.08060
vt 0.17220 -0.08060
vt 0.32750 -0.08060
vt 0.16460 -0.06910
vt 0.32750 -0.06910
vt 0.16460 -0.08060
vt 0.37560 -0.08060
vt 0.16000 -0.08060
vt 0.37560 -0.06910
vt 0.16000 -0.06910
vt 0.45690 -0.08060
vt 0.14820 -0.08060
vt 0.45690 -0.06910
vt 0.14820 -0.06910
vt 0.51280 -0.08060
vt 0.12380 -0.08060
vt 0.51280 -0.06910
vt 0.12380 -0.06910
vt 0.56510 -0.08060
vt 0.09160 -0.06910
vt 0.56510 -0.06910
vt 0.09160 -0.08060
vt 0.07740 -0.06910
vt 0.07740 -0.08060
vt 0.05960 -0.06910
vt 0.05960 -0.08060
vt 0.04180 -0.06910
vt 0.04180 -0.08060
vt 0.03660 -0.07670
vt 0.03660 -0.07230
vt 0.68060 -0.08060
vt 0.68060 -0.06910
vt 0.68770 -0.06910
vt 0.68450 -0.07960
vt 0.68420 -0.08060
vt 0.72890 -0.06910
vt 0.72890 -0.08060
vt 0.77510 -0.06910
vt 0.77510 -0.08060
vt 0.82100 -0.06910
vt 0.82100 -0.08060
vt 0.87740 -0.06910
vt 0.87740 -0.08060
vt 0.96000 -0.06910
vt 0.96000 -0.08060
vt 0.06420 -0.01610
vt 0.04930 -0.02740
vt 0.04930 -0.01610
vt 0.06420 -0.01290
vt 0.04930 -0.01290
vt 0.09720 -0.01290
vt 0.03150 -0.01610
vt 0.03150 -0.01290
vt 0.09720 -0.01610
vt 0.12380 -0.01290
vt 0.01440 -0.01610
vt 0.01290 -0.01290
vt 0.00880 -0.01950
vt 0.00760 -0.01930
vt 0.00880 -0.02420
vt 0.00760 -0.02490
vt 0.01270 -0.03050
vt 0.01440 -0.02740
vt 0.03150 -0.03050
vt 0.03150 -0.02740
vt 0.04930 -0.03050
vt 0.06420 -0.03050
vt 0.06420 -0.02740
vt 0.09720 -0.03050
vt 0.09720 -0.02740
vt 0.12380 -0.03050
vt 0.12380 -0.02740
vt 0.13940 -0.03050
vt 0.12380 -0.01610
vt 0.13940 -0.01290
vt 0.13940 -0.02740
vt 0.14770 -0.03050
vt 0.13940 -0.01610
vt 0.14770 -0.01290
vt 0.14770 -0.02740
vt 0.14770 -0.01610
vt 0.15970 -0.01610
vt 0.15970 -0.01290
vt 0.15970 -0.02740
vt 0.15970 -0.03050
vt 0.17780 -0.01610
vt 0.17780 -0.01290
vt 0.17780 -0.02740
vt 0.17780 -0.03050
vt 0.20390 -0.01610
vt 0.20390 -0.01290
vt 0.20390 -0.02740
vt 0.20390 -0.03050
vt 0.23660 -0.02740
vt 0.23660 -0.03050
vt 0.23660 -0.01610
vt 0.23660 -0.01290
vt 0.28130 -0.02740
vt 0.28130 -0.03050
vt 0.28130 -0.01610
vt 0.28130 -0.01290
vt 0.33280 -0.01610
vt 0.33280 -0.01290
vt 0.33280 -0.02740
vt 0.33280 -0.03050
vt 0.38440 -0.01610
vt 0.38440 -0.01290
vt 0.38440 -0.02740
vt 0.38440 -0.03050
vt 0.47060 -0.01610
vt 0.47060 -0.01290
vt 0.47060 -0.02740
vt 0.47060 -0.03050
vt 0.52870 -0.01610
vt 0.52870 -0.01290
vt 0.52870 -0.02740
vt 0.52870 -0.03050
vt 0.58340 -0.01290
vt 0.58340 -0.03050
vt 0.58340 -0.01610
vt 0.70260 -0.01610
vt 0.58340 -0.02740
vt 0.70260 -0.02740
vt 0.70260 -0.03050
vt 0.70260 -0.01290
vt 0.71010 -0.02740
vt 0.70960 -0.03000
vt 0.70960 -0.03050
vt 0.75210 -0.02740
vt 0.75210 -0.03050
vt 0.70700 -0.01730
vt 0.70670 -0.01610
vt 0.70620 -0.01320
vt 0.70620 -0.01290
vt 0.75210 -0.01610
vt 0.75210 -0.01290
vt 0.79900 -0.02740
vt 0.79900 -0.03050
vt 0.79900 -0.01610
vt 0.79900 -0.01290
vt 0.84590 -0.02740
vt 0.84590 -0.03050
vt 0.84590 -0.01610
vt 0.84590 -0.01290
vt 0.90130 -0.01290
vt 0.90130 -0.02740
vt 0.90130 -0.03050
vt 0.98050 -0.03050
vt 0.98050 -0.02740
vt 0.90130 -0.01610
vt 0.98050 -0.01290
vt 0.98050 -0.01610
vt 0.78710 -0.10260
vt 0.75820 -0.09080
vt 0.78710 -0.09080
vt 0.80950 -0.09080
vt 0.75820 -0.10260
vt 0.80950 -0.10260
vt 0.71750 -0.09080
vt 0.82370 -0.09080
vt 0.71750 -0.10260
vt 0.82370 -0.10260
vt 0.66980 -0.10260
vt 0.83170 -0.09080
vt 0.66980 -0.09080
vt 0.83170 -0.10260
vt 0.54140 -0.10260
vt 0.83390 -0.10260
vt 0.54140 -0.09080
vt 0.83390 -0.09080
vt 0.84710 -0.10260
vt 0.84710 -0.09080
vt 0.87130 -0.10260
vt 0.87130 -0.09080
vt 0.88890 -0.09080
vt 0.88890 -0.10260
vt 0.90330 -0.09080
vt 0.90330 -0.10260
vt 0.91790 -0.09080
vt 0.91790 -0.10260
vt 0.93460 -0.09080
vt 0.93460 -0.10260
vt 0.95340 -0.09080
vt 0.95340 -0.10260
vt 0.95850 -0.09890
vt 0.95850 -0.09450
vt 0.95970 -0.05760
vt 0.97830 -0.05450
vt 0.97970 -0.05760
vt 0.98360 -0.05100
vt 0.98490 -0.05150
vt 0.98360 -0.04660
vt 0.98490 -0.04620
vt 0.97950 -0.04000
vt 0.97830 -0.04320
vt 0.95970 -0.04000
vt 0.95970 -0.04320
vt 0.94310 -0.04000
vt 0.95970 -0.05450
vt 0.94310 -0.05760
vt 0.94310 -0.04320
vt 0.92800 -0.04000
vt 0.94310 -0.05450
vt 0.92800 -0.05760
vt 0.92800 -0.04320
vt 0.91210 -0.04000
vt 0.92800 -0.05450
vt 0.91210 -0.05760
vt 0.91210 -0.04320
vt 0.89330 -0.04000
vt 0.91210 -0.05450
vt 0.89330 -0.05760
vt 0.89330 -0.04320
vt 0.86640 -0.04000
vt 0.89330 -0.05450
vt 0.86640 -0.05760
vt 0.86640 -0.05450
vt 0.84980 -0.05760
vt 0.86640 -0.04320
vt 0.84980 -0.04000
vt 0.84980 -0.05450
vt 0.84270 -0.05450
vt 0.84980 -0.04320
vt 0.84270 -0.04320
vt 0.84270 -0.04000
vt 0.84270 -0.05760
vt 0.83050 -0.04320
vt 0.83050 -0.04000
vt 0.83050 -0.05450
vt 0.83050 -0.05760
vt 0.81250 -0.04320
vt 0.81250 -0.04000
vt 0.81250 -0.05450
vt 0.81250 -0.05760
vt 0.78630 -0.04320
vt 0.78630 -0.04000
vt 0.78630 -0.05450
vt 0.78630 -0.05760
vt 0.75360 -0.05450
vt 0.75360 -0.05760
vt 0.75360 -0.04320
vt 0.75360 -0.04000
vt 0.70890 -0.05450
vt 0.70890 -0.05760
vt 0.70890 -0.04320
vt 0.70890 -0.04000
vt 0.65740 -0.04320
vt 0.65740 -0.04000
vt 0.65740 -0.05450
vt 0.65740 -0.05760
vt 0.51990 -0.04320
vt 0.51990 -0.04000
vt 0.51990 -0.05450
vt 0.51990 -0.05760
vt 0.44250 -0.04320
vt 0.44320 -0.04220
vt 0.44440 -0.04000
vt 0.44420 -0.04690
vt 0.40730 -0.04320
vt 0.40730 -0.04000
vt 0.44760 -0.05450
vt 0.33750 -0.04320
vt 0.44860 -0.05540
vt 0.44960 -0.05760
vt 0.40730 -0.05450
vt 0.40730 -0.05760
vt 0.33750 -0.04000
vt 0.33750 -0.05450
vt 0.33750 -0.05760
vt 0.26400 -0.05450
vt 0.26400 -0.05760
vt 0.26400 -0.04320
vt 0.26400 -0.04000
vt 0.19270 -0.05450
vt 0.19270 -0.05760
vt 0.19270 -0.04320
vt 0.19270 -0.04000
vt 0.14600 -0.05450
vt 0.14600 -0.05760
vt 0.09010 -0.05760
vt 0.14600 -0.04320
vt 0.14600 -0.04000
vt 0.09010 -0.05450
vt 0.01050 -0.05760
vt 0.01050 -0.05450
vt 0.09010 -0.04320
vt 0.09010 -0.04000
vt 0.01050 -0.04320
vt 0.01050 -0.04000
vt 0.36700 -0.10260
vt 0.43420 -0.09080
vt 0.43420 -0.10260
vt 0.36700 -0.09080
vt 0.29570 -0.09080
vt 0.47450 -0.09080
vt 0.29570 -0.10260
vt 0.22610 -0.09080
vt 0.22610 -0.10260
vt 0.18020 -0.09080
vt 0.18020 -0.10260
vt 0.12430 -0.09080
vt 0.12430 -0.10260
vt 0.04180 -0.09080
vt 0.04180 -0.10260
vt 0.47110 -0.09840
vt 0.46960 -0.10260
vt 1.52480 -0.59320
vt 1.51770 -0.59580
vt 1.52060 -0.59950
vt 1.51380 -0.60760
vt 1.52450 -0.60100
vt 1.52450 -0.61120
vt 1.52840 -0.60020
vt 1.51210 -0.61030
vt 1.52480 -0.61470
vt 1.50430 -0.59830
vt 1.53410 -0.60900
vt 1.53580 -0.61120
vt 1.54360 -0.60220
vt 1.54110 -0.60070
vt 1.54480 -0.58930
vt 1.53140 -0.59660
vt 1.54210 -0.58970
vt 1.53700 -0.57680
vt 1.53210 -0.59190
vt 1.52940 -0.58750
vt 1.53530 -0.57900
vt 1.52480 -0.58580
vt 1.52410 -0.57530
vt 1.52410 -0.57240
vt 1.52040 -0.58730
vt 1.51480 -0.57800
vt 1.51330 -0.57560
vt 1.50820 -0.58560
vt 1.50530 -0.58460
vt 1.51770 -0.59100
vt 1.50720 -0.59760
vt 1.22490 -0.55820
vt 1.23690 -0.55530
vt 1.22490 -0.55530
vt 1.23690 -0.55820
vt 1.21370 -0.55530
vt 1.21370 -0.55820
vt 1.22490 -0.55290
vt 1.24960 -0.55530
vt 1.24960 -0.55820
vt 1.26030 -0.55820
vt 1.20390 -0.55530
vt 1.20390 -0.55820
vt 1.21370 -0.55290
vt 1.20390 -0.55290
vt 1.19220 -0.55530
vt 1.19220 -0.55820
vt 1.19220 -0.55290
vt 1.17920 -0.55530
vt 1.17920 -0.55820
vt 1.17920 -0.55290
vt 1.17920 -0.52650
vt 1.19220 -0.52650
vt 1.17920 -0.51160
vt 1.19220 -0.51160
vt 1.20390 -0.52650
vt 1.20390 -0.51160
vt 1.21370 -0.52650
vt 1.21370 -0.51160
vt 1.22490 -0.52650
vt 1.22490 -0.51160
vt 1.23690 -0.51160
vt 1.23690 -0.55290
vt 1.23690 -0.52650
vt 1.24960 -0.51160
vt 1.24960 -0.52650
vt 1.24960 -0.55290
vt 1.26030 -0.55290
vt 1.26030 -0.52650
vt 1.26030 -0.51160
vt 1.26030 -0.55530
vt 1.27080 -0.55820
vt 1.27080 -0.55530
vt 1.28080 -0.55820
vt 1.27080 -0.55290
vt 1.28080 -0.55530
vt 1.29180 -0.55820
vt 1.29180 -0.55530
vt 1.29180 -0.55290
vt 1.27080 -0.52650
vt 1.27080 -0.51160
vt 1.28080 -0.55290
vt 1.28080 -0.52650
vt 1.28080 -0.51160
vt 1.29180 -0.52650
vt 1.29180 -0.51160
vt 1.56830 -0.56950
vt 1.57220 -0.62250
vt 1.57220 -0.56950
vt 1.57530 -0.62250
vt 1.57530 -0.56950
vt 1.56830 -0.62250
vt 1.56410 -0.56950
vt 1.56410 -0.62250
vt 1.56000 -0.56950
vt 1.56000 -0.62250
vt 1.55510 -0.56950
vt 1.55510 -0.62250
vt 1.26540 -0.48840
vt 1.25350 -0.46450
vt 1.25740 -0.49110
vt 1.24910 -0.49080
vt 1.27230 -0.48350
vt 1.24100 -0.48820
vt 1.27720 -0.47690
vt 1.23420 -0.48330
vt 1.27990 -0.46890
vt 1.22930 -0.47640
vt 1.28010 -0.46030
vt 1.22690 -0.46840
vt 1.27740 -0.45250
vt 1.22690 -0.46010
vt 1.27250 -0.44570
vt 1.22950 -0.45200
vt 1.26590 -0.44050
vt 1.23470 -0.44520
vt 1.25790 -0.43790
vt 1.24150 -0.44030
vt 1.24930 -0.43790
vt 1.12770 -0.45270
vt 1.11360 -0.44440
vt 1.11360 -0.45270
vt 1.12770 -0.44440
vt 1.12770 -0.46110
vt 1.11360 -0.43590
vt 1.11360 -0.46130
vt 1.12770 -0.43590
vt 1.12770 -0.46960
vt 1.11360 -0.42760
vt 1.11360 -0.46960
vt 1.12770 -0.42760
vt 1.12770 -0.47790
vt 1.11360 -0.41900
vt 1.11360 -0.47790
vt 1.12770 -0.41900
vt 1.12770 -0.48640
vt 1.11360 -0.41070
vt 1.11360 -0.48640
vt 1.12770 -0.49470
vt 1.11360 -0.49470
vt 1.12770 -0.41070
vt 1.11360 -0.40240
vt 1.12770 -0.40240
vt 1.11360 -0.39390
vt 1.12770 -0.39390
vt 1.11360 -0.38560
vt 1.12770 -0.38560
vt 1.11360 -0.37700
vt 1.12770 -0.37700
vt 1.11360 -0.36870
vt 1.12770 -0.36870
vt 1.11360 -0.36020
vt 1.12770 -0.36020
vt 1.11360 -0.35190
vt 1.12770 -0.35190
vt 1.11360 -0.34360
vt 1.12770 -0.34360
vt 1.11360 -0.33500
vt 1.12770 -0.33500
vt 1.11360 -0.32670
vt 1.12770 -0.32670
vt 1.17390 -0.50310
vt 1.18170 -0.49910
vt 1.17360 -0.50160
vt 1.18240 -0.50040
vt 1.16480 -0.50310
vt 1.18850 -0.49430
vt 1.16510 -0.50160
vt 1.18970 -0.49550
vt 1.15650 -0.50040
vt 1.19370 -0.48770
vt 1.15700 -0.49910
vt 1.19850 -0.48300
vt 1.14920 -0.49520
vt 1.15020 -0.49430
vt 1.14380 -0.48820
vt 1.14530 -0.48740
vt 1.14140 -0.47960
vt 1.14290 -0.47940
vt 1.14310 -0.47110
vt 1.14310 -0.46250
vt 1.14580 -0.46300
vt 1.14240 -0.43860
vt 1.15090 -0.45620
vt 1.14800 -0.42930
vt 1.15780 -0.45130
vt 1.15900 -0.42420
vt 1.16580 -0.44880
vt 1.16800 -0.42340
vt 1.17950 -0.42710
vt 1.17410 -0.44880
vt 1.18970 -0.43370
vt 1.18220 -0.45150
vt 1.19900 -0.44100
vt 1.18900 -0.45640
vt 1.20630 -0.44840
vt 1.19390 -0.46320
vt 1.21070 -0.45710
vt 1.19630 -0.47130
vt 1.21150 -0.46520
vt 1.19630 -0.47960
vt 1.20880 -0.47350
vt 1.20490 -0.47840
vt 1.09990 -0.41860
vt 1.01290 -0.42780
vt 1.09990 -0.42780
vt 1.01290 -0.43660
vt 1.01290 -0.41860
vt 1.09990 -0.43660
vt 1.01290 -0.40950
vt 1.01290 -0.44490
vt 1.09990 -0.40950
vt 1.09990 -0.44490
vt 1.01290 -0.39580
vt 1.01290 -0.45300
vt 1.09990 -0.39580
vt 1.09990 -0.45300
vt 1.09990 -0.38850
vt 1.01290 -0.46130
vt 1.01290 -0.38850
vt 1.09990 -0.46130
vt 1.09990 -0.38220
vt 1.01290 -0.46980
vt 1.01290 -0.38220
vt 1.09990 -0.46980
vt 1.01290 -0.37410
vt 1.01290 -0.48690
vt 1.09990 -0.37410
vt 1.09990 -0.48690
vt 1.01290 -0.50960
vt 1.09990 -0.50960
vt 1.01290 -0.52010
vt 1.09990 -0.52010
vt 1.01290 -0.53240
vt 1.09990 -0.53240
vt 1.01290 -0.36650
vt 1.09990 -0.36650
vt 1.02930 -0.36000
vt 1.01930 -0.35950
vt 1.01290 -0.35750
vt 1.01290 -0.34750
vt 1.01930 -0.34140
vt 1.01290 -0.33630
vt 1.02930 -0.34160
vt 1.08450 -0.36260
vt 1.09430 -0.36290
vt 1.08470 -0.34360
vt 1.09990 -0.35700
vt 1.09450 -0.34380
vt 1.09990 -0.34730
vt 1.09990 -0.33630
vt 1.09990 -0.32480
vt 1.01290 -0.32480
vt 1.09990 -0.31360
vt 1.01290 -0.31360
vt 1.09990 -0.30480
vt 1.01290 -0.30480
vt 1.18780 -0.67520
vt 1.18120 -0.66960
vt 1.17950 -0.67160
vt 1.17510 -0.66500
vt 1.18880 -0.67280
vt 1.17700 -0.66130
vt 1.19410 -0.67500
vt 1.17880 -0.65320
vt 1.19630 -0.67130
vt 1.17580 -0.64880
vt 1.20170 -0.67230
vt 1.18340 -0.64760
vt 1.20220 -0.66470
vt 1.17460 -0.63590
vt 1.20850 -0.66790
vt 1.21490 -0.66300
vt 1.20320 -0.65590
vt 1.19120 -0.64570
vt 1.21980 -0.65810
vt 1.17530 -0.62980
vt 1.22270 -0.65230
vt 1.22320 -0.64660
vt 1.22150 -0.64130
vt 1.21900 -0.63740
vt 1.19780 -0.64840
vt 1.21560 -0.63350
vt 1.20810 -0.62760
vt 1.20220 -0.62390
vt 1.19560 -0.62080
vt 1.18930 -0.62050
vt 1.18360 -0.62200
vt 1.17850 -0.62520
vt 1.18630 -0.96020
vt 1.18100 -0.95210
vt 1.18100 -0.96020
vt 1.17610 -0.95210
vt 1.17610 -0.96020
vt 1.18630 -0.95210
vt 1.19660 -0.96020
vt 1.19660 -0.95210
vt 1.20020 -0.96020
vt 1.20020 -0.95210
vt 1.20340 -0.96020
vt 1.20340 -0.95210
vt 1.21290 -0.95210
vt 1.21290 -0.96020
vt 1.20150 -0.91160
vt 1.19630 -0.90380
vt 1.19630 -0.91160
vt 1.20150 -0.90380
vt 1.19020 -0.91160
vt 1.19020 -0.90380
vt 1.18680 -0.90380
vt 1.18680 -0.91160
vt 1.18360 -0.90380
vt 1.18360 -0.91160
vt 1.17610 -0.91160
vt 1.17610 -0.90380
vt 0.55850 -0.22050
vt 0.56430 -0.22220
vt 0.56040 -0.22520
vt 0.56310 -0.21950
vt 0.55870 -0.21540
vt 0.56700 -0.22390
vt 0.56340 -0.21710
vt 0.56480 -0.21540
vt 0.56190 -0.21150
vt 0.56750 -0.21390
vt 0.56650 -0.20930
vt 0.57050 -0.21470
vt 0.57460 -0.22660
vt 0.57020 -0.22340
vt 0.56510 -0.23440
vt 0.57260 -0.22080
vt 0.57310 -0.23250
vt 0.57750 -0.22250
vt 0.57360 -0.23590
vt 0.56630 -0.23760
vt 0.56680 -0.24100
vt 0.57480 -0.23880
vt 0.58000 -0.24440
vt 0.56700 -0.25030
vt 0.57800 -0.21760
vt 0.57260 -0.21680
vt 0.57610 -0.20540
vt 0.58100 -0.21220
vt 0.58340 -0.21000
vt 0.57920 -0.20370
vt 0.58190 -0.20170
vt 0.58630 -0.20850
vt 0.59390 -0.20780
vt 0.58830 -0.19490
vt 0.64300 -0.27990
vt 0.63960 -0.28380
vt 0.63420 -0.27550
vt 0.64420 -0.27500
vt 0.64250 -0.27010
vt 0.63860 -0.26670
vt 0.62590 -0.28080
vt 0.63250 -0.29130
vt 0.62420 -0.27590
vt 0.62520 -0.28690
vt 0.62520 -0.27110
vt 0.63080 -0.26010
vt 0.62390 -0.28990
vt 0.62390 -0.26520
vt 0.63030 -0.29400
vt 0.62250 -0.26230
vt 0.62880 -0.29690
vt 0.62830 -0.25760
vt 0.62170 -0.29230
vt 0.61510 -0.29600
vt 0.62540 -0.30550
vt 0.62640 -0.25490
vt 0.62000 -0.26010
vt 0.61290 -0.25710
vt 0.62200 -0.24660
vt 1.18950 -0.98580
vt 1.18270 -0.97480
vt 1.18270 -0.98580
vt 1.17610 -0.97480
vt 1.17610 -0.98580
vt 1.18950 -0.97480
vt 1.20340 -0.97480
vt 1.20340 -0.98580
vt 1.20810 -0.98580
vt 1.20810 -0.97480
vt 1.21250 -0.98580
vt 1.21250 -0.97480
vt 1.22420 -0.97480
vt 1.22420 -0.98580
vt 1.20950 -0.93720
vt 1.20270 -0.92670
vt 1.20270 -0.93720
vt 1.20950 -0.92670
vt 1.19460 -0.92670
vt 1.19460 -0.93720
vt 1.19020 -0.92670
vt 1.19020 -0.93720
vt 1.18580 -0.92670
vt 1.18580 -0.93720
vt 1.17610 -0.93720
vt 1.17610 -0.92670
vt 0.64250 -0.20830
vt 0.64440 -0.21490
vt 0.63150 -0.21510
vt 0.64300 -0.22120
vt 0.63860 -0.22610
vt 0.63200 -0.22810
vt 0.62440 -0.20420
vt 0.63810 -0.19540
vt 0.61980 -0.20880
vt 0.62710 -0.19660
vt 0.61830 -0.21540
vt 0.63740 -0.19070
vt 0.61880 -0.23170
vt 0.62690 -0.19220
vt 0.61340 -0.22200
vt 0.63710 -0.18630
vt 0.61440 -0.23370
vt 0.62540 -0.18800
vt 0.62000 -0.18000
vt 0.63790 -0.17460
vt 0.60980 -0.22420
vt 0.61070 -0.23590
vt 0.60560 -0.22540
vt 0.59580 -0.22540
vt 0.60150 -0.24300
vt 0.57290 -0.27890
vt 0.57410 -0.28690
vt 0.56830 -0.28380
vt 0.56480 -0.27790
vt 0.57780 -0.28080
vt 0.57120 -0.27420
vt 0.58170 -0.27960
vt 0.57240 -0.27030
vt 0.59020 -0.27770
vt 0.58390 -0.27620
vt 0.58410 -0.27230
vt 0.58970 -0.29130
vt 0.59020 -0.27080
vt 0.57900 -0.29350
vt 0.58680 -0.26500
vt 0.58000 -0.29770
vt 0.58220 -0.26960
vt 0.59050 -0.29600
vt 0.57950 -0.26760
vt 0.59150 -0.30010
vt 0.58120 -0.26180
vt 0.58000 -0.30210
vt 0.59560 -0.31110
vt 0.57700 -0.31160
vt 0.57410 -0.26180
vt 0.57560 -0.26790
vt 0.56040 -0.26230
vt 0.55850 -0.27330
vt 0.55410 -0.27200
vt 0.55580 -0.26150
vt 0.55160 -0.26060
vt 0.54990 -0.27230
vt 0.54070 -0.25670
vt 0.54040 -0.27500
vt 0.57190 -0.62250
vt 0.56800 -0.56950
vt 0.57190 -0.56950
vt 0.57510 -0.62250
vt 0.57510 -0.56950
vt 0.56800 -0.62250
vt 0.56390 -0.56950
vt 0.56390 -0.62250
vt 0.55970 -0.56950
vt 0.55970 -0.62250
vt 0.55480 -0.56950
vt 0.55480 -0.62250
vt 0.26520 -0.48840
vt 0.25710 -0.49110
vt 0.25320 -0.46450
vt 0.24880 -0.49080
vt 0.27200 -0.48350
vt 0.24080 -0.48820
vt 0.27690 -0.47690
vt 0.23390 -0.48330
vt 0.27960 -0.46890
vt 0.22910 -0.47640
vt 0.27990 -0.46030
vt 0.22660 -0.46840
vt 0.27720 -0.45250
vt 0.22660 -0.46010
vt 0.27230 -0.44570
vt 0.22930 -0.45200
vt 0.26570 -0.44050
vt 0.23440 -0.44520
vt 0.25760 -0.43790
vt 0.24130 -0.44030
vt 0.24910 -0.43790
vt 0.11330 -0.44440
vt 0.12750 -0.45270
vt 0.11330 -0.45270
vt 0.12750 -0.46110
vt 0.12750 -0.44440
vt 0.11330 -0.46130
vt 0.11330 -0.43590
vt 0.12750 -0.46960
vt 0.12750 -0.43590
vt 0.11330 -0.46960
vt 0.11330 -0.42760
vt 0.12750 -0.47790
vt 0.12750 -0.42760
vt 0.11330 -0.47790
vt 0.11330 -0.41900
vt 0.12750 -0.48640
vt 0.12750 -0.41900
vt 0.11330 -0.48640
vt 0.12750 -0.49470
vt 0.11330 -0.49470
vt 0.11330 -0.41070
vt 0.12750 -0.41070
vt 0.11330 -0.40240
vt 0.12750 -0.40240
vt 0.11330 -0.39390
vt 0.12750 -0.39390
vt 0.11330 -0.38560
vt 0.12750 -0.38560
vt 0.11330 -0.37700
vt 0.12750 -0.37700
vt 0.11330 -0.36870
vt 0.12750 -0.36870
vt 0.11330 -0.36020
vt 0.12750 -0.36020
vt 0.11330 -0.35190
vt 0.12750 -0.35190
vt 0.11330 -0.34360
vt 0.12750 -0.34360
vt 0.11330 -0.33500
vt 0.12750 -0.33500
vt 0.11330 -0.32670
vt 0.12750 -0.32670
vt 0.18140 -0.49910
vt 0.17360 -0.50310
vt 0.17340 -0.50160
vt 0.16460 -0.50310
vt 0.18220 -0.50040
vt 0.16480 -0.50160
vt 0.18830 -0.49430
vt 0.15630 -0.50040
vt 0.18950 -0.49550
vt 0.15680 -0.49910
vt 0.19340 -0.48770
vt 0.14900 -0.49520
vt 0.19830 -0.48300
vt 0.14990 -0.49430
vt 0.14360 -0.48820
vt 0.14510 -0.48740
vt 0.14110 -0.47960
vt 0.14260 -0.47940
vt 0.14290 -0.47110
vt 0.14290 -0.46250
vt 0.14550 -0.46300
vt 0.14210 -0.43860
vt 0.15070 -0.45620
vt 0.14770 -0.42930
vt 0.15750 -0.45130
vt 0.15870 -0.42420
vt 0.16560 -0.44880
vt 0.16780 -0.42340
vt 0.17920 -0.42710
vt 0.17390 -0.44880
vt 0.18950 -0.43370
vt 0.18190 -0.45150
vt 0.19880 -0.44100
vt 0.18880 -0.45640
vt 0.20610 -0.44840
vt 0.19370 -0.46320
vt 0.21050 -0.45710
vt 0.19610 -0.47130
vt 0.21120 -0.46520
vt 0.19610 -0.47960
vt 0.20850 -0.47350
vt 0.20460 -0.47840
vt 0.01270 -0.42780
vt 0.09960 -0.41860
vt 0.09960 -0.42780
vt 0.01270 -0.41860
vt 0.01270 -0.43660
vt 0.01270 -0.40950
vt 0.09960 -0.43660
vt 0.09960 -0.40950
vt 0.01270 -0.44490
vt 0.01270 -0.39580
vt 0.09960 -0.44490
vt 0.09960 -0.39580
vt 0.01270 -0.45300
vt 0.09960 -0.38850
vt 0.09960 -0.45300
vt 0.01270 -0.38850
vt 0.01270 -0.46130
vt 0.09960 -0.38220
vt 0.09960 -0.46130
vt 0.01270 -0.38220
vt 0.01270 -0.46980
vt 0.01270 -0.37410
vt 0.09960 -0.46980
vt 0.09960 -0.37410
vt 0.01270 -0.48690
vt 0.09960 -0.48690
vt 0.01270 -0.50960
vt 0.09960 -0.50960
vt 0.01270 -0.52010
vt 0.09960 -0.52010
vt 0.01270 -0.53240
vt 0.09960 -0.53240
vt 0.01270 -0.36650
vt 0.09960 -0.36650
vt 0.02910 -0.36000
vt 0.01900 -0.35950
vt 0.01270 -0.35750
vt 0.01270 -0.34750
vt 0.01900 -0.34140
vt 0.01270 -0.33630
vt 0.02910 -0.34160
vt 0.08420 -0.36260
vt 0.09400 -0.36290
vt 0.08450 -0.34360
vt 0.09960 -0.35700
vt 0.09430 -0.34380
vt 0.09960 -0.34730
vt 0.09960 -0.33630
vt 0.09960 -0.32480
vt 0.01270 -0.32480
vt 0.09960 -0.31360
vt 0.01270 -0.31360
vt 0.09960 -0.30480
vt 0.01270 -0.30480
vt 0.52450 -0.59320
vt 0.52040 -0.59950
vt 0.51750 -0.59580
vt 0.51360 -0.60760
vt 0.52430 -0.60100
vt 0.52430 -0.61120
vt 0.52820 -0.60020
vt 0.51180 -0.61030
vt 0.52450 -0.61470
vt 0.50400 -0.59830
vt 0.53380 -0.60900
vt 0.53550 -0.61120
vt 0.54330 -0.60220
vt 0.54090 -0.60070
vt 0.54460 -0.58930
vt 0.53110 -0.59660
vt 0.54190 -0.58970
vt 0.53680 -0.57680
vt 0.53190 -0.59190
vt 0.52920 -0.58750
vt 0.53500 -0.57900
vt 0.52450 -0.58580
vt 0.52380 -0.57530
vt 0.52380 -0.57240
vt 0.52010 -0.58730
vt 0.51450 -0.57800
vt 0.51310 -0.57560
vt 0.50790 -0.58560
vt 0.50500 -0.58460
vt 0.51750 -0.59100
vt 0.50700 -0.59760
vt 0.22470 -0.55820
vt 0.23660 -0.55530
vt 0.23660 -0.55820
vt 0.24930 -0.55530
vt 0.24930 -0.55820
vt 0.26010 -0.55820
vt 0.22470 -0.55530
vt 0.21340 -0.55530
vt 0.21340 -0.55820
vt 0.22470 -0.55290
vt 0.20370 -0.55530
vt 0.20370 -0.55820
vt 0.21340 -0.55290
vt 0.20370 -0.55290
vt 0.19190 -0.55530
vt 0.19190 -0.55820
vt 0.17900 -0.55530
vt 0.17900 -0.55820
vt 0.19190 -0.55290
vt 0.17900 -0.55290
vt 0.17900 -0.52650
vt 0.19190 -0.52650
vt 0.17900 -0.51160
vt 0.19190 -0.51160
vt 0.20370 -0.52650
vt 0.20370 -0.51160
vt 0.21340 -0.52650
vt 0.21340 -0.51160
vt 0.22470 -0.52650
vt 0.22470 -0.51160
vt 0.23660 -0.51160
vt 0.23660 -0.55290
vt 0.23660 -0.52650
vt 0.24930 -0.51160
vt 0.24930 -0.52650
vt 0.24930 -0.55290
vt 0.26010 -0.55290
vt 0.26010 -0.52650
vt 0.26010 -0.51160
vt 0.26010 -0.55530
vt 0.27060 -0.55820
vt 0.27060 -0.55530
vt 0.28060 -0.55820
vt 0.27060 -0.55290
vt 0.28060 -0.55530
vt 0.29160 -0.55820
vt 0.29160 -0.55530
vt 0.29160 -0.55290
vt 0.27060 -0.52650
vt 0.27060 -0.51160
vt 0.28060 -0.55290
vt 0.28060 -0.52650
vt 0.28060 -0.51160
vt 0.29160 -0.52650
vt 0.29160 -0.51160
vt 0.18750 -0.67520
vt 0.18100 -0.66960
vt 0.18850 -0.67280
vt 0.17920 -0.67160
vt 0.19390 -0.67500
vt 0.17480 -0.66500
vt 0.19610 -0.67130
vt 0.17680 -0.66130
vt 0.20150 -0.67230
vt 0.17850 -0.65320
vt 0.20200 -0.66470
vt 0.17560 -0.64880
vt 0.20830 -0.66790
vt 0.18320 -0.64760
vt 0.21470 -0.66300
vt 0.17440 -0.63590
vt 0.20290 -0.65590
vt 0.19100 -0.64570
vt 0.21950 -0.65810
vt 0.17510 -0.62980
vt 0.22250 -0.65230
vt 0.22300 -0.64660
vt 0.22120 -0.64130
vt 0.21880 -0.63740
vt 0.19760 -0.64840
vt 0.21540 -0.63350
vt 0.20780 -0.62760
vt 0.20200 -0.62390
vt 0.19540 -0.62080
vt 0.18900 -0.62050
vt 0.18340 -0.62200
vt 0.17830 -0.62520
vt 0.18070 -0.95210
vt 0.18610 -0.96020
vt 0.18070 -0.96020
vt 0.17580 -0.95210
vt 0.17580 -0.96020
vt 0.18610 -0.95210
vt 0.19630 -0.96020
vt 0.19630 -0.95210
vt 0.20000 -0.96020
vt 0.20000 -0.95210
vt 0.20320 -0.96020
vt 0.20320 -0.95210
vt 0.21270 -0.95210
vt 0.21270 -0.96020
vt 0.19610 -0.90380
vt 0.20120 -0.91160
vt 0.19610 -0.91160
vt 0.20120 -0.90380
vt 0.19000 -0.91160
vt 0.19000 -0.90380
vt 0.18660 -0.90380
vt 0.18660 -0.91160
vt 0.18340 -0.90380
vt 0.18340 -0.91160
vt 0.17580 -0.91160
vt 0.17580 -0.90380
vt 0.18240 -0.97480
vt 0.18930 -0.98580
vt 0.18240 -0.98580
vt 0.17580 -0.97480
vt 0.17580 -0.98580
vt 0.18930 -0.97480
vt 0.20320 -0.97480
vt 0.20320 -0.98580
vt 0.20780 -0.98580
vt 0.20780 -0.97480
vt 0.21220 -0.98580
vt 0.21220 -0.97480
vt 0.22390 -0.97480
vt 0.22390 -0.98580
vt 0.20240 -0.92670
vt 0.20930 -0.93720
vt 0.20240 -0.93720
vt 0.20930 -0.92670
vt 0.19440 -0.92670
vt 0.19440 -0.93720
vt 0.19000 -0.92670
vt 0.19000 -0.93720
vt 0.18560 -0.92670
vt 0.18560 -0.93720
vt 0.17580 -0.93720
vt 0.17580 -0.92670
vt 0.25690 -0.30720
vt 0.24960 -0.26590
vt 0.27030 -0.26250
vt 0.23880 -0.30790
vt 0.20710 -0.28130
vt 0.27010 -0.30650
vt 0.28420 -0.26300
vt 0.19900 -0.30790
vt 0.17780 -0.30280
vt 0.28250 -0.30820
vt 0.29620 -0.26370
vt 0.29550 -0.31010
vt 0.30720 -0.26760
vt 0.28420 -0.34480
vt 0.27280 -0.34290
vt 0.27180 -0.38560
vt 0.26150 -0.34380
vt 0.26010 -0.38490
vt 0.26520 -0.40880
vt 0.25370 -0.41120
vt 0.24710 -0.41470
vt 0.24930 -0.38490
vt 0.24030 -0.41830
vt 0.23420 -0.42080
vt 0.24540 -0.34650
vt 0.23590 -0.38660
vt 0.22780 -0.42250
vt 0.22610 -0.34970
vt 0.21780 -0.38710
vt 0.20810 -0.42220
vt 0.19120 -0.33680
vt 0.15970 -0.33110
vt 0.18680 -0.36510
vt 0.15580 -0.36460
vt 0.16580 -0.39220
vt 0.18610 -0.39100
vt 0.18490 -0.41340
vt 0.57700 -0.16530
vt 0.55460 -0.17580
vt 0.55530 -0.15580
vt 0.57510 -0.18610
vt 0.53720 -0.20490
vt 0.52940 -0.19290
vt 0.59020 -0.17510
vt 0.50330 -0.21100
vt 0.49770 -0.20290
vt 0.47030 -0.21780
vt 0.46450 -0.20760
vt 0.43540 -0.23170
vt 0.42740 -0.21810
vt 0.41980 -0.23790
vt 0.41000 -0.22420
vt 0.40810 -0.24250
vt 0.39950 -0.22950
vt 0.39440 -0.23880
vt 0.39630 -0.24860
vt 0.60120 -0.15970
vt 0.60340 -0.17000
vt 0.57240 -0.13330
vt 0.62520 -0.15480
vt 0.62780 -0.16460
vt 0.64930 -0.15120
vt 0.65270 -0.15920
vt 0.65620 -0.15530
vt 0.65590 -0.12580
vt 0.64690 -0.12940
vt 0.65300 -0.12190
vt 0.62080 -0.13040
vt 0.59660 -0.13160
vt 0.64590 -0.12430
vt 0.62050 -0.12630
vt 0.65030 -0.12260
vt 0.64620 -0.11840
vt 0.64590 -0.12110
vt 0.62300 -0.12160
vt 0.62300 -0.11770
vt 0.61880 -0.12040
vt 0.59540 -0.12230
vt 0.57310 -0.12280
vt 0.54460 -0.12530
vt 0.54310 -0.13550
vt 0.55040 -0.14510
vt 0.53970 -0.14360
vt 0.54040 -0.14240
vt 0.52010 -0.14380
vt 0.51970 -0.15240
vt 0.50500 -0.15700
vt 0.52040 -0.13500
vt 0.52230 -0.12600
vt 0.50480 -0.14510
vt 0.49650 -0.15340
vt 0.50570 -0.13480
vt 0.50770 -0.12670
vt 0.49230 -0.13870
vt 0.49040 -0.14970
vt 0.48420 -0.14310
vt 0.48130 -0.13500
vt 0.48790 -0.13240
vt 0.48640 -0.12770
vt 0.48250 -0.12870
vt 0.20100 -0.13020
vt 0.16340 -0.15700
vt 0.16340 -0.12940
vt 0.21050 -0.15580
vt 0.24080 -0.12500
vt 0.15580 -0.15780
vt 0.15560 -0.12800
vt 0.14900 -0.15900
vt 0.14990 -0.12700
vt 0.14850 -0.11770
vt 0.15410 -0.12310
vt 0.10990 -0.12720
vt 0.11060 -0.11700
vt 0.07030 -0.11670
vt 0.07060 -0.12800
vt 0.03590 -0.11650
vt 0.11010 -0.15950
vt 0.14850 -0.16830
vt 0.15430 -0.16340
vt 0.10130 -0.16900
vt 0.02000 -0.12970
vt 0.01050 -0.12500
vt 0.06960 -0.16000
vt 0.06740 -0.16950
vt 0.01980 -0.15680
vt 0.01170 -0.16390
vt 0.25450 -0.19120
vt 0.29180 -0.18680
vt 0.25150 -0.19630
vt 0.29080 -0.18050
vt 0.25130 -0.17630
vt 0.28640 -0.16530
vt 0.33040 -0.16900
vt 0.28380 -0.15800
vt 0.32630 -0.15360
vt 0.33550 -0.17170
vt 0.32940 -0.14820
vt 0.24520 -0.17260
vt 0.31940 -0.13310
vt 0.23740 -0.17580
vt 0.24690 -0.16020
vt 0.23490 -0.16610
vt 0.23200 -0.17850
vt 0.23050 -0.15850
vt 0.21860 -0.16680
vt 0.24690 -0.15040
vt 0.28300 -0.14310
vt 0.28400 -0.13430
vt 0.31820 -0.12890
vt 0.34990 -0.13380
vt 0.34850 -0.13850
vt 0.37510 -0.15210
vt 0.35070 -0.15290
vt 0.38490 -0.14990
vt 0.39270 -0.16920
vt 0.40050 -0.15340
vt 0.36830 -0.15970
vt 0.35120 -0.17290
vt 0.37020 -0.17730
vt 0.41780 -0.16190
vt 0.41490 -0.15140
vt 0.40370 -0.19730
vt 0.44150 -0.15510
vt 0.43980 -0.14530
vt 0.42610 -0.18750
vt 0.44930 -0.17880
vt 0.46420 -0.14630
vt 0.46470 -0.13920
vt 0.46940 -0.14160
vt 0.47300 -0.16850
vt 0.48230 -0.16800
vt 0.48180 -0.17260
vt 0.47770 -0.17340
vt 0.47640 -0.17950
vt 0.47370 -0.17410
vt 0.47500 -0.17660
vt 0.45450 -0.18780
vt 0.45640 -0.19150
vt 0.45180 -0.19070
vt 0.45100 -0.18440
vt 0.42910 -0.19930
vt 0.40830 -0.20900
vt 0.37750 -0.21170
vt 0.38270 -0.22270
vt 0.34800 -0.20100
vt 0.35560 -0.22030
vt 0.34040 -0.18710
vt 0.31650 -0.21490
vt 0.30160 -0.20050
vt 0.29910 -0.22590
vt 0.35750 -0.22470
vt 0.34140 -0.22860
vt 0.36290 -0.23420
vt 0.27940 -0.21370
vt 0.34410 -0.23350
vt 0.34870 -0.24300
vt 0.27370 -0.21950
vt 0.32580 -0.23690
vt 0.32110 -0.23440
vt 0.32820 -0.24250
vt 0.32970 -0.25270
vt 0.32450 -0.25620
vt 0.32450 -0.24150
vt 0.30180 -0.24710
vt 0.30720 -0.23640
vt 0.26760 -0.22860
vt 0.24710 -0.20150
vt 0.24050 -0.20880
vt 0.22120 -0.18000
vt 0.21100 -0.18100
vt 0.01320 -0.97680
vt 0.15650 -0.77700
vt 0.15650 -0.97680
vt 0.01930 -0.98220
vt 0.15240 -0.98220
vt 0.02740 -0.98580
vt 0.14770 -0.98580
vt 0.01320 -0.77700
vt 0.15650 -0.77290
vt 0.16870 -0.76430
vt 0.01320 -0.77290
vt 0.15650 -0.76140
vt 0.01320 -0.76140
vt 0.16120 -0.75560
vt 0.01320 -0.75680
vt 0.15650 -0.75680
vt 0.15650 -0.56090
vt 0.16120 -0.56000
vt 0.01320 -0.56090
vt 0.01000 -0.75140
vt 0.01000 -0.55920
vt 0.01540 -0.55070
vt 0.15310 -0.55510
vt 0.15630 -0.55090
vt 0.01930 -0.55510
vt 0.02470 -0.55190
vt 0.02440 -0.54600
vt 0.14700 -0.55190
vt 0.14770 -0.54600
vt 0.90280 -0.66840
vt 0.89330 -0.48420
vt 0.90280 -0.47690
vt 0.89910 -0.47350
vt 0.88740 -0.47350
vt 0.88570 -0.48250
vt 0.88420 -0.47720
vt 0.89330 -0.66640
vt 0.88570 -0.66620
vt 0.89330 -0.67280
vt 0.88570 -0.67280
vt 0.90280 -0.67370
vt 0.88570 -0.67890
vt 0.89330 -0.67990
vt 0.90280 -0.68080
vt 0.88570 -0.79340
vt 0.89330 -0.79410
vt 0.90280 -0.79560
vt 0.88570 -0.79880
vt 0.89330 -0.79930
vt 0.90280 -0.80000
vt 0.90280 -0.80370
vt 0.89330 -0.80440
vt 0.88570 -0.80540
vt 0.89330 -0.98710
vt 0.90280 -0.99510
vt 0.88570 -0.99020
vt 0.38220 -0.12010
vt 0.39150 -0.11550
vt 0.39150 -0.12010
vt 0.38220 -0.11550
vt 0.38220 -0.12530
vt 0.42420 -0.11550
vt 0.38930 -0.12530
vt 0.39150 -0.12990
vt 0.38220 -0.12990
vt 0.39370 -0.12530
vt 0.42420 -0.12010
vt 0.39150 -0.13530
vt 0.38220 -0.13530
vt 0.42420 -0.12990
vt 0.42220 -0.12530
vt 0.42420 -0.13530
vt 0.43370 -0.12010
vt 0.43370 -0.11550
vt 0.43370 -0.12530
vt 0.42610 -0.12530
vt 0.43370 -0.12990
vt 0.43370 -0.13530
vt 0.38220 -0.12010
vt 0.39150 -0.11550
vt 0.39150 -0.12010
vt 0.38220 -0.11550
vt 0.38220 -0.12530
vt 0.42420 -0.11550
vt 0.38930 -0.12530
vt 0.39150 -0.12990
vt 0.38220 -0.12990
vt 0.39370 -0.12530
vt 0.42420 -0.12010
vt 0.39150 -0.13530
vt 0.38220 -0.13530
vt 0.42420 -0.12990
vt 0.42220 -0.12530
vt 0.42420 -0.13530
vt 0.43370 -0.12010
vt 0.43370 -0.11550
vt 0.43370 -0.12530
vt 0.42610 -0.12530
vt 0.43370 -0.12990
vt 0.43370 -0.13530
vt 0.58800 -0.62000
vt 0.58610 -0.62520
vt 0.58610 -0.62000
vt 0.58610 -0.61510
vt 0.58800 -0.62520
vt 0.58610 -0.62930
vt 0.58800 -0.61510
vt 0.58610 -0.61070
vt 0.58970 -0.62000
vt 0.58800 -0.62930
vt 0.58610 -0.63520
vt 0.58800 -0.61070
vt 0.58610 -0.60460
vt 0.58970 -0.61510
vt 0.58800 -0.60460
vt 0.58610 -0.53330
vt 0.58970 -0.61070
vt 0.58800 -0.53330
vt 0.59150 -0.61070
vt 0.58800 -0.52750
vt 0.58610 -0.52750
vt 0.58970 -0.53330
vt 0.58970 -0.52750
vt 0.58800 -0.52310
vt 0.58610 -0.52310
vt 0.58970 -0.60460
vt 0.59150 -0.53330
vt 0.59150 -0.60460
vt 0.58800 -0.51820
vt 0.58610 -0.51820
vt 0.58610 -0.51310
vt 0.59320 -0.60460
vt 0.58800 -0.51310
vt 0.58610 -0.50890
vt 0.58970 -0.51820
vt 0.58800 -0.50890
vt 0.58610 -0.50330
vt 0.58800 -0.50330
vt 0.58970 -0.51310
vt 0.58970 -0.50890
vt 0.58970 -0.50330
vt 0.59150 -0.50330
vt 0.59150 -0.50890
vt 0.59320 -0.50330
vt 0.59150 -0.51310
vt 0.59320 -0.50890
vt 0.59490 -0.50330
vt 0.59490 -0.50890
vt 0.59680 -0.50330
vt 0.59320 -0.51310
vt 0.59150 -0.51820
vt 0.59490 -0.51310
vt 0.59320 -0.51820
vt 0.59680 -0.50890
vt 0.59490 -0.51820
vt 0.59880 -0.50890
vt 0.59880 -0.50330
vt 0.60050 -0.50890
vt 0.60050 -0.50330
vt 0.60050 -0.51310
vt 0.59880 -0.51310
vt 0.60050 -0.51820
vt 0.59680 -0.51310
vt 0.59880 -0.51820
vt 0.59680 -0.51820
vt 0.59680 -0.52310
vt 0.59880 -0.52310
vt 0.60050 -0.52310
vt 0.59490 -0.52310
vt 0.59680 -0.52750
vt 0.59880 -0.52750
vt 0.60050 -0.52750
vt 0.59880 -0.53330
vt 0.60050 -0.53330
vt 0.59680 -0.53330
vt 0.60050 -0.60460
vt 0.59880 -0.60460
vt 0.60050 -0.61070
vt 0.59680 -0.60460
vt 0.59880 -0.61070
vt 0.60050 -0.61510
vt 0.59490 -0.60460
vt 0.59880 -0.61510
vt 0.60050 -0.62000
vt 0.59680 -0.61070
vt 0.59490 -0.61070
vt 0.59680 -0.61510
vt 0.59880 -0.62000
vt 0.59490 -0.61510
vt 0.59680 -0.62000
vt 0.59880 -0.62520
vt 0.60050 -0.62520
vt 0.59680 -0.62520
vt 0.59490 -0.62000
vt 0.59880 -0.62930
vt 0.60050 -0.62930
vt 0.59680 -0.62930
vt 0.59490 -0.62520
vt 0.59320 -0.62000
vt 0.59880 -0.63520
vt 0.60050 -0.63520
vt 0.60050 -0.70620
vt 0.59880 -0.70620
vt 0.59680 -0.70620
vt 0.59680 -0.63520
vt 0.59490 -0.70620
vt 0.59490 -0.62930
vt 0.59490 -0.63520
vt 0.59320 -0.63520
vt 0.59320 -0.70620
vt 0.59320 -0.62930
vt 0.59320 -0.62520
vt 0.59150 -0.63520
vt 0.59150 -0.70620
vt 0.58970 -0.70620
vt 0.59150 -0.62930
vt 0.58970 -0.63520
vt 0.58800 -0.70620
vt 0.58970 -0.62930
vt 0.59150 -0.62520
vt 0.58970 -0.62520
vt 0.58800 -0.63520
vt 0.58610 -0.70620
vt 0.59150 -0.62000
vt 0.59150 -0.61510
vt 0.59320 -0.61510
vt 0.59320 -0.61070
vt 0.59320 -0.53330
vt 0.59490 -0.53330
vt 0.59150 -0.52750
vt 0.59320 -0.52750
vt 0.59490 -0.52750
vt 0.59320 -0.52310
vt 0.59150 -0.52310
vt 0.58970 -0.52310
vt 0.93500 -0.99340
vt 0.93700 -0.98750
vt 0.93680 -0.99170
vt 0.94600 -0.99100
vt 0.93500 -0.98750
vt 0.94770 -0.99340
vt 0.93500 -0.98020
vt 0.94600 -0.98750
vt 0.94770 -0.98750
vt 0.94770 -0.98020
vt 0.94600 -0.98020
vt 0.93700 -0.98020
vt 0.94600 -0.96920
vt 0.94770 -0.96920
vt 0.93700 -0.96920
vt 0.93500 -0.96920
vt 0.93500 -0.90280
vt 0.93700 -0.90280
vt 0.93500 -0.82270
vt 0.94600 -0.90280
vt 0.94770 -0.90280
vt 0.93700 -0.82270
vt 0.93500 -0.81070
vt 0.94600 -0.82270
vt 0.94770 -0.82270
vt 0.94770 -0.81070
vt 0.94600 -0.81070
vt 0.94770 -0.80540
vt 0.93700 -0.81070
vt 0.93500 -0.80540
vt 0.94600 -0.80560
vt 0.93700 -0.80560
vt 0.94600 -0.79980
vt 0.94770 -0.79980
vt 0.93700 -0.79980
vt 0.93500 -0.79980
vt 0.93700 -0.71580
vt 0.93500 -0.71580
vt 0.94600 -0.71580
vt 0.94770 -0.71580
vt 0.93500 -0.70330
vt 0.94770 -0.70330
vt 0.93700 -0.70330
vt 0.94600 -0.70330
vt 0.94770 -0.69110
vt 0.93700 -0.69110
vt 0.93500 -0.69110
vt 0.94600 -0.69110
vt 0.94770 -0.66980
vt 0.93500 -0.66980
vt 0.94600 -0.66980
vt 0.94770 -0.62880
vt 0.93700 -0.66980
vt 0.93500 -0.62880
vt 0.94600 -0.62880
vt 0.93680 -0.62880
vt 0.93680 -0.57410
vt 0.93500 -0.57410
vt 0.94600 -0.57410
vt 0.94770 -0.57410
vt 0.94600 -0.53310
vt 0.94770 -0.53330
vt 0.94770 -0.49230
vt 0.93680 -0.53330
vt 0.93500 -0.53330
vt 0.94600 -0.49230
vt 0.94600 -0.45150
vt 0.94770 -0.45150
vt 0.93680 -0.49230
vt 0.93500 -0.49230
vt 0.94770 -0.40150
vt 0.93680 -0.45150
vt 0.93500 -0.45150
vt 0.94600 -0.40150
vt 0.94770 -0.32870
vt 0.93680 -0.40150
vt 0.93500 -0.40150
vt 0.93500 -0.32870
vt 0.94600 -0.32870
vt 0.93680 -0.32870
vt 0.93680 -0.27450
vt 0.93500 -0.27450
vt 0.94600 -0.27450
vt 0.94770 -0.27450
vt 0.94600 -0.24790
vt 0.94770 -0.24790
vt 0.93680 -0.24810
vt 0.93500 -0.24810
vt 0.94600 -0.22030
vt 0.94770 -0.22030
vt 0.93680 -0.22030
vt 0.93500 -0.22030
vt 0.94770 -0.17950
vt 0.93500 -0.17950
vt 0.93680 -0.17950
vt 0.93500 -0.15240
vt 0.94600 -0.17950
vt 0.94770 -0.15240
vt 0.93680 -0.15240
vt 0.94600 -0.15240
vt 0.93680 -0.12210
vt 0.93500 -0.12210
vt 0.94600 -0.12210
vt 0.94770 -0.12210
vt 0.91310 -0.11600
vt 0.92410 -0.11820
vt 0.91480 -0.11820
vt 0.91480 -0.26810
vt 0.92580 -0.11600
vt 0.91310 -0.26810
vt 0.92580 -0.26810
vt 0.91310 -0.28520
vt 0.92380 -0.26810
vt 0.92580 -0.28520
vt 0.91480 -0.28520
vt 0.92380 -0.28520
vt 0.92580 -0.29060
vt 0.91310 -0.29060
vt 0.92380 -0.29060
vt 0.92580 -0.29570
vt 0.91480 -0.29060
vt 0.91480 -0.29570
vt 0.91310 -0.29570
vt 0.92380 -0.29570
vt 0.92380 -0.30450
vt 0.92580 -0.30450
vt 0.91480 -0.30450
vt 0.91310 -0.30450
vt 0.92580 -0.37700
vt 0.91480 -0.37700
vt 0.91310 -0.37700
vt 0.91310 -0.39510
vt 0.92380 -0.37700
vt 0.92580 -0.39510
vt 0.91480 -0.39510
vt 0.92380 -0.39510
vt 0.92380 -0.41320
vt 0.92580 -0.41320
vt 0.91480 -0.41320
vt 0.91310 -0.41320
vt 0.92580 -0.44030
vt 0.91310 -0.44030
vt 0.92380 -0.44030
vt 0.91480 -0.44030
vt 0.91310 -0.48990
vt 0.92380 -0.49010
vt 0.92580 -0.48990
vt 0.91480 -0.49010
vt 0.92380 -0.55750
vt 0.92580 -0.55750
vt 0.91480 -0.55750
vt 0.91310 -0.55750
vt 0.92380 -0.59830
vt 0.92580 -0.59830
vt 0.91480 -0.59830
vt 0.91310 -0.59830
vt 0.92580 -0.63880
vt 0.91310 -0.63880
vt 0.91480 -0.63880
vt 0.92380 -0.63880
vt 0.92580 -0.65980
vt 0.91310 -0.65980
vt 0.92380 -0.65980
vt 0.92580 -0.68570
vt 0.91480 -0.65980
vt 0.92480 -0.68500
vt 0.92580 -0.71430
vt 0.92380 -0.68420
vt 0.91890 -0.68500
vt 0.92380 -0.71430
vt 0.91480 -0.68550
vt 0.91380 -0.68600
vt 0.91310 -0.68670
vt 0.91480 -0.71430
vt 0.91310 -0.71430
vt 0.91480 -0.77290
vt 0.91310 -0.77290
vt 0.92380 -0.77290
vt 0.92580 -0.77290
vt 0.92380 -0.84690
vt 0.92580 -0.84690
vt 0.91480 -0.84690
vt 0.91310 -0.84690
vt 0.92580 -0.91940
vt 0.91310 -0.91940
vt 0.92380 -0.91940
vt 0.92580 -0.97360
vt 0.92410 -0.97360
vt 0.91480 -0.97360
vt 0.91310 -0.97360
vt 0.91480 -0.91940
vt 0.96750 -0.12190
vt 0.95820 -0.12630
vt 0.95820 -0.12190
vt 0.96750 -0.12630
vt 0.95820 -0.13310
vt 0.96750 -0.13310
vt 0.95820 -0.14360
vt 0.96750 -0.14360
vt 0.95820 -0.20950
vt 0.96750 -0.20950
vt 0.95820 -0.28910
vt 0.96750 -0.28910
vt 0.95820 -0.30040
vt 0.96750 -0.30040
vt 0.96750 -0.30500
vt 0.95820 -0.30500
vt 0.96750 -0.31010
vt 0.95820 -0.31010
vt 0.95820 -0.39370
vt 0.96750 -0.39370
vt 0.95820 -0.40590
vt 0.96750 -0.40590
vt 0.95820 -0.41830
vt 0.96750 -0.41830
vt 0.96750 -0.43960
vt 0.95820 -0.43960
vt 0.96750 -0.48030
vt 0.95820 -0.48030
vt 0.95820 -0.53500
vt 0.96750 -0.53500
vt 0.96750 -0.57580
vt 0.95820 -0.57580
vt 0.95820 -0.61680
vt 0.96750 -0.61680
vt 0.96750 -0.65760
vt 0.95820 -0.65760
vt 0.95820 -0.70740
vt 0.96750 -0.70740
vt 0.96750 -0.78000
vt 0.95820 -0.78000
vt 0.95820 -0.83420
vt 0.96750 -0.83420
vt 0.96750 -0.86080
vt 0.95820 -0.86060
vt 0.96750 -0.88840
vt 0.95820 -0.88840
vt 0.95820 -0.92920
vt 0.96750 -0.92920
vt 0.96750 -0.95600
vt 0.95820 -0.95600
vt 0.95820 -0.98580
vt 0.96750 -0.98580
vt 0.98580 -0.17970
vt 0.97680 -0.12630
vt 0.98580 -0.12630
vt 0.97680 -0.17970
vt 0.98580 -0.25100
vt 0.97680 -0.25100
vt 0.97680 -0.32450
vt 0.98580 -0.32450
vt 0.98580 -0.38320
vt 0.97680 -0.38320
vt 0.98120 -0.41100
vt 0.97680 -0.41050
vt 0.98580 -0.41150
vt 0.97680 -0.43710
vt 0.98580 -0.43710
vt 0.97680 -0.45810
vt 0.98580 -0.45810
vt 0.98580 -0.49890
vt 0.97680 -0.49890
vt 0.97680 -0.53990
vt 0.98580 -0.53990
vt 0.97680 -0.60830
vt 0.98580 -0.60830
vt 0.97680 -0.65860
vt 0.98580 -0.65860
vt 0.97680 -0.68600
vt 0.98580 -0.68600
vt 0.97680 -0.70450
vt 0.98580 -0.70450
vt 0.98580 -0.72310
vt 0.97680 -0.72310
vt 0.98580 -0.79680
vt 0.97680 -0.79680
vt 0.97680 -0.80630
vt 0.98580 -0.80630
vt 0.97680 -0.81170
vt 0.98580 -0.81170
vt 0.98580 -0.81760
vt 0.97680 -0.81760
vt 0.98580 -0.83490
vt 0.97680 -0.83490
vt 0.98580 -0.98660
vt 0.97680 -0.98660
vt 0.75580 -0.31970
vt 0.80320 -0.39980
vt 0.78140 -0.42000
vt 0.78220 -0.42170
vt 0.80630 -0.40220
vt 0.74970 -0.42420
vt 0.74920 -0.42740
vt 0.71920 -0.41560
vt 0.81510 -0.37530
vt 0.81730 -0.37580
vt 0.81560 -0.34290
vt 0.72090 -0.41320
vt 0.69790 -0.38440
vt 0.81270 -0.34310
vt 0.81100 -0.31280
vt 0.81390 -0.31310
vt 0.70060 -0.38320
vt 0.69350 -0.35020
vt 0.81470 -0.27890
vt 0.81710 -0.27910
vt 0.81370 -0.25230
vt 0.81560 -0.25130
vt 0.69620 -0.35020
vt 0.69330 -0.31970
vt 0.79490 -0.22560
vt 0.79630 -0.22320
vt 0.69670 -0.31990
vt 0.69670 -0.28890
vt 0.69380 -0.28840
vt 0.76190 -0.21270
vt 0.76210 -0.21030
vt 0.73110 -0.21830
vt 0.72990 -0.21590
vt 0.69910 -0.25930
vt 0.69600 -0.25840
vt 0.70820 -0.23250
vt 0.71010 -0.23420
vt 0.11280 -0.23960
vt 0.19050 -0.27810
vt 0.16240 -0.28770
vt 0.20880 -0.25450
vt 0.13480 -0.28940
vt 0.21170 -0.22540
vt 0.10670 -0.28910
vt 0.19950 -0.19930
vt 0.07890 -0.28960
vt 0.17510 -0.18290
vt 0.05030 -0.28620
vt 0.14600 -0.18320
vt 0.02420 -0.26980
vt 0.11890 -0.18580
vt 0.01200 -0.24130
vt 0.09230 -0.18460
vt 0.01640 -0.21120
vt 0.06450 -0.18190
vt 0.03590 -0.18850
vt 0.72720 -0.83390
vt 0.72430 -0.80590
vt 0.72720 -0.80590
vt 0.72430 -0.77630
vt 0.72430 -0.83390
vt 0.72720 -0.77630
vt 0.72430 -0.74730
vt 0.86860 -0.83390
vt 0.86860 -0.80590
vt 0.86860 -0.86320
vt 0.86860 -0.77630
vt 0.86860 -0.74730
vt 0.72720 -0.86320
vt 0.86860 -0.89230
vt 0.72430 -0.86320
vt 0.72720 -0.74730
vt 0.86860 -0.71750
vt 0.72430 -0.71750
vt 0.72720 -0.89230
vt 0.72430 -0.89230
vt 0.72720 -0.71750
vt 0.86860 -0.68720
vt 0.72430 -0.68720
vt 0.72720 -0.68720
vt 0.86860 -0.65690
vt 0.72430 -0.65690
vt 0.72720 -0.65690
vt 0.86860 -0.62660
vt 0.72720 -0.62660
vt 0.72430 -0.62660
vt 0.86860 -0.59800
vt 0.72720 -0.59800
vt 0.72430 -0.59800
vt 0.72430 -0.56920
vt 0.72720 -0.56920
vt 0.86860 -0.56920
vt 0.72430 -0.53970
vt 0.72720 -0.53970
vt 0.86860 -0.53970
vt 0.72430 -0.51060
vt 0.72720 -0.51060
vt 0.86860 -0.51060
vt 0.72430 -0.48080
vt 0.72720 -0.48080
vt 0.86860 -0.48080
vt 0.72430 -0.44980
vt 0.86860 -0.44980
vt 0.72720 -0.44980
vt 0.72720 -0.92190
vt 0.72430 -0.92190
vt 0.86860 -0.92190
vt 0.72720 -0.95430
vt 0.72430 -0.95430
vt 0.86860 -0.95430
vt 0.72720 -0.98510
vt 0.72430 -0.98510
vt 0.86860 -0.98510
vt 0.70090 -0.64640
vt 0.70550 -0.61030
vt 0.70550 -0.64640
vt 0.70090 -0.67890
vt 0.70550 -0.67890
vt 0.70090 -0.61030
vt 0.70550 -0.70990
vt 0.70550 -0.57950
vt 0.67330 -0.64640
vt 0.67330 -0.61030
vt 0.67330 -0.67890
vt 0.67330 -0.57950
vt 0.70090 -0.57950
vt 0.70550 -0.54680
vt 0.70090 -0.54680
vt 0.67330 -0.54680
vt 0.70550 -0.51650
vt 0.67330 -0.51650
vt 0.70090 -0.51650
vt 0.67330 -0.48790
vt 0.70090 -0.48790
vt 0.70550 -0.48790
vt 0.67330 -0.45590
vt 0.70090 -0.45590
vt 0.67330 -0.42520
vt 0.70550 -0.45590
vt 0.70090 -0.42520
vt 0.70550 -0.42520
vt 0.70090 -0.70990
vt 0.70550 -0.74110
vt 0.67330 -0.70990
vt 0.70090 -0.74110
vt 0.70550 -0.77020
vt 0.67330 -0.74110
vt 0.70090 -0.77020
vt 0.70550 -0.79880
vt 0.67330 -0.77020
vt 0.70090 -0.79880
vt 0.67330 -0.79880
vt 0.70550 -0.82560
vt 0.67330 -0.82560
vt 0.70090 -0.82560
vt 0.70550 -0.85760
vt 0.67330 -0.85760
vt 0.70090 -0.85760
vt 0.70550 -0.89180
vt 0.67330 -0.89180
vt 0.70090 -0.89180
vt 0.70550 -0.92430
vt 0.70090 -0.92430
vt 0.67330 -0.92430
vt 0.67330 -0.95430
vt 0.70090 -0.95430
vt 0.67330 -0.98630
vt 0.70550 -0.95430
vt 0.70090 -0.98630
vt 0.70550 -0.98630
vt 0.48600 -0.24520
vt 0.48890 -0.22810
vt 0.48890 -0.24220
vt 0.49080 -0.24050
vt 0.49330 -0.24050
vt 0.49080 -0.22980
vt 0.49330 -0.22980
vt 0.49550 -0.24220
vt 0.49550 -0.22810
vt 0.49670 -0.24520
vt 0.49770 -0.24220
vt 0.49670 -0.22590
vt 0.48600 -0.22590
vt 0.48380 -0.24710
vt 0.48380 -0.22370
vt 0.49670 -0.24710
vt 0.49670 -0.22370
vt 0.50870 -0.24710
vt 0.50870 -0.22370
vt 0.49770 -0.22810
vt 0.50650 -0.22590
vt 0.50380 -0.22810
vt 0.49910 -0.24030
vt 0.49910 -0.22950
vt 0.50160 -0.22950
vt 0.50160 -0.24030
vt 0.50380 -0.24220
vt 0.50650 -0.24520
vt 0.51180 -0.22690
vt 0.51180 -0.24420
vt 0.52140 -0.22370
vt 0.52140 -0.24710
vt 0.51940 -0.22690
vt 0.51940 -0.24420
vt 0.52360 -0.22690
vt 0.53110 -0.22690
vt 0.52360 -0.24420
vt 0.53430 -0.22370
vt 0.53110 -0.24420
vt 0.53430 -0.24710
vt 1.17950 -0.58100
vt 1.25320 -0.57610
vt 1.25320 -0.58100
vt 1.25690 -0.57610
vt 1.25910 -0.58100
vt 1.17950 -0.57610
vt 1.17950 -0.57240
vt 1.17580 -0.57610
vt 1.25320 -0.57240
vt 1.17950 -0.56680
vt 1.25320 -0.56680
vt 1.17390 -0.58100
vt 1.17950 -0.58490
vt 1.17660 -0.58490
vt 1.25320 -0.58490
vt 1.25670 -0.58490
vt 1.25320 -0.60540
vt 1.25670 -0.60880
vt 1.17950 -0.60540
vt 1.17660 -0.60880
vt 0.17920 -0.58100
vt 0.25300 -0.57610
vt 0.25300 -0.58100
vt 0.25670 -0.57610
vt 0.25890 -0.58100
vt 0.17920 -0.57610
vt 0.17920 -0.57240
vt 0.17560 -0.57610
vt 0.25300 -0.57240
vt 0.17920 -0.56680
vt 0.25300 -0.56680
vt 0.17360 -0.58100
vt 0.17920 -0.58490
vt 0.17630 -0.58490
vt 0.25300 -0.58490
vt 0.25640 -0.58490
vt 0.25300 -0.60540
vt 0.25640 -0.60880
vt 0.17920 -0.60540
vt 0.17630 -0.60880
vt 1.59070 -0.90820
vt 1.57950 -0.90550
vt 1.58580 -0.90550
vt 1.58660 -0.90350
vt 1.57900 -0.90350
vt 1.59220 -0.90670
vt 1.57310 -0.90740
vt 1.59510 -0.91280
vt 1.57460 -0.90890
vt 1.57050 -0.91310
vt 1.59290 -0.91330
vt 1.57260 -0.91360
vt 1.57020 -0.92230
vt 1.57240 -0.92230
vt 1.57020 -0.93310
vt 1.59320 -0.92230
vt 1.59540 -0.92230
vt 1.57240 -0.93310
vt 1.59540 -0.93310
vt 1.57020 -0.94260
vt 1.59320 -0.93310
vt 1.59320 -0.94260
vt 1.59540 -0.94260
vt 1.57240 -0.94260
vt 1.57020 -0.95260
vt 1.59320 -0.95260
vt 1.59540 -0.95260
vt 1.57240 -0.95260
vt 1.59320 -0.96170
vt 1.59540 -0.96170
vt 1.57240 -0.96170
vt 1.57020 -0.96170
vt 1.59540 -0.97140
vt 1.57020 -0.97140
vt 1.59320 -0.97140
vt 1.57240 -0.97140
vt 1.59150 -0.97730
vt 1.59290 -0.97850
vt 1.57340 -0.97700
vt 1.57190 -0.97830
vt 1.57880 -0.98340
vt 1.58630 -0.98140
vt 1.58680 -0.98340
vt 1.57950 -0.98140
vt 0.59050 -0.90820
vt 0.57920 -0.90550
vt 0.58560 -0.90550
vt 0.58630 -0.90350
vt 0.57880 -0.90350
vt 0.59190 -0.90670
vt 0.57290 -0.90740
vt 0.59490 -0.91280
vt 0.57440 -0.90890
vt 0.57020 -0.91310
vt 0.59270 -0.91330
vt 0.57240 -0.91360
vt 0.57000 -0.92230
vt 0.57220 -0.92230
vt 0.57000 -0.93310
vt 0.59290 -0.92230
vt 0.59510 -0.92230
vt 0.57220 -0.93310
vt 0.59510 -0.93310
vt 0.57000 -0.94260
vt 0.59290 -0.93310
vt 0.59290 -0.94260
vt 0.59510 -0.94260
vt 0.57220 -0.94260
vt 0.57000 -0.95260
vt 0.59290 -0.95260
vt 0.59510 -0.95260
vt 0.57220 -0.95260
vt 0.59290 -0.96170
vt 0.59510 -0.96170
vt 0.57220 -0.96170
vt 0.57000 -0.96170
vt 0.59510 -0.97140
vt 0.57000 -0.97140
vt 0.59290 -0.97140
vt 0.57220 -0.97140
vt 0.59120 -0.97730
vt 0.59270 -0.97850
vt 0.57310 -0.97700
vt 0.57170 -0.97830
vt 0.57850 -0.98340
vt 0.58610 -0.98140
vt 0.58660 -0.98340
vt 0.57920 -0.98140
vt 0.88790 -0.22950
vt 0.89940 -0.26960
vt 0.88790 -0.26960
vt 0.88790 -0.30450
vt 0.89940 -0.22950
vt 0.89940 -0.30450
vt 0.88790 -0.19100
vt 0.89940 -0.33600
vt 0.89940 -0.19100
vt 0.88790 -0.33600
vt 0.89940 -0.15750
vt 0.88790 -0.36750
vt 0.89940 -0.36750
vt 0.88790 -0.39630
vt 0.89940 -0.39630
vt 0.89940 -0.42100
vt 0.88790 -0.15750
vt 0.88790 -0.42100
vt 0.89400 -0.13210
vt 0.88450 -0.14310
vt 0.90380 -0.14510
vt 0.88450 -0.11840
vt 0.90380 -0.11870
vt 0.89060 -0.11280
vt 0.89740 -0.11280
vt 0.89350 -0.44490
vt 0.88450 -0.43440
vt 0.90280 -0.43250
vt 0.88450 -0.45790
vt 0.90280 -0.45760
vt 0.89040 -0.46350
vt 0.89690 -0.46350
vt 0.47450 -0.51750
vt 0.53870 -0.54190
vt 0.49180 -0.56750
vt 0.50570 -0.50060
vt 0.44080 -0.52330
vt 0.44080 -0.57630
vt 0.38970 -0.56750
vt 0.44080 -0.41680
vt 0.40680 -0.51750
vt 0.34290 -0.54190
vt 0.37580 -0.50060
vt 0.35340 -0.47770
vt 0.30940 -0.50210
vt 0.34260 -0.44570
vt 0.29160 -0.45420
vt 0.33720 -0.41100
vt 0.28790 -0.40850
vt 0.34070 -0.37530
vt 0.29500 -0.36020
vt 0.35290 -0.34240
vt 0.31700 -0.31580
vt 0.37730 -0.31870
vt 0.35240 -0.28230
vt 0.40900 -0.30180
vt 0.39680 -0.26150
vt 0.44080 -0.29570
vt 0.44080 -0.25540
vt 0.48450 -0.26150
vt 0.47230 -0.30180
vt 0.52920 -0.28230
vt 0.50400 -0.31870
vt 0.56430 -0.31580
vt 0.52840 -0.34240
vt 0.58630 -0.36020
vt 0.54070 -0.37530
vt 0.59340 -0.40850
vt 0.54430 -0.41100
vt 0.59000 -0.45420
vt 0.53890 -0.44570
vt 0.57190 -0.50210
vt 0.52820 -0.47770
vt 0.65590 -0.57680
vt 0.61730 -0.61780
vt 0.61730 -0.57680
vt 0.65590 -0.61780
vt 0.65590 -0.54600
vt 0.61730 -0.65080
vt 0.61730 -0.54600
vt 0.65590 -0.65080
vt 0.65590 -0.51060
vt 0.65590 -0.68380
vt 0.61730 -0.51060
vt 0.61730 -0.68380
vt 0.65590 -0.47720
vt 0.65590 -0.72480
vt 0.61730 -0.72480
vt 0.65590 -0.75560
vt 0.61730 -0.75560
vt 0.65590 -0.79100
vt 0.61730 -0.79100
vt 0.65590 -0.82440
vt 0.61730 -0.47720
vt 0.61730 -0.82440
vt 0.65590 -0.44420
vt 0.65590 -0.85740
vt 0.61730 -0.44420
vt 0.65590 -0.41120
vt 0.61470 -0.44420
vt 0.61470 -0.47720
vt 0.61730 -0.41120
vt 0.61470 -0.41120
vt 0.61730 -0.37880
vt 0.65590 -0.37880
vt 0.61470 -0.37880
vt 0.61730 -0.34510
vt 0.65590 -0.34510
vt 0.61470 -0.34510
vt 0.61730 -0.31580
vt 0.65590 -0.31580
vt 0.61470 -0.31580
vt 0.24250 -0.68280
vt 0.22910 -0.73090
vt 0.20950 -0.72230
vt 0.18780 -0.71750
vt 0.17510 -0.78440
vt 0.23170 -0.66200
vt 0.20460 -0.78440
vt 0.20950 -0.84660
vt 0.18780 -0.85130
vt 0.24250 -0.88620
vt 0.22910 -0.83810
vt 0.23170 -0.90700
vt 0.22560 -0.78440
vt 0.25250 -0.82830
vt 0.28350 -0.92480
vt 0.27670 -0.94850
vt 0.24880 -0.88080
vt 0.34040 -0.95160
vt 0.33890 -0.97950
vt 0.28840 -0.91720
vt 0.34070 -0.93970
vt 0.40320 -0.95820
vt 0.40120 -0.98610
vt 0.40220 -0.94920
vt 0.46180 -0.97140
vt 0.45230 -0.94950
vt 0.51310 -0.93970
vt 0.44660 -0.93940
vt 0.44300 -0.93160
vt 0.49210 -0.91580
vt 0.49840 -0.92310
vt 0.53480 -0.88350
vt 0.55460 -0.89520
vt 0.52630 -0.87990
vt 0.51920 -0.87570
vt 0.55240 -0.82950
vt 0.56070 -0.83350
vt 0.58070 -0.83880
vt 0.56920 -0.78440
vt 0.58660 -0.78440
vt 0.58070 -0.73020
vt 0.48720 -0.90960
vt 0.48060 -0.89960
vt 0.54240 -0.82590
vt 0.56070 -0.73550
vt 0.55460 -0.67370
vt 0.55950 -0.78440
vt 0.55240 -0.73940
vt 0.53480 -0.68550
vt 0.51310 -0.62930
vt 0.54240 -0.74290
vt 0.54870 -0.78440
vt 0.53600 -0.78440
vt 0.50620 -0.86620
vt 0.52920 -0.82270
vt 0.48550 -0.78440
vt 0.52920 -0.74600
vt 0.48250 -0.81120
vt 0.46690 -0.83710
vt 0.42660 -0.78440
vt 0.48250 -0.75780
vt 0.50620 -0.70260
vt 0.42300 -0.79630
vt 0.44520 -0.84930
vt 0.51920 -0.69330
vt 0.41560 -0.80560
vt 0.42420 -0.86060
vt 0.39980 -0.78440
vt 0.40460 -0.81000
vt 0.43860 -0.92160
vt 0.40440 -0.86720
vt 0.39290 -0.80900
vt 0.40170 -0.94140
vt 0.39900 -0.92990
vt 0.34090 -0.93410
vt 0.37290 -0.86300
vt 0.34020 -0.92380
vt 0.29380 -0.90870
vt 0.34820 -0.85450
vt 0.38220 -0.80290
vt 0.26180 -0.87200
vt 0.29960 -0.90110
vt 0.32820 -0.83660
vt 0.27030 -0.86640
vt 0.37680 -0.79240
vt 0.31620 -0.81220
vt 0.26420 -0.82690
vt 0.37580 -0.78440
vt 0.31310 -0.78440
vt 0.25930 -0.78440
vt 0.24880 -0.78440
vt 0.25250 -0.74040
vt 0.26420 -0.74210
vt 0.31620 -0.75680
vt 0.37680 -0.77660
vt 0.27030 -0.70260
vt 0.32820 -0.73240
vt 0.26180 -0.69690
vt 0.29960 -0.66790
vt 0.38220 -0.76610
vt 0.34820 -0.71450
vt 0.24880 -0.68820
vt 0.29380 -0.66010
vt 0.34020 -0.64520
vt 0.37290 -0.70600
vt 0.39290 -0.76000
vt 0.28840 -0.65180
vt 0.34090 -0.63490
vt 0.39900 -0.63910
vt 0.40440 -0.70180
vt 0.40460 -0.75900
vt 0.28350 -0.64420
vt 0.27670 -0.62050
vt 0.34070 -0.62930
vt 0.34040 -0.61730
vt 0.33890 -0.58930
vt 0.40170 -0.62760
vt 0.40220 -0.61980
vt 0.40320 -0.61070
vt 0.40120 -0.58290
vt 0.46180 -0.59760
vt 0.43860 -0.64740
vt 0.44300 -0.63740
vt 0.44660 -0.62930
vt 0.45230 -0.61930
vt 0.49210 -0.65300
vt 0.49840 -0.64590
vt 0.48720 -0.65930
vt 0.52630 -0.68910
vt 0.48060 -0.66910
vt 0.46690 -0.73160
vt 0.42420 -0.70840
vt 0.44520 -0.71940
vt 0.41560 -0.76310
vt 0.42300 -0.77260
vt 1.83470 -0.21200
vt 1.83880 -0.13110
vt 1.82540 -0.12700
vt 1.80020 -0.19120
vt 1.79930 -0.12410
vt 1.85300 -0.23760
vt 1.76730 -0.18560
vt 1.85230 -0.13870
vt 1.76730 -0.12330
vt 1.86080 -0.14730
vt 1.86760 -0.16560
vt 1.86230 -0.26890
vt 1.73500 -0.12410
vt 1.73410 -0.19120
vt 1.70890 -0.12700
vt 1.69960 -0.21200
vt 1.69570 -0.13110
vt 1.68160 -0.23740
vt 1.68230 -0.13850
vt 1.67370 -0.14730
vt 1.66690 -0.16560
vt 1.67200 -0.26890
vt 0.85270 -0.23760
vt 0.85200 -0.13870
vt 0.86060 -0.14730
vt 0.86320 -0.14480
vt 0.85420 -0.13550
vt 0.87060 -0.16360
vt 0.83860 -0.13110
vt 0.84000 -0.12750
vt 0.86740 -0.16560
vt 0.86200 -0.26890
vt 0.83440 -0.21200
vt 0.86520 -0.27180
vt 0.82610 -0.12330
vt 0.86590 -0.30310
vt 0.87060 -0.27420
vt 0.86960 -0.30330
vt 0.82520 -0.12700
vt 0.80000 -0.19120
vt 0.79900 -0.12410
vt 0.79930 -0.12010
vt 0.76700 -0.18560
vt 0.76700 -0.12330
vt 0.76700 -0.11920
vt 0.73480 -0.11990
vt 0.73480 -0.12410
vt 0.73380 -0.19120
vt 0.70790 -0.12330
vt 0.70870 -0.12700
vt 0.69940 -0.21200
vt 0.69550 -0.13110
vt 0.69380 -0.12750
vt 0.67960 -0.13550
vt 0.68130 -0.23740
vt 0.68210 -0.13850
vt 0.67060 -0.14460
vt 0.67350 -0.14730
vt 0.66320 -0.16360
vt 0.66670 -0.16560
vt 0.67180 -0.26890
vt 0.66860 -0.27180
vt 0.66790 -0.30310
vt 0.66320 -0.27420
vt 0.66420 -0.30310
vt 0.61730 -0.85740
vt 0.65590 -0.89040
vt 0.61470 -0.85740
vt 0.61470 -0.82440
vt 0.61730 -0.89040
vt 0.61470 -0.89040
vt 0.61730 -0.92280
vt 0.65590 -0.92280
vt 0.61470 -0.92280
vt 0.61730 -0.95650
vt 0.65590 -0.95650
vt 0.61470 -0.95650
vt 0.61730 -0.98580
vt 0.65590 -0.98580
vt 0.61470 -0.98580
vt 0.26570 -0.72480
vt 0.27300 -0.67010
vt 0.28030 -0.70350
vt 0.30650 -0.67670
vt 0.30940 -0.71820
vt 0.29960 -0.63320
vt 0.34310 -0.68670
vt 0.33410 -0.64980
vt 0.33310 -0.60950
vt 0.35310 -0.72700
vt 0.26570 -0.61680
vt 0.36410 -0.66030
vt 0.29840 -0.57780
vt 0.24760 -0.66400
vt 0.30160 -0.74680
vt 0.25670 -0.74040
vt 0.23130 -0.66890
vt 0.24470 -0.60170
vt 0.22590 -0.61540
vt 0.26520 -0.57460
vt 0.35530 -0.77360
vt 0.29840 -0.77680
vt 0.28940 -0.81000
vt 0.35900 -0.80950
vt 0.40610 -0.74090
vt 0.40440 -0.79410
vt 0.41270 -0.83350
vt 0.37920 -0.69550
vt 0.45050 -0.80850
vt 0.36140 -0.85320
vt 0.27790 -0.86890
vt 0.20220 -0.82690
vt 0.36170 -0.93140
vt 0.20980 -0.76460
vt 0.15290 -0.82590
vt 0.42030 -0.88230
vt 0.41880 -0.95430
vt 0.46590 -0.85810
vt 0.46890 -0.91140
vt 0.47300 -0.97900
vt 0.20880 -0.72360
vt 0.15290 -0.76430
vt 0.09550 -0.83910
vt 0.19780 -0.65230
vt 0.08500 -0.77560
vt 0.01340 -0.86760
vt 0.01340 -0.79120
vt 0.14800 -0.69770
vt 0.08080 -0.71530
vt 0.01340 -0.72840
vt 0.01340 -0.66300
vt 0.12190 -0.62660
vt 0.07080 -0.63080
vt 0.05200 -0.57970
vt 0.01340 -0.60490
vt 0.08330 -0.56360
vt 0.04690 -0.50620
vt 0.01340 -0.52210
vt 0.08080 -0.49330
vt 0.11600 -0.55680
vt 0.04790 -0.43200
vt 0.01340 -0.43370
vt 0.05100 -0.36310
vt 0.01340 -0.34970
vt 0.08380 -0.42560
vt 0.11430 -0.48130
vt 0.05670 -0.29550
vt 0.01340 -0.26500
vt 0.08740 -0.36290
vt 0.02860 -0.18580
vt 0.11230 -0.41390
vt 0.09180 -0.31450
vt 0.07420 -0.22740
vt 0.11380 -0.35700
vt 0.10180 -0.27570
vt 0.09820 -0.17480
vt 0.05690 -0.11400
vt 0.11990 -0.24030
vt 0.11160 -0.31010
vt 0.13310 -0.28670
vt 0.13190 -0.13380
vt 0.10450 -0.05890
vt 0.14850 -0.19900
vt 0.17340 -0.02560
vt 0.16120 -0.25790
vt 0.18460 -0.11060
vt 0.19220 -0.17510
vt 0.23690 -0.09960
vt 0.24760 -0.01320
vt 0.19780 -0.23830
vt 0.23740 -0.16260
vt 0.17220 -0.30500
vt 0.23610 -0.22340
vt 0.21070 -0.28640
vt 0.27400 -0.20170
vt 0.14040 -0.33210
vt 0.25370 -0.27990
vt 0.21150 -0.34110
vt 0.24400 -0.33850
vt 0.17560 -0.35600
vt 0.14530 -0.38050
vt 0.20680 -0.38750
vt 0.16700 -0.40170
vt 0.14430 -0.43300
vt 0.14040 -0.49770
vt 0.17290 -0.46280
vt 0.14950 -0.55090
vt 0.16120 -0.48860
vt 0.18510 -0.45320
vt 0.16040 -0.61440
vt 0.18660 -0.57140
vt 0.17510 -0.54160
vt 0.18340 -0.53650
vt 0.20560 -0.59680
vt 0.19290 -0.56730
vt 0.21760 -0.60490
vt 0.20780 -0.58850
vt 0.22050 -0.60290
vt 0.22610 -0.59710
vt 0.21220 -0.57950
vt 0.24180 -0.56680
vt 0.21810 -0.57880
vt 0.22830 -0.55380
vt 0.20560 -0.55510
vt 0.20290 -0.55820
vt 0.19710 -0.53820
vt 0.22080 -0.54360
vt 0.22690 -0.54240
vt 0.21510 -0.53650
vt 0.20100 -0.53700
vt 0.18970 -0.51650
vt 0.16970 -0.49230
vt 0.19290 -0.51600
vt 0.20780 -0.52190
vt 0.18050 -0.49450
vt 0.18320 -0.49520
vt 0.17220 -0.46740
vt 0.18000 -0.48330
vt 0.18290 -0.48350
vt 0.20240 -0.50280
vt 0.18360 -0.45740
vt 0.18270 -0.47520
vt 0.18410 -0.47590
vt 0.19710 -0.48080
vt 0.18800 -0.47010
vt 0.18580 -0.46940
vt 0.19120 -0.45320
vt 0.19390 -0.44710
vt 0.19240 -0.46080
vt 0.21050 -0.44980
vt 0.19460 -0.46350
vt 0.20680 -0.45640
vt 0.20050 -0.47230
vt 0.20760 -0.46280
vt 0.22490 -0.46980
vt 0.22030 -0.47790
vt 0.22170 -0.50820
vt 0.21730 -0.51310
vt 0.21900 -0.52580
vt 0.22370 -0.52360
vt 0.22780 -0.51500
vt 0.22490 -0.53480
vt 0.23370 -0.53600
vt 0.23760 -0.51110
vt 0.24130 -0.54680
vt 0.25810 -0.51820
vt 0.24910 -0.46250
vt 0.28520 -0.51840
vt 0.27450 -0.46230
vt 0.23930 -0.39730
vt 0.26640 -0.39760
vt 0.27520 -0.33700
vt 0.30260 -0.28620
vt 0.30090 -0.35310
vt 0.28960 -0.40150
vt 0.29500 -0.45860
vt 0.31430 -0.40490
vt 0.30720 -0.50770
vt 0.32330 -0.48640
vt 0.32040 -0.54700
vt 0.31750 -0.44540
vt 0.33580 -0.52010
vt 0.34260 -0.57700
vt 0.33970 -0.43200
vt 0.34730 -0.46810
vt 0.35950 -0.50040
vt 0.35510 -0.42780
vt 0.34260 -0.40440
vt 0.36430 -0.46420
vt 0.38270 -0.48420
vt 0.37360 -0.44030
vt 0.37220 -0.52040
vt 0.35430 -0.54730
vt 0.38610 -0.53480
vt 0.36780 -0.56850
vt 0.36610 -0.59780
vt 0.39680 -0.55090
vt 0.36040 -0.62490
vt 0.37680 -0.62120
vt 0.38240 -0.58630
vt 0.38410 -0.65860
vt 0.40560 -0.68890
vt 0.40220 -0.65230
vt 0.39440 -0.62000
vt 0.39900 -0.58970
vt 0.41290 -0.64200
vt 0.42250 -0.67500
vt 0.43200 -0.70890
vt 0.43810 -0.66230
vt 0.46030 -0.75510
vt 0.44470 -0.69080
vt 0.47770 -0.71970
vt 0.50010 -0.81290
vt 0.50010 -0.76040
vt 0.50010 -0.72650
vt 0.52280 -0.71970
vt 0.50010 -0.70920
vt 0.48060 -0.70060
vt 0.45230 -0.68030
vt 0.47300 -0.68570
vt 0.48620 -0.68640
vt 0.45960 -0.67180
vt 0.45520 -0.66230
vt 0.47400 -0.67400
vt 0.47300 -0.66350
vt 0.50010 -0.69260
vt 0.47010 -0.64400
vt 0.48820 -0.67470
vt 0.50010 -0.67720
vt 0.48990 -0.66200
vt 0.51430 -0.68640
vt 0.51990 -0.70060
vt 0.50010 -0.66200
vt 0.51230 -0.67470
vt 0.51060 -0.66200
vt 0.52650 -0.67400
vt 0.52750 -0.66350
vt 0.52750 -0.68570
vt 0.54090 -0.67180
vt 0.54820 -0.68030
vt 0.55580 -0.69080
vt 0.54530 -0.66230
vt 0.56240 -0.66230
vt 0.53040 -0.64400
vt 0.56850 -0.70890
vt 0.54970 -0.64930
vt 0.51280 -0.64400
vt 0.57800 -0.67500
vt 0.50010 -0.64620
vt 0.58750 -0.64200
vt 0.48770 -0.64400
vt 0.50010 -0.62710
vt 0.48450 -0.62560
vt 0.46300 -0.62560
vt 0.51600 -0.62560
vt 0.48400 -0.61610
vt 0.53750 -0.62560
vt 0.46200 -0.61680
vt 0.50010 -0.61470
vt 0.48180 -0.60320
vt 0.51650 -0.61610
vt 0.51870 -0.60320
vt 0.53850 -0.61680
vt 0.55920 -0.61680
vt 0.50010 -0.60290
vt 0.54260 -0.60540
vt 0.51890 -0.59340
vt 0.54110 -0.59630
vt 0.56410 -0.61170
vt 0.48160 -0.59340
vt 0.50010 -0.59220
vt 0.50010 -0.57920
vt 0.53890 -0.58050
vt 0.56510 -0.59510
vt 0.57610 -0.60290
vt 0.51970 -0.57750
vt 0.56430 -0.58460
vt 0.57440 -0.61490
vt 0.58070 -0.60240
vt 0.56020 -0.62560
vt 0.57800 -0.62320
vt 0.58270 -0.62930
vt 0.58930 -0.60760
vt 0.59490 -0.61490
vt 0.58320 -0.59390
vt 0.58950 -0.58490
vt 0.56850 -0.57560
vt 0.55090 -0.55510
vt 0.60150 -0.58970
vt 0.60610 -0.62000
vt 0.59830 -0.65230
vt 0.62370 -0.62120
vt 0.59490 -0.68890
vt 0.61640 -0.65860
vt 0.59440 -0.74090
vt 0.61810 -0.58630
vt 0.62120 -0.69550
vt 0.63640 -0.66030
vt 0.60370 -0.55090
vt 0.63440 -0.59780
vt 0.64000 -0.62490
vt 0.63270 -0.56850
vt 0.66740 -0.60950
vt 0.66640 -0.64980
vt 0.65740 -0.68670
vt 0.65790 -0.57700
vt 0.64740 -0.72700
vt 0.69400 -0.67670
vt 0.69110 -0.71820
vt 0.70060 -0.63320
vt 0.72010 -0.70350
vt 0.70210 -0.57780
vt 0.72750 -0.67010
vt 0.73480 -0.72480
vt 0.73480 -0.61680
vt 0.75290 -0.66400
vt 0.69890 -0.74680
vt 0.74380 -0.74040
vt 0.64520 -0.77360
vt 0.76920 -0.66890
vt 0.70210 -0.77680
vt 0.59610 -0.79410
vt 0.64150 -0.80950
vt 0.71110 -0.81000
vt 0.54990 -0.80850
vt 0.58780 -0.83350
vt 0.63910 -0.85320
vt 0.72260 -0.86890
vt 0.63880 -0.93140
vt 0.79830 -0.82690
vt 0.58020 -0.88230
vt 0.58170 -0.95430
vt 0.79070 -0.76460
vt 0.84760 -0.82590
vt 0.79170 -0.72360
vt 0.84760 -0.76430
vt 0.90500 -0.83910
vt 0.91550 -0.77560
vt 0.98710 -0.86760
vt 0.98710 -0.79120
vt 0.85250 -0.69770
vt 0.91970 -0.71530
vt 0.98710 -0.72840
vt 0.98710 -0.66300
vt 0.80270 -0.65230
vt 0.87860 -0.62660
vt 0.92970 -0.63080
vt 0.94850 -0.57970
vt 0.98710 -0.60490
vt 0.91720 -0.56360
vt 0.95360 -0.50620
vt 0.98710 -0.52210
vt 0.91970 -0.49330
vt 0.88450 -0.55680
vt 0.95260 -0.43200
vt 0.98710 -0.43370
vt 0.94950 -0.36310
vt 0.98710 -0.34970
vt 0.91670 -0.42560
vt 0.88620 -0.48130
vt 0.94380 -0.29550
vt 0.98710 -0.26500
vt 0.97190 -0.18580
vt 0.91310 -0.36290
vt 0.92630 -0.22740
vt 0.88820 -0.41390
vt 0.90870 -0.31450
vt 0.88670 -0.35700
vt 0.90230 -0.17480
vt 0.94360 -0.11400
vt 0.86840 -0.13380
vt 0.89600 -0.05890
vt 0.82710 -0.02560
vt 0.81590 -0.11060
vt 0.76360 -0.09960
vt 0.80830 -0.17510
vt 0.75290 -0.01320
vt 0.85200 -0.19900
vt 0.88060 -0.24030
vt 0.70550 -0.09940
vt 0.68670 -0.02270
vt 0.65100 -0.12160
vt 0.62470 -0.04490
vt 0.72010 -0.15970
vt 0.76310 -0.16260
vt 0.72650 -0.20170
vt 0.59050 -0.12060
vt 0.56460 -0.08520
vt 0.68280 -0.17480
vt 0.62080 -0.16360
vt 0.56560 -0.15290
vt 0.52110 -0.12110
vt 0.64180 -0.18830
vt 0.50010 -0.17460
vt 0.67230 -0.22830
vt 0.62150 -0.20900
vt 0.56290 -0.19900
vt 0.64790 -0.26060
vt 0.69790 -0.28620
vt 0.60070 -0.24270
vt 0.55240 -0.23470
vt 0.63470 -0.28940
vt 0.58580 -0.27130
vt 0.54110 -0.26590
vt 0.67790 -0.31840
vt 0.59880 -0.30790
vt 0.69960 -0.35310
vt 0.56390 -0.31450
vt 0.50010 -0.21980
vt 0.52990 -0.31140
vt 0.50010 -0.26940
vt 0.45930 -0.26590
vt 0.44810 -0.23470
vt 0.43760 -0.19900
vt 0.43490 -0.15290
vt 0.47940 -0.12110
vt 0.43590 -0.08520
vt 0.47060 -0.31140
vt 0.41000 -0.12060
vt 0.37580 -0.04490
vt 0.37900 -0.20900
vt 0.34950 -0.12160
vt 0.37970 -0.16360
vt 0.31380 -0.02270
vt 0.29500 -0.09940
vt 0.28030 -0.15970
vt 0.31770 -0.17480
vt 0.35870 -0.18830
vt 0.32820 -0.22830
vt 0.35260 -0.26060
vt 0.39980 -0.24270
vt 0.32260 -0.31840
vt 0.36580 -0.28940
vt 0.41470 -0.27130
vt 0.32310 -0.36730
vt 0.34260 -0.34040
vt 0.34750 -0.38050
vt 0.37170 -0.32210
vt 0.36210 -0.35700
vt 0.35850 -0.38730
vt 0.35680 -0.40830
vt 0.40170 -0.30790
vt 0.38270 -0.34240
vt 0.37190 -0.36920
vt 0.36630 -0.39270
vt 0.43660 -0.31450
vt 0.41100 -0.33750
vt 0.38900 -0.35750
vt 0.44910 -0.34650
vt 0.41510 -0.35970
vt 0.37660 -0.38050
vt 0.39410 -0.37090
vt 0.41560 -0.37190
vt 0.39560 -0.38000
vt 0.37630 -0.39100
vt 0.36610 -0.40730
vt 0.44200 -0.36730
vt 0.36560 -0.42100
vt 0.37120 -0.41120
vt 0.38140 -0.39440
vt 0.37920 -0.42640
vt 0.37630 -0.40730
vt 0.39610 -0.38660
vt 0.38120 -0.40000
vt 0.41490 -0.37950
vt 0.39630 -0.39370
vt 0.40830 -0.40780
vt 0.41320 -0.38610
vt 0.41170 -0.39270
vt 0.42390 -0.39780
vt 0.43640 -0.38050
vt 0.43030 -0.38880
vt 0.42660 -0.39540
vt 0.41170 -0.39270
vt 0.43960 -0.39780
vt 0.42780 -0.40490
vt 0.43370 -0.40270
vt 0.43080 -0.40850
vt 0.43880 -0.40810
vt 0.44860 -0.39190
vt 0.44540 -0.40390
vt 0.46250 -0.38220
vt 0.45740 -0.40270
vt 0.44220 -0.41290
vt 0.48010 -0.37140
vt 0.45180 -0.41490
vt 0.47420 -0.39980
vt 0.46470 -0.42000
vt 0.43390 -0.41120
vt 0.43980 -0.41900
vt 0.45030 -0.42910
vt 0.43050 -0.41220
vt 0.43590 -0.42390
vt 0.46030 -0.44350
vt 0.43930 -0.44100
vt 0.42640 -0.41150
vt 0.42780 -0.41370
vt 0.42440 -0.43050
vt 0.41930 -0.41370
vt 0.41830 -0.41000
vt 0.40900 -0.41490
vt 0.40930 -0.41780
vt 0.39610 -0.41420
vt 0.37920 -0.40660
vt 0.39610 -0.41710
vt 0.37920 -0.40900
vt 0.41170 -0.43710
vt 0.39610 -0.43760
vt 0.39000 -0.45790
vt 0.41050 -0.46060
vt 0.40510 -0.49770
vt 0.42780 -0.45100
vt 0.42660 -0.47470
vt 0.44220 -0.46080
vt 0.41420 -0.51990
vt 0.42390 -0.50040
vt 0.43520 -0.48550
vt 0.46180 -0.47030
vt 0.42470 -0.53500
vt 0.43710 -0.51530
vt 0.43960 -0.49400
vt 0.45710 -0.48380
vt 0.47770 -0.46720
vt 0.47960 -0.44080
vt 0.48160 -0.49060
vt 0.48060 -0.41900
vt 0.48990 -0.47280
vt 0.49130 -0.43790
vt 0.49160 -0.41170
vt 0.48720 -0.39150
vt 0.50010 -0.43960
vt 0.50010 -0.47250
vt 0.50010 -0.40680
vt 0.50010 -0.38410
vt 0.50890 -0.41170
vt 0.51330 -0.39150
vt 0.52040 -0.37140
vt 0.52630 -0.39980
vt 0.50920 -0.43790
vt 0.51990 -0.41900
vt 0.52090 -0.44080
vt 0.53580 -0.42000
vt 0.51060 -0.47280
vt 0.52280 -0.46720
vt 0.50840 -0.49180
vt 0.54020 -0.44350
vt 0.51890 -0.49060
vt 0.53870 -0.47030
vt 0.54330 -0.48380
vt 0.55820 -0.46080
vt 0.50010 -0.49470
vt 0.56510 -0.48550
vt 0.56120 -0.44100
vt 0.56090 -0.49400
vt 0.55020 -0.42910
vt 0.54870 -0.41490
vt 0.57260 -0.45100
vt 0.57390 -0.47470
vt 0.57660 -0.50040
vt 0.59540 -0.49770
vt 0.56340 -0.51530
vt 0.59000 -0.46060
vt 0.57610 -0.43050
vt 0.58880 -0.43710
vt 0.60440 -0.43760
vt 0.58630 -0.51990
vt 0.61050 -0.45790
vt 0.61440 -0.53480
vt 0.61780 -0.48420
vt 0.62120 -0.42640
vt 0.62690 -0.44030
vt 0.62120 -0.40980
vt 0.60440 -0.41660
vt 0.62420 -0.40730
vt 0.59120 -0.41730
vt 0.62120 -0.40660
vt 0.60440 -0.41420
vt 0.59190 -0.40760
vt 0.59150 -0.41490
vt 0.58120 -0.41290
vt 0.58220 -0.41000
vt 0.57460 -0.41150
vt 0.57290 -0.41370
vt 0.56460 -0.42390
vt 0.57000 -0.41220
vt 0.56070 -0.41900
vt 0.56970 -0.40850
vt 0.56650 -0.41120
vt 0.55820 -0.41290
vt 0.56170 -0.40810
vt 0.55510 -0.40390
vt 0.54310 -0.40270
vt 0.53800 -0.38220
vt 0.55190 -0.39190
vt 0.56090 -0.39780
vt 0.56680 -0.40270
vt 0.57190 -0.40460
vt 0.57390 -0.39540
vt 0.55140 -0.34650
vt 0.55850 -0.36730
vt 0.56410 -0.38050
vt 0.57020 -0.38880
vt 0.58490 -0.37190
vt 0.58560 -0.37950
vt 0.58530 -0.35970
vt 0.60490 -0.38000
vt 0.58730 -0.38610
vt 0.60630 -0.37090
vt 0.60440 -0.38660
vt 0.58880 -0.39270
vt 0.57630 -0.39780
vt 0.57190 -0.40460
vt 0.60420 -0.39370
vt 0.61930 -0.40000
vt 0.61900 -0.39440
vt 0.62930 -0.41120
vt 0.62420 -0.39100
vt 0.62390 -0.38050
vt 0.63440 -0.40730
vt 0.63420 -0.39270
vt 0.61150 -0.35750
vt 0.62860 -0.36920
vt 0.63490 -0.42100
vt 0.64370 -0.40830
vt 0.64540 -0.42780
vt 0.64200 -0.38730
vt 0.65790 -0.40440
vt 0.63610 -0.46420
vt 0.65320 -0.46810
vt 0.64100 -0.50040
vt 0.66080 -0.43200
vt 0.67720 -0.48640
vt 0.62830 -0.52040
vt 0.66470 -0.52010
vt 0.64620 -0.54730
vt 0.68010 -0.54700
vt 0.57580 -0.53500
vt 0.69330 -0.50770
vt 0.70550 -0.45860
vt 0.71500 -0.51840
vt 0.73530 -0.57460
vt 0.68300 -0.44540
vt 0.68620 -0.40490
vt 0.71090 -0.40150
vt 0.72600 -0.46230
vt 0.74240 -0.51820
vt 0.67740 -0.36730
vt 0.73410 -0.39760
vt 0.75140 -0.46250
vt 0.65790 -0.34040
vt 0.65300 -0.38050
vt 0.62880 -0.32210
vt 0.63830 -0.35700
vt 0.61780 -0.34240
vt 0.58950 -0.33750
vt 0.52450 -0.34190
vt 0.50010 -0.35920
vt 0.50010 -0.33410
vt 0.47590 -0.34190
vt 0.50010 -0.30430
vt 0.49210 -0.49180
vt 0.48770 -0.49990
vt 0.49430 -0.50090
vt 0.50010 -0.50210
vt 0.48110 -0.49990
vt 0.46010 -0.49960
vt 0.48210 -0.50770
vt 0.44840 -0.50620
vt 0.45270 -0.51650
vt 0.46420 -0.50940
vt 0.45080 -0.53280
vt 0.45690 -0.52310
vt 0.46740 -0.51310
vt 0.46590 -0.52800
vt 0.48160 -0.51260
vt 0.43880 -0.54770
vt 0.46940 -0.51840
vt 0.47740 -0.51770
vt 0.47370 -0.52530
vt 0.47200 -0.53750
vt 0.48420 -0.52140
vt 0.47520 -0.53460
vt 0.48960 -0.52580
vt 0.48670 -0.51720
vt 0.48890 -0.51210
vt 0.49380 -0.51720
vt 0.48910 -0.50620
vt 0.49520 -0.51230
vt 0.49470 -0.50670
vt 0.50010 -0.50770
vt 0.50010 -0.51230
vt 0.50010 -0.51840
vt 0.50010 -0.52600
vt 0.50570 -0.50670
vt 0.50620 -0.50090
vt 0.50530 -0.51230
vt 0.51140 -0.50620
vt 0.51280 -0.49990
vt 0.51840 -0.50770
vt 0.50670 -0.51720
vt 0.51160 -0.51210
vt 0.51940 -0.49990
vt 0.54040 -0.49960
vt 0.53630 -0.50940
vt 0.51890 -0.51260
vt 0.53310 -0.51310
vt 0.51360 -0.51720
vt 0.52310 -0.51770
vt 0.51090 -0.52580
vt 0.51620 -0.52140
vt 0.53110 -0.51840
vt 0.52670 -0.52530
vt 0.53460 -0.52800
vt 0.50010 -0.53700
vt 0.52530 -0.53460
vt 0.51110 -0.53310
vt 0.48940 -0.53310
vt 0.50010 -0.54950
vt 0.48330 -0.54290
vt 0.51720 -0.54290
vt 0.52840 -0.53750
vt 0.51550 -0.56090
vt 0.48500 -0.56090
vt 0.50010 -0.56120
vt 0.53700 -0.56040
vt 0.48080 -0.57750
vt 0.46350 -0.56040
vt 0.46150 -0.58050
vt 0.44960 -0.55510
vt 0.43610 -0.58460
vt 0.43200 -0.57560
vt 0.42300 -0.56510
vt 0.41100 -0.58490
vt 0.41070 -0.55730
vt 0.41730 -0.59390
vt 0.41980 -0.60240
vt 0.40560 -0.61490
vt 0.41120 -0.60760
vt 0.41780 -0.62930
vt 0.45080 -0.64930
vt 0.44030 -0.62560
vt 0.42250 -0.62320
vt 0.44100 -0.61680
vt 0.42610 -0.61490
vt 0.42440 -0.60290
vt 0.45790 -0.60540
vt 0.43640 -0.61170
vt 0.43540 -0.59510
vt 0.45930 -0.59630
vt 0.50010 -0.86860
vt 0.50010 -0.92060
vt 0.50010 -0.99440
vt 0.52750 -0.97900
vt 0.53160 -0.91140
vt 0.53460 -0.85810
vt 0.54020 -0.75510
vt 0.75580 -0.60170
vt 0.77460 -0.61540
vt 0.75870 -0.56680
vt 0.75920 -0.54680
vt 0.76290 -0.51110
vt 0.76680 -0.53600
vt 0.77440 -0.59710
vt 0.77220 -0.55380
vt 0.77560 -0.46980
vt 0.78000 -0.60290
vt 0.77360 -0.54240
vt 0.78240 -0.57880
vt 0.77970 -0.54360
vt 0.78290 -0.60490
vt 0.79490 -0.55510
vt 0.78830 -0.57950
vt 0.79270 -0.58850
vt 0.79490 -0.59680
vt 0.79760 -0.55820
vt 0.80760 -0.56730
vt 0.81390 -0.57140
vt 0.80340 -0.53820
vt 0.81710 -0.53650
vt 0.79950 -0.53700
vt 0.84000 -0.61440
vt 0.85100 -0.55090
vt 0.82540 -0.54160
vt 0.83930 -0.48860
vt 0.86010 -0.49770
vt 0.85620 -0.43300
vt 0.82760 -0.46280
vt 0.85520 -0.38050
vt 0.83350 -0.40170
vt 0.86010 -0.33210
vt 0.82490 -0.35600
vt 0.88890 -0.31010
vt 0.82830 -0.30500
vt 0.89870 -0.27570
vt 0.86740 -0.28670
vt 0.83930 -0.25790
vt 0.80270 -0.23830
vt 0.76430 -0.22340
vt 0.78970 -0.28640
vt 0.74680 -0.27990
vt 0.78900 -0.34110
vt 0.75650 -0.33850
vt 0.72530 -0.33700
vt 0.79370 -0.38750
vt 0.76120 -0.39730
vt 0.79000 -0.44980
vt 0.81540 -0.45320
vt 0.80660 -0.44710
vt 0.80930 -0.45320
vt 0.81680 -0.45740
vt 0.80810 -0.46080
vt 0.82830 -0.46740
vt 0.81470 -0.46940
vt 0.81780 -0.47520
vt 0.83080 -0.49230
vt 0.81250 -0.47010
vt 0.82050 -0.48330
vt 0.81640 -0.47590
vt 0.81050 -0.51650
vt 0.82000 -0.49450
vt 0.80760 -0.51600
vt 0.81760 -0.48350
vt 0.81730 -0.49520
vt 0.80340 -0.48080
vt 0.79800 -0.50280
vt 0.79270 -0.52190
vt 0.78320 -0.51310
vt 0.78530 -0.53650
vt 0.78140 -0.52580
vt 0.77560 -0.53480
vt 0.77680 -0.52360
vt 0.77880 -0.50820
vt 0.77260 -0.51500
vt 0.78020 -0.47790
vt 0.80000 -0.47230
vt 0.79290 -0.46280
vt 0.80590 -0.46350
vt 0.79370 -0.45640
vt 0.54770 -0.51650
vt 0.55210 -0.50620
vt 0.54970 -0.53280
vt 0.54360 -0.52310
vt 0.56170 -0.54770
vt 0.57750 -0.56510
vt 0.58970 -0.55730
vt 0.63570 -0.47550
vt 0.63860 -0.45760
vt 0.63270 -0.45760
vt 0.62860 -0.43220
vt 0.61710 -0.44910
vt 0.64250 -0.43220
vt 0.62810 -0.46450
vt 0.61270 -0.47590
vt 0.64320 -0.46420
vt 0.65400 -0.44860
vt 0.64520 -0.47520
vt 0.65840 -0.47550
vt 0.62640 -0.47550
vt 0.61710 -0.50280
vt 0.64350 -0.48640
vt 0.65420 -0.50230
vt 0.63860 -0.49330
vt 0.64270 -0.51920
vt 0.62810 -0.48670
vt 0.62860 -0.51940
vt 0.63300 -0.49330
vt 0.63570 -0.47550
vt 0.63860 -0.45760
vt 0.63270 -0.45760
vt 0.62860 -0.43220
vt 0.61710 -0.44910
vt 0.64250 -0.43220
vt 0.62810 -0.46450
vt 0.61270 -0.47590
vt 0.64320 -0.46420
vt 0.65400 -0.44860
vt 0.64520 -0.47520
vt 0.65840 -0.47550
vt 0.62640 -0.47550
vt 0.61710 -0.50280
vt 0.64350 -0.48640
vt 0.65420 -0.50230
vt 0.63860 -0.49330
vt 0.64270 -0.51920
vt 0.62810 -0.48670
vt 0.62860 -0.51940
vt 0.63300 -0.49330
g soviet_gunner_officer_1_0
usemtl f2122d67-3f42-4564-adc3-d5f4c97a47f5
f 3/3 2/2 1/1
f 4/4 1/1 2/2
f 4/4 2/2 5/5
f 2/2 3/3 6/6
f 7/7 6/6 3/3
f 8/8 5/5 2/2
f 2/2 6/6 8/8
f 5/5 8/8 9/9
f 7/7 10/10 6/6
f 11/11 9/9 8/8
f 12/12 8/8 6/6
f 8/8 12/12 11/11
f 11/11 13/13 9/9
f 14/14 9/9 13/13
f 15/15 11/11 12/12
f 13/13 11/11 16/16
f 15/15 16/16 11/11
f 13/13 17/17 14/14
f 18/18 14/14 17/17
f 16/16 19/19 13/13
f 17/17 13/13 19/19
f 16/16 15/15 20/20
f 16/16 20/20 19/19
f 15/15 12/12 21/21
f 21/21 20/20 15/15
f 22/22 21/21 12/12
f 12/12 6/6 22/22
f 20/20 21/21 23/23
f 24/24 22/22 6/6
f 24/24 6/6 10/10
f 21/21 22/22 25/25
f 25/25 23/23 21/21
f 22/22 24/24 26/26
f 26/26 25/25 22/22
f 24/24 10/10 27/27
f 27/27 26/26 24/24
f 28/28 27/27 10/10
f 25/25 26/26 29/29
f 25/25 29/29 23/23
f 26/26 27/27 30/30
f 27/27 28/28 31/31
f 31/31 30/30 27/27
f 32/32 31/31 28/28
f 30/30 33/33 26/26
f 33/33 29/29 26/26
f 30/30 31/31 34/34
f 30/30 34/34 33/33
f 31/31 32/32 35/35
f 35/35 34/34 31/31
f 36/36 35/35 32/32
f 35/35 36/36 37/37
f 38/38 37/37 36/36
f 34/34 35/35 39/39
f 37/37 39/39 35/35
f 37/37 38/38 40/40
f 37/37 40/40 39/39
f 38/38 41/41 40/40
f 39/39 42/42 34/34
f 43/43 39/39 40/40
f 39/39 43/43 42/42
f 44/44 40/40 41/41
f 41/41 45/45 44/44
f 43/43 40/40 46/46
f 44/44 46/46 40/40
f 43/43 46/46 47/47
f 47/47 42/42 43/43
f 46/46 44/44 48/48
f 49/49 44/44 45/45
f 49/49 48/48 44/44
f 49/49 45/45 50/50
f 51/51 50/50 45/45
f 50/50 52/52 49/49
f 48/48 49/49 52/52
f 52/52 50/50 53/53
f 52/52 54/54 48/48
f 52/52 53/53 54/54
f 46/46 48/48 55/55
f 55/55 47/47 46/46
f 56/56 55/55 48/48
f 56/56 48/48 54/54
f 47/47 55/55 57/57
f 42/42 47/47 57/57
f 55/55 56/56 58/58
f 58/58 57/57 55/55
f 56/56 54/54 59/59
f 59/59 58/58 56/56
f 57/57 58/58 60/60
f 61/61 60/60 58/58
f 58/58 59/59 61/61
f 60/60 62/62 57/57
f 63/63 61/61 59/59
f 63/63 59/59 64/64
f 65/65 64/64 59/59
f 65/65 59/59 54/54
f 64/64 65/65 66/66
f 67/67 65/65 54/54
f 68/68 66/66 65/65
f 67/67 54/54 53/53
f 65/65 67/67 69/69
f 67/67 53/53 69/69
f 65/65 69/69 68/68
f 66/66 68/68 70/70
f 71/71 68/68 69/69
f 72/72 70/70 68/68
f 70/70 72/72 73/73
f 71/71 74/74 68/68
f 72/72 68/68 74/74
f 71/71 69/69 75/75
f 71/71 75/75 74/74
f 76/76 73/73 72/72
f 74/74 77/77 72/72
f 76/76 72/72 77/77
f 78/78 73/73 76/76
f 76/76 77/77 78/78
f 78/78 79/79 73/73
f 79/79 78/78 80/80
f 74/74 81/81 77/77
f 81/81 74/74 75/75
f 82/82 80/80 78/78
f 80/80 82/82 83/83
f 84/84 78/78 77/77
f 84/84 82/82 78/78
f 85/85 77/77 81/81
f 77/77 85/85 84/84
f 84/84 86/86 82/82
f 86/86 84/84 85/85
f 87/87 83/83 82/82
f 87/87 82/82 86/86
f 83/83 87/87 88/88
f 86/86 89/89 87/87
f 89/89 88/88 87/87
f 86/86 85/85 89/89
f 88/88 89/89 90/90
f 91/91 89/89 85/85
f 89/89 91/91 90/90
f 91/91 85/85 92/92
f 91/91 92/92 90/90
f 81/81 92/92 85/85
f 93/93 90/90 92/92
f 92/92 81/81 94/94
f 92/92 94/94 93/93
f 75/75 94/94 81/81
f 95/95 93/93 94/94
f 94/94 96/96 95/95
f 94/94 75/75 96/96
f 51/51 95/95 96/96
f 97/97 96/96 75/75
f 97/97 75/75 69/69
f 97/97 69/69 53/53
f 96/96 97/97 98/98
f 53/53 98/98 97/97
f 51/51 96/96 98/98
f 98/98 53/53 50/50
f 98/98 50/50 51/51
f 101/101 100/100 99/99
f 101/101 102/102 100/100
f 103/103 99/99 100/100
f 99/99 103/103 104/104
f 105/105 100/100 102/102
f 102/102 106/106 105/105
f 100/100 107/107 103/103
f 100/100 105/105 107/107
f 108/108 104/104 103/103
f 104/104 108/108 109/109
f 110/110 109/109 108/108
f 103/103 111/111 108/108
f 111/111 103/103 107/107
f 108/108 112/112 110/110
f 112/112 108/108 111/111
f 113/113 110/110 112/112
f 113/113 112/112 114/114
f 111/111 115/115 112/112
f 116/116 114/114 112/112
f 114/114 116/116 117/117
f 112/112 118/118 116/116
f 118/118 112/112 115/115
f 119/119 117/117 116/116
f 117/117 119/119 120/120
f 118/118 121/121 116/116
f 119/119 116/116 121/121
f 118/118 122/122 121/121
f 118/118 115/115 122/122
f 123/123 119/119 121/121
f 124/124 120/120 119/119
f 119/119 123/123 124/124
f 120/120 124/124 125/125
f 126/126 125/125 124/124
f 125/125 126/126 127/127
f 128/128 124/124 123/123
f 128/128 126/126 124/124
f 129/129 123/123 121/121
f 121/121 122/122 129/129
f 123/123 130/130 128/128
f 129/129 131/131 123/123
f 130/130 123/123 131/131
f 132/132 128/128 130/130
f 128/128 132/132 126/126
f 131/131 133/133 130/130
f 134/134 127/127 126/126
f 127/127 134/134 135/135
f 126/126 136/136 134/134
f 136/136 126/126 132/132
f 137/137 135/135 134/134
f 135/135 137/137 138/138
f 139/139 134/134 136/136
f 134/134 139/139 137/137
f 139/139 136/136 140/140
f 141/141 140/140 136/136
f 136/136 132/132 141/141
f 140/140 142/142 139/139
f 143/143 141/141 132/132
f 144/144 139/139 142/142
f 144/144 137/137 139/139
f 142/142 145/145 144/144
f 146/146 144/144 145/145
f 144/144 146/146 137/137
f 145/145 147/147 146/146
f 148/148 138/138 137/137
f 148/148 137/137 146/146
f 138/138 148/148 149/149
f 150/150 146/146 147/147
f 147/147 151/151 150/150
f 148/148 146/146 152/152
f 150/150 152/152 146/146
f 152/152 149/149 148/148
f 153/153 150/150 151/151
f 150/150 153/153 152/152
f 152/152 154/154 149/149
f 154/154 152/152 153/153
f 155/155 149/149 154/154
f 153/153 151/151 156/156
f 157/157 156/156 151/151
f 153/153 158/158 154/154
f 153/153 156/156 158/158
f 154/154 159/159 155/155
f 158/158 159/159 154/154
f 160/160 155/155 159/159
f 158/158 156/156 161/161
f 158/158 161/161 159/159
f 156/156 157/157 162/162
f 162/162 161/161 156/156
f 163/163 162/162 157/157
f 159/159 164/164 160/160
f 164/164 159/159 161/161
f 165/165 160/160 164/164
f 164/164 166/166 165/165
f 164/164 161/161 166/166
f 167/167 165/165 166/166
f 167/167 166/166 168/168
f 169/169 166/166 161/161
f 169/169 168/168 166/166
f 161/161 162/162 169/169
f 170/170 168/168 169/169
f 171/171 169/169 162/162
f 169/169 171/171 170/170
f 162/162 163/163 171/171
f 172/172 170/170 171/171
f 172/172 171/171 163/163
f 132/132 173/173 143/143
f 174/174 143/143 173/173
f 173/173 132/132 175/175
f 130/130 175/175 132/132
f 175/175 130/130 133/133
f 175/175 176/176 173/173
f 175/175 133/133 176/176
f 173/173 177/177 174/174
f 177/177 173/173 176/176
f 178/178 174/174 177/177
f 177/177 179/179 178/178
f 180/180 178/178 179/179
f 180/180 179/179 181/181
f 179/179 177/177 182/182
f 176/176 182/182 177/177
f 183/183 181/181 179/179
f 176/176 184/184 182/182
f 184/184 176/176 133/133
f 182/182 185/185 179/179
f 183/183 179/179 185/185
f 182/182 186/186 185/185
f 186/186 182/182 184/184
f 184/184 187/187 186/186
f 188/188 186/186 187/187
f 184/184 189/189 187/187
f 186/186 188/188 190/190
f 190/190 185/185 186/186
f 191/191 190/190 188/188
f 192/192 187/187 189/189
f 185/185 190/190 193/193
f 185/185 193/193 183/183
f 190/190 191/191 194/194
f 194/194 193/193 190/190
f 195/195 194/194 191/191
f 195/195 196/196 194/194
f 197/197 194/194 196/196
f 194/194 197/197 193/193
f 196/196 198/198 197/197
f 199/199 183/183 193/193
f 183/183 199/199 181/181
f 200/200 181/181 199/199
f 200/200 199/199 201/201
f 202/202 201/201 199/199
f 199/199 193/193 202/202
f 201/201 202/202 203/203
f 204/204 193/193 197/197
f 204/204 202/202 193/193
f 205/205 203/203 202/202
f 202/202 204/204 205/205
f 205/205 206/206 203/203
f 207/207 203/203 206/206
f 208/208 205/205 204/204
f 205/205 208/208 206/206
f 207/207 206/206 209/209
f 208/208 204/204 210/210
f 197/197 210/210 204/204
f 210/210 197/197 198/198
f 208/208 210/210 211/211
f 211/211 206/206 208/208
f 210/210 198/198 212/212
f 212/212 211/211 210/210
f 213/213 212/212 198/198
f 213/213 214/214 212/212
f 215/215 209/209 206/206
f 206/206 211/211 215/215
f 209/209 215/215 216/216
f 217/217 212/212 214/214
f 212/212 217/217 211/211
f 214/214 218/218 217/217
f 219/219 215/215 211/211
f 219/219 211/211 217/217
f 220/220 216/216 215/215
f 215/215 219/219 220/220
f 216/216 220/220 221/221
f 217/217 222/222 219/219
f 222/222 217/217 218/218
f 223/223 220/220 219/219
f 223/223 219/219 222/222
f 222/222 218/218 224/224
f 222/222 224/224 223/223
f 225/225 224/224 218/218
f 220/220 223/223 226/226
f 226/226 221/221 220/220
f 227/227 223/223 224/224
f 227/227 226/226 223/223
f 224/224 225/225 228/228
f 224/224 228/228 227/227
f 229/229 228/228 225/225
f 229/229 230/230 228/228
f 231/231 227/227 228/228
f 231/231 228/228 230/230
f 226/226 227/227 232/232
f 231/231 232/232 227/227
f 231/231 230/230 232/232
f 226/226 232/232 221/221
f 233/233 232/232 230/230
f 233/233 221/221 232/232
f 235/235 234/234 129/129
f 235/235 129/129 122/122
f 131/131 129/129 234/234
f 234/234 236/236 131/131
f 133/133 131/131 236/236
f 236/236 237/237 133/133
f 184/184 133/133 237/237
f 236/236 234/234 238/238
f 236/236 238/238 237/237
f 184/184 237/237 189/189
f 239/239 238/238 234/234
f 234/234 235/235 239/239
f 240/240 237/237 238/238
f 241/241 239/239 235/235
f 241/241 235/235 122/122
f 238/238 239/239 242/242
f 122/122 243/243 241/241
f 243/243 122/122 115/115
f 239/239 241/241 244/244
f 244/244 242/242 239/239
f 245/245 241/241 243/243
f 245/245 244/244 241/241
f 243/243 115/115 246/246
f 243/243 246/246 245/245
f 245/245 247/247 244/244
f 247/247 245/245 246/246
f 248/248 244/244 247/247
f 244/244 248/248 242/242
f 246/246 249/249 247/247
f 250/250 246/246 115/115
f 111/111 250/250 115/115
f 111/111 107/107 250/250
f 250/250 251/251 246/246
f 251/251 250/250 107/107
f 249/249 246/246 251/251
f 107/107 252/252 251/251
f 252/252 107/107 105/105
f 253/253 251/251 252/252
f 251/251 253/253 249/249
f 105/105 254/254 252/252
f 254/254 105/105 106/106
f 106/106 255/255 254/254
f 256/256 252/252 254/254
f 252/252 256/256 253/253
f 257/257 254/254 255/255
f 254/254 257/257 256/256
f 255/255 18/18 257/257
f 17/17 257/257 18/18
f 257/257 17/17 258/258
f 258/258 256/256 257/257
f 19/19 258/258 17/17
f 259/259 253/253 256/256
f 256/256 258/258 259/259
f 19/19 260/260 258/258
f 260/260 19/19 20/20
f 20/20 23/23 260/260
f 261/261 258/258 260/260
f 261/261 259/259 258/258
f 262/262 260/260 23/23
f 260/260 262/262 261/261
f 23/23 263/263 262/262
f 261/261 264/264 259/259
f 264/264 261/261 262/262
f 263/263 23/23 29/29
f 262/262 265/265 264/264
f 265/265 262/262 263/263
f 266/266 259/259 264/264
f 259/259 266/266 253/253
f 267/267 264/264 265/265
f 264/264 267/267 266/266
f 268/268 253/253 266/266
f 268/268 249/249 253/253
f 266/266 269/269 268/268
f 269/269 266/266 267/267
f 268/268 270/270 249/249
f 270/270 268/268 269/269
f 271/271 249/249 270/270
f 271/271 247/247 249/249
f 269/269 272/272 270/270
f 269/269 267/267 272/272
f 247/247 271/271 248/248
f 270/270 273/273 271/271
f 273/273 270/270 272/272
f 274/274 248/248 271/271
f 274/274 271/271 273/273
f 274/274 275/275 248/248
f 274/274 273/273 275/275
f 276/276 248/248 275/275
f 276/276 242/242 248/248
f 277/277 275/275 273/273
f 273/273 272/272 277/277
f 275/275 278/278 276/276
f 275/275 277/277 278/278
f 276/276 279/279 242/242
f 280/280 276/276 278/278
f 279/279 276/276 280/280
f 278/278 281/281 280/280
f 282/282 278/278 277/277
f 278/278 282/282 281/281
f 283/283 277/277 272/272
f 277/277 283/283 282/282
f 283/283 272/272 284/284
f 285/285 282/282 283/283
f 283/283 284/284 285/285
f 282/282 285/285 286/286
f 286/286 281/281 282/282
f 287/287 286/286 285/285
f 288/288 280/280 281/281
f 288/288 289/289 280/280
f 279/279 280/280 289/289
f 288/288 281/281 290/290
f 289/289 288/288 291/291
f 290/290 291/291 288/288
f 279/279 289/289 292/292
f 293/293 292/292 289/289
f 289/289 291/291 293/293
f 294/294 293/293 291/291
f 279/279 292/292 295/295
f 291/291 296/296 294/294
f 297/297 294/294 296/296
f 298/298 295/295 292/292
f 297/297 296/296 299/299
f 296/296 291/291 300/300
f 290/290 300/300 291/291
f 301/301 299/299 296/296
f 301/301 302/302 299/299
f 303/303 299/299 302/302
f 301/301 296/296 304/304
f 300/300 304/304 296/296
f 302/302 301/301 305/305
f 304/304 305/305 301/301
f 302/302 306/306 303/303
f 302/302 305/305 306/306
f 307/307 303/303 306/306
f 307/307 306/306 308/308
f 309/309 306/306 305/305
f 310/310 308/308 306/306
f 306/306 309/309 310/310
f 308/308 310/310 311/311
f 312/312 311/311 310/310
f 311/311 312/312 313/313
f 305/305 304/304 314/314
f 305/305 314/314 309/309
f 315/315 310/310 309/309
f 310/310 315/315 312/312
f 315/315 309/309 316/316
f 317/317 313/313 312/312
f 317/317 318/318 313/313
f 319/319 313/313 318/318
f 319/319 318/318 320/320
f 318/318 317/317 321/321
f 321/321 320/320 318/318
f 321/321 322/322 320/320
f 323/323 320/320 322/322
f 322/322 321/321 324/324
f 322/322 324/324 323/323
f 325/325 321/321 317/317
f 317/317 312/312 325/325
f 325/325 324/324 321/321
f 326/326 325/325 312/312
f 325/325 326/326 324/324
f 326/326 312/312 315/315
f 326/326 315/315 327/327
f 327/327 324/324 326/326
f 316/316 327/327 315/315
f 328/328 323/323 324/324
f 324/324 327/327 328/328
f 323/323 328/328 329/329
f 323/323 329/329 330/330
f 331/331 328/328 327/327
f 327/327 316/316 331/331
f 332/332 329/329 328/328
f 332/332 328/328 331/331
f 333/333 330/330 329/329
f 330/330 333/333 334/334
f 335/335 329/329 332/332
f 335/335 333/333 329/329
f 336/336 334/334 333/333
f 336/336 333/333 335/335
f 334/334 336/336 337/337
f 338/338 337/337 336/336
f 336/336 335/335 338/338
f 337/337 338/338 339/339
f 335/335 332/332 340/340
f 335/335 340/340 338/338
f 341/341 339/339 338/338
f 341/341 338/338 340/340
f 339/339 341/341 342/342
f 343/343 342/342 341/341
f 341/341 340/340 343/343
f 342/342 343/343 344/344
f 345/345 340/340 332/332
f 332/332 331/331 345/345
f 346/346 343/343 340/340
f 340/340 345/345 346/346
f 347/347 344/344 343/343
f 343/343 346/346 347/347
f 344/344 347/347 348/348
f 331/331 349/349 345/345
f 349/349 331/331 316/316
f 350/350 346/346 345/345
f 350/350 345/345 349/349
f 351/351 347/347 346/346
f 346/346 350/350 351/351
f 352/352 348/348 347/347
f 347/347 351/351 352/352
f 352/352 353/353 348/348
f 354/354 348/348 353/353
f 355/355 352/352 351/351
f 352/352 355/355 353/353
f 354/354 353/353 356/356
f 351/351 357/357 355/355
f 357/357 351/351 350/350
f 350/350 349/349 357/357
f 358/358 355/355 357/357
f 359/359 357/357 349/349
f 357/357 359/359 358/358
f 359/359 349/349 360/360
f 316/316 360/360 349/349
f 360/360 316/316 309/309
f 360/360 309/309 314/314
f 359/359 360/360 361/361
f 314/314 361/361 360/360
f 361/361 358/358 359/359
f 361/361 314/314 362/362
f 361/361 362/362 358/358
f 363/363 362/362 314/314
f 363/363 314/314 304/304
f 304/304 300/300 363/363
f 363/363 364/364 362/362
f 364/364 363/363 300/300
f 365/365 358/358 362/362
f 364/364 300/300 366/366
f 290/290 366/366 300/300
f 366/366 290/290 281/281
f 281/281 286/286 366/366
f 367/367 366/366 286/286
f 366/366 367/367 364/364
f 286/286 287/287 367/367
f 368/368 362/362 364/364
f 368/368 364/364 367/367
f 362/362 368/368 365/365
f 369/369 367/367 287/287
f 367/367 369/369 368/368
f 370/370 365/365 368/368
f 370/370 368/368 369/369
f 365/365 371/371 358/358
f 355/355 358/358 371/371
f 371/371 353/353 355/355
f 371/371 365/365 372/372
f 370/370 372/372 365/365
f 353/353 371/371 373/373
f 372/372 373/373 371/371
f 373/373 356/356 353/353
f 356/356 373/373 374/374
f 369/369 375/375 370/370
f 372/372 370/370 375/375
f 373/373 372/372 376/376
f 375/375 376/376 372/372
f 376/376 374/374 373/373
f 375/375 369/369 377/377
f 375/375 377/377 376/376
f 287/287 377/377 369/369
f 376/376 378/378 374/374
f 378/378 376/376 377/377
f 379/379 374/374 378/378
f 379/379 378/378 380/380
f 377/377 287/287 381/381
f 377/377 381/381 378/378
f 285/285 381/381 287/287
f 382/382 380/380 378/378
f 382/382 378/378 381/381
f 381/381 285/285 284/284
f 381/381 284/284 382/382
f 380/380 382/382 383/383
f 384/384 383/383 382/382
f 383/383 384/384 385/385
f 386/386 382/382 284/284
f 386/386 284/284 387/387
f 284/284 272/272 387/387
f 382/382 386/386 388/388
f 384/384 382/382 388/388
f 387/387 272/272 267/267
f 389/389 388/388 386/386
f 389/389 386/386 387/387
f 390/390 385/385 384/384
f 387/387 267/267 391/391
f 265/265 391/391 267/267
f 265/265 263/263 391/391
f 390/390 392/392 385/385
f 393/393 385/385 392/392
f 390/390 384/384 394/394
f 390/390 394/394 392/392
f 395/395 394/394 384/384
f 384/384 388/388 395/395
f 396/396 392/392 394/394
f 392/392 397/397 393/393
f 394/394 398/398 396/396
f 394/394 395/395 398/398
f 399/399 393/393 397/397
f 396/396 400/400 392/392
f 397/397 392/392 400/400
f 396/396 401/401 400/400
f 401/401 396/396 398/398
f 401/401 398/398 402/402
f 403/403 400/400 401/401
f 401/401 402/402 403/403
f 404/404 402/402 398/398
f 405/405 403/403 402/402
f 398/398 406/406 404/404
f 406/406 398/398 395/395
f 407/407 404/404 406/406
f 405/405 408/408 403/403
f 407/407 406/406 409/409
f 410/410 409/409 406/406
f 409/409 410/410 411/411
f 406/406 395/395 412/412
f 412/412 410/410 406/406
f 413/413 403/403 408/408
f 413/413 414/414 403/403
f 400/400 403/403 414/414
f 400/400 414/414 397/397
f 413/413 408/408 415/415
f 416/416 415/415 408/408
f 414/414 413/413 417/417
f 415/415 417/417 413/413
f 418/418 397/397 414/414
f 414/414 417/417 418/418
f 397/397 418/418 399/399
f 419/419 399/399 418/418
f 418/418 420/420 419/419
f 420/420 418/418 417/417
f 421/421 419/419 420/420
f 417/417 415/415 422/422
f 417/417 422/422 420/420
f 415/415 416/416 423/423
f 423/423 422/422 415/415
f 424/424 423/423 416/416
f 420/420 425/425 421/421
f 425/425 420/420 422/422
f 426/426 421/421 425/425
f 422/422 423/423 427/427
f 422/422 427/427 425/425
f 423/423 424/424 428/428
f 428/428 427/427 423/423
f 429/429 428/428 424/424
f 425/425 430/430 426/426
f 430/430 425/425 427/427
f 431/431 426/426 430/430
f 427/427 428/428 432/432
f 427/427 432/432 430/430
f 428/428 429/429 433/433
f 433/433 432/432 428/428
f 434/434 433/433 429/429
f 430/430 435/435 431/431
f 435/435 430/430 432/432
f 436/436 431/431 435/435
f 433/433 434/434 437/437
f 437/437 432/432 433/433
f 438/438 437/437 434/434
f 438/438 439/439 437/437
f 435/435 440/440 436/436
f 432/432 440/440 435/435
f 441/441 436/436 440/440
f 437/437 442/442 432/432
f 432/432 442/442 440/440
f 442/442 437/437 439/439
f 440/440 442/442 441/441
f 439/439 441/441 442/442
f 29/29 443/443 263/263
f 443/443 29/29 444/444
f 33/33 444/444 29/29
f 445/445 263/263 443/443
f 445/445 391/391 263/263
f 33/33 446/446 444/444
f 446/446 33/33 34/34
f 446/446 34/34 42/42
f 446/446 42/42 447/447
f 447/447 444/444 446/446
f 57/57 447/447 42/42
f 447/447 57/57 62/62
f 447/447 62/62 444/444
f 448/448 444/444 62/62
f 448/448 443/443 444/444
f 448/448 449/449 443/443
f 450/450 443/443 449/449
f 449/449 451/451 450/450
f 450/450 452/452 443/443
f 453/453 450/450 451/451
f 450/450 453/453 452/452
f 451/451 454/454 453/453
f 452/452 445/445 443/443
f 455/455 453/453 454/454
f 456/456 452/452 453/453
f 453/453 455/455 456/456
f 455/455 454/454 457/457
f 458/458 457/457 454/454
f 458/458 459/459 457/457
f 452/452 460/460 445/445
f 460/460 461/461 445/445
f 456/456 462/462 452/452
f 460/460 452/452 462/462
f 461/461 463/463 445/445
f 461/461 460/460 464/464
f 462/462 464/464 460/460
f 461/461 464/464 463/463
f 463/463 391/391 445/445
f 462/462 456/456 465/465
f 466/466 456/456 455/455
f 466/466 465/465 456/456
f 466/466 455/455 467/467
f 457/457 467/467 455/455
f 467/467 468/468 466/466
f 465/465 466/466 468/468
f 465/465 469/469 462/462
f 462/462 469/469 464/464
f 469/469 465/465 470/470
f 471/471 470/470 465/465
f 465/465 468/468 471/471
f 470/470 472/472 469/469
f 473/473 471/471 468/468
f 473/473 468/468 474/474
f 475/475 469/469 472/472
f 464/464 469/469 475/475
f 472/472 476/476 475/475
f 477/477 474/474 468/468
f 468/468 467/467 477/477
f 477/477 478/478 474/474
f 479/479 474/474 478/478
f 480/480 477/477 467/467
f 467/467 457/457 480/480
f 478/478 477/477 481/481
f 480/480 481/481 477/477
f 478/478 482/482 479/479
f 478/478 481/481 482/482
f 483/483 479/479 482/482
f 483/483 482/482 484/484
f 485/485 480/480 457/457
f 480/480 485/485 481/481
f 485/485 457/457 459/459
f 485/485 459/459 486/486
f 486/486 481/481 485/485
f 487/487 486/486 459/459
f 487/487 488/488 486/486
f 489/489 486/486 488/488
f 486/486 489/489 481/481
f 488/488 490/490 489/489
f 491/491 481/481 489/489
f 491/491 482/482 481/481
f 492/492 489/489 490/490
f 489/489 492/492 491/491
f 490/490 493/493 492/492
f 482/482 491/491 494/494
f 494/494 484/484 482/482
f 495/495 491/491 492/492
f 495/495 494/494 491/491
f 494/494 496/496 484/484
f 494/494 495/495 496/496
f 497/497 484/484 496/496
f 498/498 496/496 495/495
f 492/492 499/499 495/495
f 498/498 495/495 499/499
f 499/499 492/492 493/493
f 498/498 500/500 496/496
f 498/498 499/499 500/500
f 496/496 501/501 497/497
f 501/501 496/496 500/500
f 502/502 497/497 501/501
f 499/499 493/493 503/503
f 503/503 500/500 499/499
f 504/504 503/503 493/493
f 504/504 505/505 503/503
f 506/506 502/502 501/501
f 501/501 500/500 506/506
f 506/506 507/507 502/502
f 508/508 503/503 505/505
f 503/503 508/508 500/500
f 505/505 509/509 508/508
f 510/510 506/506 500/500
f 510/510 500/500 508/508
f 506/506 511/511 507/507
f 510/510 511/511 506/506
f 512/512 507/507 511/511
f 513/513 508/508 509/509
f 513/513 510/510 508/508
f 509/509 514/514 513/513
f 510/510 515/515 511/511
f 513/513 515/515 510/510
f 511/511 515/515 512/512
f 515/515 513/513 514/514
f 514/514 512/512 515/515
f 391/391 517/517 516/516
f 391/391 516/516 387/387
f 516/516 389/389 387/387
f 518/518 517/517 391/391
f 463/463 518/518 391/391
f 516/516 519/519 389/389
f 516/516 517/517 519/519
f 388/388 389/389 519/519
f 519/519 395/395 388/388
f 519/519 412/412 395/395
f 412/412 519/519 517/517
f 517/517 518/518 412/412
f 463/463 520/520 518/518
f 520/520 463/463 464/464
f 521/521 412/412 518/518
f 521/521 518/518 520/520
f 521/521 410/410 412/412
f 520/520 464/464 522/522
f 520/520 522/522 521/521
f 475/475 522/522 464/464
f 523/523 410/410 521/521
f 523/523 521/521 522/522
f 523/523 411/411 410/410
f 475/475 524/524 522/522
f 524/524 475/475 476/476
f 476/476 525/525 524/524
f 526/526 522/522 524/524
f 522/522 526/526 523/523
f 527/527 524/524 525/525
f 524/524 527/527 526/526
f 523/523 528/528 411/411
f 528/528 523/523 526/526
f 529/529 411/411 528/528
f 529/529 528/528 530/530
f 528/528 526/526 531/531
f 531/531 530/530 528/528
f 532/532 526/526 527/527
f 532/532 531/531 526/526
f 531/531 533/533 530/530
f 531/531 532/532 533/533
f 534/534 530/530 533/533
f 534/534 533/533 535/535
f 536/536 533/533 532/532
f 532/532 527/527 536/536
f 537/537 535/535 533/533
f 535/535 537/537 538/538
f 536/536 539/539 533/533
f 537/537 533/533 539/539
f 540/540 538/538 537/537
f 539/539 541/541 537/537
f 540/540 537/537 541/541
f 540/540 542/542 538/538
f 540/540 541/541 542/542
f 543/543 538/538 542/542
f 539/539 544/544 541/541
f 539/539 536/536 544/544
f 545/545 542/542 541/541
f 542/542 546/546 543/543
f 542/542 545/545 546/546
f 547/547 543/543 546/546
f 548/548 536/536 527/527
f 548/548 544/544 536/536
f 527/527 525/525 548/548
f 549/549 548/548 525/525
f 549/549 550/550 548/548
f 544/544 548/548 550/550
f 550/550 551/551 544/544
f 552/552 544/544 551/551
f 552/552 541/541 544/544
f 541/541 552/552 545/545
f 551/551 553/553 552/552
f 554/554 545/545 552/552
f 554/554 552/552 553/553
f 554/554 553/553 555/555
f 554/554 555/555 545/545
f 556/556 555/555 553/553
f 557/557 545/545 555/555
f 557/557 546/546 545/545
f 555/555 556/556 558/558
f 555/555 558/558 557/557
f 559/559 558/558 556/556
f 546/546 557/557 560/560
f 560/560 547/547 546/546
f 560/560 561/561 547/547
f 558/558 559/559 562/562
f 563/563 562/562 559/559
f 564/564 557/557 558/558
f 564/564 560/560 557/557
f 562/562 564/564 558/558
f 560/560 565/565 561/561
f 564/564 565/565 560/560
f 566/566 561/561 565/565
f 566/566 565/565 567/567
f 562/562 563/563 568/568
f 567/567 568/568 563/563
f 562/562 568/568 564/564
f 568/568 567/567 565/565
f 564/564 568/568 565/565
f 569/569 242/242 279/279
f 242/242 569/569 238/238
f 279/279 295/295 569/569
f 240/240 238/238 569/569
f 570/570 569/569 295/295
f 570/570 571/571 569/569
f 240/240 569/569 571/571
f 570/570 295/295 572/572
f 570/570 572/572 571/571
f 240/240 571/571 573/573
f 574/574 573/573 571/571
f 571/571 575/575 574/574
f 575/575 571/571 572/572
f 576/576 574/574 575/575
f 575/575 577/577 576/576
f 575/575 572/572 577/577
f 578/578 576/576 577/577
f 578/578 577/577 579/579
f 240/240 573/573 580/580
f 581/581 580/580 573/573
f 580/580 582/582 240/240
f 237/237 240/240 582/582
f 582/582 189/189 237/237
f 582/582 580/580 583/583
f 582/582 583/583 189/189
f 580/580 581/581 584/584
f 584/584 583/583 580/580
f 585/585 584/584 581/581
f 584/584 585/585 586/586
f 587/587 586/586 585/585
f 583/583 584/584 588/588
f 586/586 588/588 584/584
f 587/587 589/589 586/586
f 590/590 189/189 583/583
f 583/583 588/588 590/590
f 189/189 590/590 192/192
f 591/591 192/192 590/590
f 590/590 592/592 591/591
f 592/592 590/590 588/588
f 593/593 591/591 592/592
f 593/593 592/592 594/594
f 595/595 594/594 592/592
f 592/592 588/588 595/595
f 594/594 595/595 596/596
f 597/597 595/595 588/588
f 588/588 586/586 597/597
f 598/598 596/596 595/595
f 595/595 597/597 598/598
f 598/598 599/599 596/596
f 600/600 596/596 599/599
f 600/600 599/599 601/601
f 602/602 601/601 599/599
f 601/601 602/602 603/603
f 599/599 598/598 604/604
f 599/599 604/604 602/602
f 605/605 598/598 597/597
f 605/605 604/604 598/598
f 606/606 597/597 586/586
f 597/597 606/606 605/605
f 606/606 586/586 589/589
f 607/607 605/605 606/606
f 606/606 589/589 607/607
f 605/605 607/607 604/604
f 608/608 607/607 589/589
f 607/607 608/608 609/609
f 609/609 604/604 607/607
f 610/610 609/609 608/608
f 610/610 611/611 609/609
f 612/612 609/609 611/611
f 609/609 612/612 604/604
f 611/611 613/613 612/612
f 614/614 604/604 612/612
f 614/614 602/602 604/604
f 615/615 612/612 613/613
f 612/612 615/615 614/614
f 613/613 616/616 615/615
f 614/614 617/617 602/602
f 617/617 614/614 615/615
f 618/618 602/602 617/617
f 618/618 603/603 602/602
f 615/615 619/619 617/617
f 619/619 615/615 616/616
f 617/617 620/620 618/618
f 620/620 617/617 619/619
f 618/618 621/621 603/603
f 621/621 618/618 620/620
f 622/622 603/603 621/621
f 621/621 623/623 622/622
f 621/621 620/620 623/623
f 624/624 622/622 623/623
f 624/624 623/623 625/625
f 626/626 623/623 620/620
f 626/626 625/625 623/623
f 620/620 619/619 626/626
f 626/626 627/627 625/625
f 627/627 626/626 619/619
f 619/619 616/616 627/627
f 628/628 625/625 627/627
f 628/628 627/627 616/616
f 629/629 572/572 295/295
f 295/295 298/298 629/629
f 630/630 629/629 298/298
f 572/572 629/629 631/631
f 629/629 630/630 632/632
f 632/632 631/631 629/629
f 633/633 632/632 630/630
f 633/633 634/634 632/632
f 631/631 577/577 572/572
f 635/635 632/632 634/634
f 632/632 635/635 631/631
f 635/635 634/634 636/636
f 637/637 636/636 634/634
f 638/638 631/631 635/635
f 635/635 636/636 638/638
f 577/577 631/631 639/639
f 638/638 639/639 631/631
f 639/639 579/579 577/577
f 640/640 638/638 636/636
f 638/638 640/640 639/639
f 639/639 641/641 579/579
f 641/641 639/639 640/640
f 642/642 579/579 641/641
f 640/640 636/636 643/643
f 640/640 643/643 641/641
f 641/641 644/644 642/642
f 644/644 641/641 643/643
f 645/645 642/642 644/644
f 645/645 644/644 646/646
f 647/647 643/643 636/636
f 636/636 637/637 647/647
f 648/648 647/647 637/637
f 648/648 649/649 647/647
f 650/650 647/647 649/649
f 647/647 650/650 643/643
f 649/649 651/651 650/650
f 643/643 652/652 644/644
f 652/652 643/643 650/650
f 653/653 646/646 644/644
f 653/653 644/644 652/652
f 646/646 653/653 654/654
f 655/655 654/654 653/653
f 653/653 652/652 655/655
f 654/654 655/655 656/656
f 657/657 650/650 651/651
f 650/650 657/657 652/652
f 651/651 658/658 657/657
f 659/659 655/655 652/652
f 659/659 652/652 657/657
f 660/660 656/656 655/655
f 656/656 660/660 661/661
f 662/662 657/657 658/658
f 657/657 662/662 659/659
f 658/658 663/663 662/662
f 659/659 664/664 655/655
f 664/664 659/659 662/662
f 660/660 655/655 664/664
f 665/665 662/662 663/663
f 662/662 665/665 664/664
f 663/663 666/666 665/665
f 660/660 664/664 667/667
f 667/667 661/661 660/660
f 668/668 664/664 665/665
f 668/668 665/665 666/666
f 668/668 667/667 664/664
f 666/666 661/661 668/668
f 667/667 668/668 661/661
f 671/671 670/670 669/669
f 672/672 669/669 670/670
f 672/672 670/670 673/673
f 672/672 674/674 669/669
f 672/672 673/673 674/674
f 670/670 671/671 675/675
f 669/669 676/676 671/671
f 676/676 669/669 677/677
f 678/678 671/671 676/676
f 676/676 677/677 679/679
f 676/676 679/679 678/678
f 671/671 678/678 680/680
f 680/680 675/675 671/671
f 681/681 678/678 679/679
f 680/680 678/678 682/682
f 681/681 682/682 678/678
f 681/681 679/679 683/683
f 681/681 683/683 682/682
f 680/680 682/682 684/684
f 680/680 684/684 675/675
f 685/685 684/684 682/682
f 685/685 682/682 686/686
f 683/683 686/686 682/682
f 684/684 685/685 687/687
f 685/685 686/686 687/687
f 688/688 675/675 684/684
f 684/684 687/687 688/688
f 688/688 689/689 675/675
f 690/690 687/687 686/686
f 691/691 675/675 689/689
f 675/675 691/691 670/670
f 692/692 670/670 691/691
f 692/692 673/673 670/670
f 691/691 693/693 692/692
f 691/691 689/689 693/693
f 692/692 694/694 673/673
f 694/694 692/692 693/693
f 695/695 673/673 694/694
f 693/693 696/696 694/694
f 697/697 693/693 689/689
f 693/693 697/697 696/696
f 697/697 689/689 698/698
f 699/699 694/694 696/696
f 694/694 699/699 695/695
f 700/700 696/696 697/697
f 697/697 698/698 700/700
f 701/701 698/698 689/689
f 689/689 688/688 701/701
f 702/702 700/700 698/698
f 698/698 701/701 703/703
f 698/698 703/703 702/702
f 704/704 701/701 688/688
f 704/704 688/688 687/687
f 687/687 705/705 704/704
f 687/687 690/690 705/705
f 704/704 706/706 701/701
f 706/706 704/704 705/705
f 707/707 701/701 706/706
f 707/707 703/703 701/701
f 705/705 708/708 706/706
f 706/706 709/709 707/707
f 709/709 706/706 708/708
f 703/703 707/707 710/710
f 711/711 707/707 709/709
f 711/711 710/710 707/707
f 709/709 712/712 711/711
f 708/708 713/713 709/709
f 712/712 709/709 713/713
f 714/714 711/711 712/712
f 713/713 708/708 715/715
f 710/710 711/711 716/716
f 711/711 714/714 716/716
f 713/713 717/717 712/712
f 716/716 718/718 710/710
f 712/712 719/719 714/714
f 719/719 712/712 717/717
f 717/717 713/713 720/720
f 715/715 720/720 713/713
f 717/717 721/721 719/719
f 721/721 717/717 722/722
f 720/720 722/722 717/717
f 722/722 720/720 723/723
f 724/724 723/723 720/720
f 725/725 719/719 721/721
f 725/725 714/714 719/719
f 721/721 726/726 725/725
f 720/720 727/727 724/724
f 720/720 715/715 727/727
f 728/728 724/724 727/727
f 727/727 729/729 728/728
f 729/729 727/727 715/715
f 730/730 728/728 729/729
f 731/731 725/725 726/726
f 725/725 731/731 714/714
f 726/726 732/732 731/731
f 733/733 714/714 731/731
f 733/733 731/731 732/732
f 733/733 716/716 714/714
f 732/732 734/734 733/733
f 733/733 735/735 716/716
f 735/735 733/733 734/734
f 734/734 736/736 735/735
f 718/718 716/716 735/735
f 737/737 735/735 736/736
f 735/735 737/737 718/718
f 736/736 738/738 737/737
f 739/739 737/737 738/738
f 738/738 740/740 739/739
f 741/741 739/739 740/740
f 737/737 739/739 742/742
f 742/742 718/718 737/737
f 739/739 741/741 743/743
f 743/743 742/742 739/739
f 744/744 743/743 741/741
f 718/718 742/742 745/745
f 745/745 710/710 718/718
f 710/710 745/745 703/703
f 744/744 746/746 743/743
f 747/747 703/703 745/745
f 748/748 745/745 742/742
f 742/742 743/743 748/748
f 745/745 748/748 747/747
f 747/747 702/702 703/703
f 744/744 749/749 746/746
f 750/750 748/748 743/743
f 750/750 743/743 746/746
f 751/751 747/747 748/748
f 748/748 750/750 751/751
f 702/702 747/747 752/752
f 751/751 752/752 747/747
f 753/753 751/751 750/750
f 751/751 753/753 752/752
f 746/746 754/754 750/750
f 753/753 750/750 754/754
f 752/752 755/755 702/702
f 700/700 702/702 755/755
f 756/756 752/752 753/753
f 755/755 752/752 757/757
f 756/756 757/757 752/752
f 755/755 758/758 700/700
f 696/696 700/700 758/758
f 756/756 753/753 759/759
f 754/754 759/759 753/753
f 759/759 760/760 756/756
f 757/757 756/756 760/760
f 759/759 761/761 760/760
f 759/759 754/754 761/761
f 760/760 762/762 757/757
f 763/763 761/761 754/754
f 754/754 746/746 763/763
f 761/761 763/763 764/764
f 765/765 763/763 746/746
f 763/763 765/765 764/764
f 765/765 746/746 749/749
f 766/766 764/764 765/765
f 765/765 749/749 766/766
f 767/767 766/766 749/749
f 768/768 757/757 762/762
f 762/762 769/769 768/768
f 770/770 757/757 768/768
f 757/757 770/770 755/755
f 771/771 768/768 769/769
f 768/768 771/771 770/770
f 758/758 755/755 770/770
f 769/769 772/772 771/771
f 770/770 773/773 758/758
f 773/773 770/770 771/771
f 774/774 758/758 773/773
f 758/758 774/774 696/696
f 699/699 696/696 774/774
f 775/775 771/771 772/772
f 772/772 776/776 775/775
f 771/771 777/777 773/773
f 771/771 775/775 777/777
f 773/773 778/778 774/774
f 778/778 773/773 777/777
f 774/774 779/779 699/699
f 779/779 774/774 778/778
f 778/778 777/777 780/780
f 778/778 780/780 779/779
f 777/777 775/775 781/781
f 781/781 780/780 777/777
f 782/782 775/775 776/776
f 782/782 781/781 775/775
f 776/776 783/783 782/782
f 784/784 699/699 779/779
f 784/784 695/695 699/699
f 785/785 779/779 780/780
f 779/779 785/785 784/784
f 782/782 783/783 786/786
f 787/787 786/786 783/783
f 786/786 788/788 782/782
f 781/781 782/782 788/788
f 786/786 787/787 789/789
f 788/788 786/786 790/790
f 789/789 790/790 786/786
f 791/791 789/789 787/787
f 788/788 792/792 781/781
f 780/780 781/781 792/792
f 788/788 790/790 792/792
f 793/793 792/792 790/790
f 792/792 794/794 780/780
f 785/785 780/780 794/794
f 793/793 795/795 792/792
f 794/794 792/792 795/795
f 793/793 790/790 796/796
f 793/793 796/796 795/795
f 797/797 796/796 790/790
f 790/790 789/789 797/797
f 798/798 795/795 796/796
f 799/799 797/797 789/789
f 789/789 791/791 799/799
f 796/796 797/797 800/800
f 796/796 800/800 798/798
f 797/797 799/799 801/801
f 801/801 800/800 797/797
f 802/802 799/799 791/791
f 802/802 791/791 803/803
f 804/804 801/801 799/799
f 799/799 802/802 804/804
f 802/802 803/803 805/805
f 805/805 804/804 802/802
f 806/806 805/805 803/803
f 805/805 806/806 807/807
f 805/805 807/807 804/804
f 808/808 807/807 806/806
f 801/801 804/804 809/809
f 810/810 804/804 807/807
f 810/810 809/809 804/804
f 807/807 808/808 811/811
f 807/807 811/811 810/810
f 812/812 811/811 808/808
f 809/809 813/813 801/801
f 800/800 801/801 813/813
f 810/810 814/814 809/809
f 814/814 810/810 811/811
f 811/811 812/812 815/815
f 811/811 815/815 814/814
f 816/816 815/815 812/812
f 816/816 817/817 815/815
f 818/818 809/809 814/814
f 809/809 818/818 813/813
f 819/819 814/814 815/815
f 814/814 819/819 818/818
f 820/820 815/815 817/817
f 815/815 820/820 819/819
f 817/817 821/821 820/820
f 822/822 820/820 821/821
f 822/822 821/821 823/823
f 822/822 824/824 820/820
f 825/825 819/819 820/820
f 825/825 820/820 824/824
f 826/826 818/818 819/819
f 819/819 825/825 826/826
f 825/825 824/824 827/827
f 827/827 826/826 825/825
f 828/828 827/827 824/824
f 818/818 826/826 829/829
f 829/829 813/813 818/818
f 826/826 827/827 830/830
f 830/830 829/829 826/826
f 827/827 828/828 831/831
f 831/831 830/830 827/827
f 832/832 831/831 828/828
f 831/831 832/832 833/833
f 834/834 833/833 832/832
f 834/834 835/835 833/833
f 836/836 833/833 835/835
f 830/830 831/831 837/837
f 833/833 837/837 831/831
f 833/833 836/836 838/838
f 839/839 838/838 836/836
f 839/839 840/840 838/838
f 833/833 838/838 841/841
f 833/833 841/841 837/837
f 842/842 838/838 840/840
f 837/837 843/843 830/830
f 829/829 830/830 843/843
f 844/844 837/837 841/841
f 845/845 841/841 838/838
f 841/841 845/845 844/844
f 838/838 842/842 845/845
f 844/844 846/846 837/837
f 843/843 837/837 846/846
f 847/847 844/844 845/845
f 844/844 847/847 846/846
f 848/848 845/845 842/842
f 845/845 848/848 847/847
f 840/840 849/849 842/842
f 842/842 850/850 848/848
f 850/850 842/842 849/849
f 851/851 848/848 850/850
f 852/852 847/847 848/848
f 848/848 851/851 852/852
f 853/853 846/846 847/847
f 847/847 852/852 853/853
f 850/850 849/849 854/854
f 853/853 855/855 846/846
f 856/856 854/854 849/849
f 856/856 849/849 857/857
f 857/857 858/858 856/856
f 859/859 856/856 858/858
f 859/859 860/860 856/856
f 854/854 856/856 860/860
f 859/859 861/861 860/860
f 850/850 854/854 862/862
f 860/860 862/862 854/854
f 850/850 862/862 851/851
f 863/863 860/860 861/861
f 860/860 863/863 862/862
f 861/861 864/864 863/863
f 865/865 863/863 864/864
f 864/864 866/866 865/865
f 867/867 862/862 863/863
f 863/863 865/865 867/867
f 867/867 868/868 862/862
f 869/869 865/865 866/866
f 866/866 870/870 869/869
f 871/871 867/867 865/865
f 867/867 871/871 868/868
f 869/869 872/872 865/865
f 871/871 865/865 872/872
f 873/873 869/869 870/870
f 870/870 874/874 873/873
f 875/875 873/873 874/874
f 873/873 876/876 869/869
f 876/876 873/873 875/875
f 872/872 869/869 876/876
f 875/875 877/877 876/876
f 872/872 878/878 871/871
f 872/872 876/876 878/878
f 879/879 876/876 877/877
f 879/879 878/878 876/876
f 877/877 880/880 879/879
f 881/881 871/871 878/878
f 881/881 868/868 871/871
f 878/878 879/879 882/882
f 878/878 882/882 881/881
f 883/883 879/879 880/880
f 883/883 882/882 879/879
f 884/884 881/881 882/882
f 868/868 881/881 884/884
f 882/882 883/883 885/885
f 882/882 885/885 884/884
f 883/883 880/880 886/886
f 886/886 885/885 883/883
f 887/887 886/886 880/880
f 886/886 887/887 888/888
f 889/889 888/888 887/887
f 890/890 885/885 886/886
f 886/886 888/888 890/890
f 884/884 885/885 891/891
f 890/890 891/891 885/885
f 888/888 889/889 892/892
f 893/893 892/892 889/889
f 893/893 894/894 892/892
f 895/895 890/890 888/888
f 890/890 895/895 891/891
f 896/896 888/888 892/892
f 895/895 888/888 896/896
f 897/897 891/891 895/895
f 896/896 898/898 895/895
f 897/897 895/895 898/898
f 897/897 899/899 891/891
f 897/897 898/898 899/899
f 891/891 900/900 884/884
f 900/900 891/891 899/899
f 901/901 884/884 900/900
f 884/884 901/901 868/868
f 900/900 899/899 902/902
f 903/903 868/868 901/901
f 903/903 862/862 868/868
f 903/903 851/851 862/862
f 901/901 904/904 903/903
f 901/901 900/900 904/904
f 851/851 903/903 904/904
f 902/902 904/904 900/900
f 851/851 904/904 905/905
f 905/905 852/852 851/851
f 906/906 905/905 904/904
f 904/904 902/902 906/906
f 852/852 905/905 907/907
f 907/907 853/853 852/852
f 905/905 906/906 908/908
f 908/908 907/907 905/905
f 853/853 907/907 855/855
f 909/909 908/908 906/906
f 909/909 906/906 902/902
f 907/907 908/908 910/910
f 910/910 855/855 907/907
f 908/908 909/909 911/911
f 911/911 910/910 908/908
f 909/909 902/902 677/677
f 677/677 911/911 909/909
f 912/912 677/677 902/902
f 912/912 902/902 899/899
f 911/911 677/677 669/669
f 912/912 679/679 677/677
f 669/669 913/913 911/911
f 910/910 911/911 913/913
f 913/913 669/669 674/674
f 899/899 914/914 912/912
f 679/679 912/912 914/914
f 914/914 899/899 898/898
f 914/914 683/683 679/679
f 898/898 915/915 914/914
f 683/683 914/914 915/915
f 898/898 896/896 915/915
f 915/915 916/916 683/683
f 917/917 915/915 896/896
f 915/915 917/917 916/916
f 896/896 892/892 917/917
f 686/686 683/683 916/916
f 918/918 917/917 892/892
f 918/918 892/892 894/894
f 919/919 916/916 917/917
f 917/917 918/918 919/919
f 916/916 920/920 686/686
f 916/916 919/919 920/920
f 690/690 686/686 920/920
f 918/918 894/894 921/921
f 921/921 919/919 918/918
f 922/922 921/921 894/894
f 922/922 923/923 921/921
f 919/919 921/921 924/924
f 924/924 920/920 919/919
f 925/925 921/921 923/923
f 925/925 924/924 921/921
f 923/923 926/926 925/925
f 925/925 927/927 924/924
f 927/927 925/925 926/926
f 928/928 924/924 927/927
f 927/927 926/926 929/929
f 930/930 929/929 926/926
f 930/930 931/931 929/929
f 928/928 932/932 924/924
f 920/920 924/924 932/932
f 928/928 927/927 933/933
f 929/929 933/933 927/927
f 928/928 933/933 932/932
f 934/934 929/929 931/931
f 931/931 935/935 934/934
f 730/730 934/934 935/935
f 730/730 729/729 934/934
f 934/934 936/936 929/929
f 936/936 934/934 729/729
f 933/933 929/929 936/936
f 936/936 729/729 937/937
f 936/936 937/937 933/933
f 932/932 933/933 937/937
f 729/729 715/715 937/937
f 938/938 937/937 715/715
f 937/937 938/938 932/932
f 938/938 715/715 708/708
f 708/708 705/705 938/938
f 939/939 932/932 938/938
f 939/939 938/938 705/705
f 932/932 939/939 920/920
f 939/939 705/705 690/690
f 690/690 920/920 939/939
f 942/942 941/941 940/940
f 943/943 940/940 941/941
f 943/943 941/941 944/944
f 944/944 785/785 943/943
f 794/794 943/943 785/785
f 943/943 794/794 940/940
f 944/944 784/784 785/785
f 795/795 940/940 794/794
f 795/795 798/798 940/940
f 945/945 944/944 941/941
f 944/944 945/945 784/784
f 941/941 942/942 945/945
f 695/695 784/784 945/945
f 945/945 946/946 695/695
f 946/946 945/945 942/942
f 673/673 695/695 946/946
f 946/946 674/674 673/673
f 946/946 942/942 674/674
f 947/947 674/674 942/942
f 942/942 940/940 947/947
f 674/674 947/947 913/913
f 948/948 947/947 940/940
f 948/948 940/940 798/798
f 949/949 913/913 947/947
f 913/913 949/949 910/910
f 855/855 910/910 949/949
f 949/949 947/947 950/950
f 948/948 950/950 947/947
f 855/855 949/949 951/951
f 950/950 951/951 949/949
f 951/951 846/846 855/855
f 846/846 951/951 843/843
f 798/798 952/952 948/948
f 950/950 948/948 952/952
f 952/952 798/798 800/800
f 800/800 813/813 952/952
f 953/953 843/843 951/951
f 951/951 950/950 953/953
f 952/952 953/953 950/950
f 953/953 952/952 813/813
f 843/843 953/953 829/829
f 813/813 829/829 953/953
f 956/956 955/955 954/954
f 956/956 954/954 957/957
f 958/958 957/957 954/954
f 959/959 954/954 955/955
f 959/959 955/955 960/960
f 956/956 957/957 961/961
f 962/962 961/961 957/957
f 955/955 956/956 963/963
f 961/961 963/963 956/956
f 964/964 960/960 955/955
f 955/955 963/963 964/964
f 965/965 960/960 964/964
f 961/961 962/962 966/966
f 967/967 966/966 962/962
f 966/966 967/967 968/968
f 969/969 968/968 967/967
f 961/961 966/966 970/970
f 961/961 970/970 963/963
f 966/966 968/968 971/971
f 971/971 970/970 966/966
f 972/972 971/971 968/968
f 971/971 972/972 973/973
f 974/974 973/973 972/972
f 970/970 971/971 975/975
f 973/973 975/975 971/971
f 976/976 963/963 970/970
f 973/973 974/974 977/977
f 978/978 977/977 974/974
f 975/975 973/973 979/979
f 977/977 979/979 973/973
f 975/975 980/980 970/970
f 976/976 970/970 980/980
f 977/977 978/978 981/981
f 980/980 975/975 982/982
f 979/979 982/982 975/975
f 983/983 981/981 978/978
f 979/979 977/977 984/984
f 981/981 984/984 977/977
f 982/982 979/979 985/985
f 984/984 985/985 979/979
f 983/983 986/986 981/981
f 986/986 983/983 987/987
f 987/987 988/988 986/986
f 985/985 989/989 982/982
f 990/990 986/986 988/988
f 988/988 991/991 990/990
f 992/992 981/981 986/986
f 986/986 990/990 993/993
f 986/986 993/993 992/992
f 992/992 994/994 981/981
f 984/984 981/981 994/994
f 995/995 994/994 992/992
f 995/995 992/992 993/993
f 994/994 996/996 984/984
f 994/994 995/995 996/996
f 985/985 984/984 996/996
f 995/995 993/993 997/997
f 997/997 996/996 995/995
f 996/996 998/998 985/985
f 989/989 985/985 998/998
f 997/997 999/999 996/996
f 998/998 996/996 999/999
f 1000/1000 997/997 993/993
f 997/997 1000/1000 999/999
f 993/993 1001/1001 1000/1000
f 1001/1001 993/993 990/990
f 1002/1002 999/999 1000/1000
f 990/990 1003/1003 1001/1001
f 1003/1003 990/990 991/991
f 991/991 1004/1004 1003/1003
f 1005/1005 1000/1000 1001/1001
f 1000/1000 1005/1005 1002/1002
f 1006/1006 1001/1001 1003/1003
f 1001/1001 1006/1006 1005/1005
f 1007/1007 1003/1003 1004/1004
f 1003/1003 1007/1007 1006/1006
f 1008/1008 1005/1005 1006/1006
f 1008/1008 1006/1006 1007/1007
f 1004/1004 1009/1009 1007/1007
f 1008/1008 1010/1010 1005/1005
f 1008/1008 1007/1007 1010/1010
f 1011/1011 1002/1002 1005/1005
f 1011/1011 1005/1005 1010/1010
f 1002/1002 1011/1011 1012/1012
f 1002/1002 1012/1012 999/999
f 1013/1013 1007/1007 1009/1009
f 1013/1013 1010/1010 1007/1007
f 1015/1015 1014/1014 1009/1009
f 1013/1013 1009/1009 1014/1014
f 1014/1014 1016/1016 1013/1013
f 1016/1016 1017/1017 1013/1013
f 1018/1018 1013/1013 1017/1017
f 1013/1013 1018/1018 1010/1010
f 1017/1017 1019/1019 1018/1018
f 1020/1020 1010/1010 1018/1018
f 1010/1010 1020/1020 1011/1011
f 1021/1021 1018/1018 1019/1019
f 1018/1018 1021/1021 1020/1020
f 1022/1022 1011/1011 1020/1020
f 1022/1022 1012/1012 1011/1011
f 1020/1020 1023/1023 1022/1022
f 1023/1023 1020/1020 1021/1021
f 1022/1022 1024/1024 1012/1012
f 1024/1024 1022/1022 1023/1023
f 1019/1019 1025/1025 1021/1021
f 1026/1026 1025/1025 1019/1019
f 1023/1023 1021/1021 1027/1027
f 1023/1023 1027/1027 1024/1024
f 1026/1026 1028/1028 1025/1025
f 1029/1029 1021/1021 1025/1025
f 1029/1029 1027/1027 1021/1021
f 1030/1030 1025/1025 1028/1028
f 1029/1029 1025/1025 1031/1031
f 1030/1030 1031/1031 1025/1025
f 1032/1032 1029/1029 1031/1031
f 1032/1032 1027/1027 1029/1029
f 1030/1030 1033/1033 1031/1031
f 1032/1032 1031/1031 1033/1033
f 1030/1030 1028/1028 1034/1034
f 1035/1035 1034/1034 1028/1028
f 1034/1034 1036/1036 1030/1030
f 1033/1033 1030/1030 1036/1036
f 1034/1034 1035/1035 1037/1037
f 1036/1036 1034/1034 1037/1037
f 1038/1038 1037/1037 1035/1035
f 1039/1039 1037/1037 1038/1038
f 1032/1032 1033/1033 1040/1040
f 1032/1032 1040/1040 1027/1027
f 1036/1036 1041/1041 1033/1033
f 1039/1039 1042/1042 1037/1037
f 1039/1039 1043/1043 1042/1042
f 1037/1037 1044/1044 1036/1036
f 1044/1044 1037/1037 1042/1042
f 1041/1041 1036/1036 1044/1044
f 1045/1045 1042/1042 1043/1043
f 1043/1043 1046/1046 1045/1045
f 1042/1042 1047/1047 1044/1044
f 1042/1042 1045/1045 1047/1047
f 1044/1044 1048/1048 1041/1041
f 1048/1048 1044/1044 1047/1047
f 1049/1049 1045/1045 1046/1046
f 1046/1046 1050/1050 1049/1049
f 1051/1051 1047/1047 1045/1045
f 1049/1049 1052/1052 1045/1045
f 1051/1051 1045/1045 1052/1052
f 1053/1053 1049/1049 1050/1050
f 1049/1049 1053/1053 1052/1052
f 1050/1050 1054/1054 1053/1053
f 1055/1055 1053/1053 1054/1054
f 1053/1053 1055/1055 1056/1056
f 1056/1056 1052/1052 1053/1053
f 1057/1057 1056/1056 1055/1055
f 1057/1057 1058/1058 1056/1056
f 1059/1059 1056/1056 1058/1058
f 1058/1058 1060/1060 1059/1059
f 1052/1052 1056/1056 1061/1061
f 1059/1059 1061/1061 1056/1056
f 1061/1061 1062/1062 1052/1052
f 1051/1051 1052/1052 1062/1062
f 1061/1061 1059/1059 1063/1063
f 1064/1064 1059/1059 1060/1060
f 1064/1064 1063/1063 1059/1059
f 1060/1060 1065/1065 1064/1064
f 1066/1066 1064/1064 1065/1065
f 1064/1064 1066/1066 1063/1063
f 1066/1066 1065/1065 1067/1067
f 1063/1063 1068/1068 1061/1061
f 1062/1062 1061/1061 1068/1068
f 1066/1066 1067/1067 1069/1069
f 1070/1070 1069/1069 1067/1067
f 1071/1071 1063/1063 1066/1066
f 1066/1066 1069/1069 1071/1071
f 1068/1068 1063/1063 1072/1072
f 1071/1071 1072/1072 1063/1063
f 1069/1069 1070/1070 1073/1073
f 1074/1074 1073/1073 1070/1070
f 1075/1075 1071/1071 1069/1069
f 1075/1075 1069/1069 1073/1073
f 1072/1072 1071/1071 1076/1076
f 1075/1075 1076/1076 1071/1071
f 1073/1073 1077/1077 1075/1075
f 1076/1076 1075/1075 1077/1077
f 1073/1073 1074/1074 1078/1078
f 1079/1079 1078/1078 1074/1074
f 1077/1077 1073/1073 1080/1080
f 1078/1078 1080/1080 1073/1073
f 1081/1081 1078/1078 1079/1079
f 1079/1079 1082/1082 1081/1081
f 1080/1080 1078/1078 1083/1083
f 1081/1081 1083/1083 1078/1078
f 1084/1084 1081/1081 1082/1082
f 1084/1084 1082/1082 1085/1085
f 1086/1086 1085/1085 1082/1082
f 1084/1084 1085/1085 1087/1087
f 1084/1084 1087/1087 1081/1081
f 1088/1088 1087/1087 1085/1085
f 1089/1089 1081/1081 1087/1087
f 1081/1081 1089/1089 1083/1083
f 1087/1087 1088/1088 1090/1090
f 1087/1087 1090/1090 1089/1089
f 1091/1091 1090/1090 1088/1088
f 1090/1090 1091/1091 1092/1092
f 1093/1093 1092/1092 1091/1091
f 1094/1094 1092/1092 1093/1093
f 1094/1094 1095/1095 1092/1092
f 1090/1090 1092/1092 1096/1096
f 1096/1096 1089/1089 1090/1090
f 1097/1097 1092/1092 1095/1095
f 1097/1097 1096/1096 1092/1092
f 1097/1097 1095/1095 1098/1098
f 1099/1099 1098/1098 1095/1095
f 1096/1096 1097/1097 1100/1100
f 1098/1098 1100/1100 1097/1097
f 1089/1089 1096/1096 1101/1101
f 1100/1100 1101/1101 1096/1096
f 1101/1101 1083/1083 1089/1089
f 1100/1100 1098/1098 1102/1102
f 1100/1100 1102/1102 1101/1101
f 1098/1098 1099/1099 1103/1103
f 1103/1103 1102/1102 1098/1098
f 1104/1104 1103/1103 1099/1099
f 1103/1103 1104/1104 1105/1105
f 1106/1106 1105/1105 1104/1104
f 1102/1102 1103/1103 1107/1107
f 1105/1105 1107/1107 1103/1103
f 1108/1108 1101/1101 1102/1102
f 1101/1101 1108/1108 1083/1083
f 1107/1107 1109/1109 1102/1102
f 1108/1108 1102/1102 1109/1109
f 1110/1110 1083/1083 1108/1108
f 1083/1083 1110/1110 1080/1080
f 1109/1109 1111/1111 1108/1108
f 1110/1110 1108/1108 1111/1111
f 1112/1112 1080/1080 1110/1110
f 1110/1110 1111/1111 1112/1112
f 1080/1080 1112/1112 1077/1077
f 1113/1113 1077/1077 1112/1112
f 1077/1077 1113/1113 1076/1076
f 1114/1114 1112/1112 1111/1111
f 1112/1112 1114/1114 1113/1113
f 1115/1115 1076/1076 1113/1113
f 1076/1076 1115/1115 1072/1072
f 1116/1116 1113/1113 1114/1114
f 1113/1113 1116/1116 1115/1115
f 1117/1117 1072/1072 1115/1115
f 1072/1072 1117/1117 1068/1068
f 1118/1118 1115/1115 1116/1116
f 1115/1115 1118/1118 1117/1117
f 1116/1116 1114/1114 1119/1119
f 1116/1116 1119/1119 1118/1118
f 1120/1120 1119/1119 1114/1114
f 1114/1114 1111/1111 1120/1120
f 1121/1121 1068/1068 1117/1117
f 1068/1068 1121/1121 1062/1062
f 1122/1122 1117/1117 1118/1118
f 1117/1117 1122/1122 1121/1121
f 1123/1123 1062/1062 1121/1121
f 1062/1062 1123/1123 1051/1051
f 1047/1047 1051/1051 1123/1123
f 1047/1047 1123/1123 1048/1048
f 1118/1118 1124/1124 1122/1122
f 1124/1124 1118/1118 1119/1119
f 1125/1125 1121/1121 1122/1122
f 1121/1121 1125/1125 1123/1123
f 1126/1126 1122/1122 1124/1124
f 1122/1122 1126/1126 1125/1125
f 1119/1119 1127/1127 1124/1124
f 1119/1119 1120/1120 1127/1127
f 1128/1128 1123/1123 1125/1125
f 1128/1128 1048/1048 1123/1123
f 1125/1125 1129/1129 1128/1128
f 1129/1129 1125/1125 1126/1126
f 1048/1048 1128/1128 1130/1130
f 1130/1130 1041/1041 1048/1048
f 1131/1131 1128/1128 1129/1129
f 1131/1131 1130/1130 1128/1128
f 1041/1041 1130/1130 1132/1132
f 1132/1132 1033/1033 1041/1041
f 1132/1132 1040/1040 1033/1033
f 1133/1133 1132/1132 1130/1130
f 1132/1132 1133/1133 1040/1040
f 1130/1130 1131/1131 1133/1133
f 1134/1134 1040/1040 1133/1133
f 1040/1040 1134/1134 1027/1027
f 1135/1135 1133/1133 1131/1131
f 1133/1133 1135/1135 1134/1134
f 1135/1135 1131/1131 1136/1136
f 1129/1129 1136/1136 1131/1131
f 1137/1137 1134/1134 1135/1135
f 1135/1135 1136/1136 1137/1137
f 1138/1138 1027/1027 1134/1134
f 1134/1134 1137/1137 1138/1138
f 1138/1138 1024/1024 1027/1027
f 1139/1139 1138/1138 1137/1137
f 1024/1024 1138/1138 1140/1140
f 1139/1139 1140/1140 1138/1138
f 1137/1137 1141/1141 1139/1139
f 1141/1141 1137/1137 1136/1136
f 1140/1140 1139/1139 1141/1141
f 1140/1140 1012/1012 1024/1024
f 1141/1141 1136/1136 1142/1142
f 1140/1140 1141/1141 1142/1142
f 1136/1136 1129/1129 1143/1143
f 1143/1143 1142/1142 1136/1136
f 1126/1126 1143/1143 1129/1129
f 1012/1012 1140/1140 1144/1144
f 1144/1144 999/999 1012/1012
f 1145/1145 1140/1140 1142/1142
f 1145/1145 1144/1144 1140/1140
f 999/999 1144/1144 998/998
f 1145/1145 1142/1142 1146/1146
f 1145/1145 1146/1146 1144/1144
f 1147/1147 998/998 1144/1144
f 1147/1147 1144/1144 1146/1146
f 998/998 1147/1147 989/989
f 1148/1148 1146/1146 1142/1142
f 1142/1142 1143/1143 1148/1148
f 1146/1146 1149/1149 1147/1147
f 1146/1146 1148/1148 1149/1149
f 1150/1150 989/989 1147/1147
f 1150/1150 1147/1147 1149/1149
f 1151/1151 1148/1148 1143/1143
f 1143/1143 1126/1126 1151/1151
f 1152/1152 1149/1149 1148/1148
f 1148/1148 1151/1151 1152/1152
f 1149/1149 1153/1153 1150/1150
f 1149/1149 1152/1152 1153/1153
f 1150/1150 1154/1154 989/989
f 1154/1154 1150/1150 1153/1153
f 1155/1155 1151/1151 1126/1126
f 1156/1156 1152/1152 1151/1151
f 1151/1151 1155/1155 1156/1156
f 1155/1155 1126/1126 1157/1157
f 1124/1124 1157/1157 1126/1126
f 1157/1157 1124/1124 1127/1127
f 1155/1155 1157/1157 1158/1158
f 1158/1158 1156/1156 1155/1155
f 1157/1157 1127/1127 1159/1159
f 1159/1159 1158/1158 1157/1157
f 1160/1160 1159/1159 1127/1127
f 1160/1160 1127/1127 1120/1120
f 1159/1159 1161/1161 1158/1158
f 1159/1159 1160/1160 1161/1161
f 1160/1160 1120/1120 1162/1162
f 1162/1162 1161/1161 1160/1160
f 1163/1163 1162/1162 1120/1120
f 1163/1163 1120/1120 1111/1111
f 1111/1111 1109/1109 1163/1163
f 1164/1164 1163/1163 1109/1109
f 1109/1109 1107/1107 1164/1164
f 1162/1162 1163/1163 1165/1165
f 1164/1164 1165/1165 1163/1163
f 1161/1161 1162/1162 1166/1166
f 1165/1165 1166/1166 1162/1162
f 1161/1161 1166/1166 1167/1167
f 1167/1167 1158/1158 1161/1161
f 1168/1168 1164/1164 1107/1107
f 1107/1107 1105/1105 1168/1168
f 1165/1165 1164/1164 1169/1169
f 1168/1168 1169/1169 1164/1164
f 1166/1166 1165/1165 1170/1170
f 1169/1169 1170/1170 1165/1165
f 1171/1171 1167/1167 1166/1166
f 1166/1166 1170/1170 1171/1171
f 1167/1167 1172/1172 1158/1158
f 1167/1167 1171/1171 1172/1172
f 1156/1156 1158/1158 1172/1172
f 1172/1172 1173/1173 1156/1156
f 1173/1173 1172/1172 1171/1171
f 1152/1152 1156/1156 1173/1173
f 1173/1173 1153/1153 1152/1152
f 1173/1173 1171/1171 1174/1174
f 1173/1173 1174/1174 1153/1153
f 1175/1175 1171/1171 1170/1170
f 1175/1175 1174/1174 1171/1171
f 1176/1176 1153/1153 1174/1174
f 1170/1170 1177/1177 1175/1175
f 1175/1175 1178/1178 1174/1174
f 1178/1178 1175/1175 1177/1177
f 1177/1177 1170/1170 1179/1179
f 1169/1169 1179/1179 1170/1170
f 1169/1169 1168/1168 1179/1179
f 1177/1177 1179/1179 1180/1180
f 1177/1177 1180/1180 1178/1178
f 1181/1181 1179/1179 1168/1168
f 1181/1181 1168/1168 1105/1105
f 1182/1182 1180/1180 1179/1179
f 1179/1179 1181/1181 1182/1182
f 1181/1181 1105/1105 1183/1183
f 1183/1183 1182/1182 1181/1181
f 1106/1106 1183/1183 1105/1105
f 1106/1106 1184/1184 1183/1183
f 1184/1184 1185/1185 1183/1183
f 1182/1182 1183/1183 1185/1185
f 1185/1185 1186/1186 1182/1182
f 1180/1180 1182/1182 1186/1186
f 1180/1180 1186/1186 1187/1187
f 1187/1187 1178/1178 1180/1180
f 1188/1188 1187/1187 1186/1186
f 1178/1178 1187/1187 1189/1189
f 1189/1189 1174/1174 1178/1178
f 1187/1187 1188/1188 1190/1190
f 1190/1190 1189/1189 1187/1187
f 1191/1191 1190/1190 1188/1188
f 1190/1190 1191/1191 1192/1192
f 1174/1174 1189/1189 1176/1176
f 1189/1189 1190/1190 1193/1193
f 1192/1192 1193/1193 1190/1190
f 1193/1193 1176/1176 1189/1189
f 1192/1192 1194/1194 1193/1193
f 1194/1194 1192/1192 965/965
f 1195/1195 1193/1193 1194/1194
f 1194/1194 965/965 1196/1196
f 964/964 1196/1196 965/965
f 1196/1196 964/964 963/963
f 1196/1196 1197/1197 1194/1194
f 1196/1196 963/963 1197/1197
f 1195/1195 1194/1194 1197/1197
f 976/976 1197/1197 963/963
f 1195/1195 1198/1198 1193/1193
f 1195/1195 1197/1197 1198/1198
f 1176/1176 1193/1193 1198/1198
f 1197/1197 976/976 1199/1199
f 1199/1199 1198/1198 1197/1197
f 980/980 1199/1199 976/976
f 1198/1198 1154/1154 1176/1176
f 1198/1198 1199/1199 1154/1154
f 1153/1153 1176/1176 1154/1154
f 1199/1199 980/980 1200/1200
f 1200/1200 1154/1154 1199/1199
f 982/982 1200/1200 980/980
f 1200/1200 989/989 1154/1154
f 1200/1200 982/982 989/989
f 1203/1203 1202/1202 1201/1201
f 1203/1203 1204/1204 1202/1202
f 1205/1205 1201/1201 1202/1202
f 1201/1201 1205/1205 1206/1206
f 1207/1207 1202/1202 1204/1204
f 1204/1204 1208/1208 1207/1207
f 1209/1209 1207/1207 1208/1208
f 1209/1209 1210/1210 1207/1207
f 1202/1202 1207/1207 1211/1211
f 1202/1202 1211/1211 1205/1205
f 1212/1212 1207/1207 1210/1210
f 1207/1207 1212/1212 1211/1211
f 1210/1210 1213/1213 1212/1212
f 1214/1214 1212/1212 1213/1213
f 1213/1213 1215/1215 1214/1214
f 1216/1216 1211/1211 1212/1212
f 1214/1214 1216/1216 1212/1212
f 1217/1217 1214/1214 1215/1215
f 1215/1215 1218/1218 1217/1217
f 1214/1214 1219/1219 1216/1216
f 1214/1214 1217/1217 1219/1219
f 1220/1220 1217/1217 1218/1218
f 1218/1218 1221/1221 1220/1220
f 1217/1217 1220/1220 1222/1222
f 1222/1222 1219/1219 1217/1217
f 1223/1223 1220/1220 1221/1221
f 1221/1221 1224/1224 1223/1223
f 1225/1225 1222/1222 1220/1220
f 1220/1220 1223/1223 1225/1225
f 1219/1219 1222/1222 1226/1226
f 1222/1222 1225/1225 1227/1227
f 1227/1227 1226/1226 1222/1222
f 1228/1228 1223/1223 1224/1224
f 1224/1224 1229/1229 1228/1228
f 1230/1230 1225/1225 1223/1223
f 1230/1230 1223/1223 1228/1228
f 1231/1231 1227/1227 1225/1225
f 1225/1225 1230/1230 1231/1231
f 1228/1228 1232/1232 1230/1230
f 1232/1232 1228/1228 1229/1229
f 1233/1233 1230/1230 1232/1232
f 1233/1233 1231/1231 1230/1230
f 1232/1232 1229/1229 1234/1234
f 1235/1235 1234/1234 1229/1229
f 1233/1233 1232/1232 1236/1236
f 1234/1234 1236/1236 1232/1232
f 1233/1233 1236/1236 1231/1231
f 1234/1234 1235/1235 1237/1237
f 1234/1234 1237/1237 1236/1236
f 1238/1238 1237/1237 1235/1235
f 1238/1238 1239/1239 1237/1237
f 1227/1227 1231/1231 1240/1240
f 1241/1241 1231/1231 1236/1236
f 1241/1241 1240/1240 1231/1231
f 1236/1236 1242/1242 1241/1241
f 1242/1242 1236/1236 1237/1237
f 1243/1243 1241/1241 1242/1242
f 1241/1241 1243/1243 1240/1240
f 1237/1237 1244/1244 1242/1242
f 1244/1244 1237/1237 1239/1239
f 1243/1243 1242/1242 1244/1244
f 1227/1227 1240/1240 1226/1226
f 1244/1244 1239/1239 1245/1245
f 1243/1243 1244/1244 1246/1246
f 1246/1246 1240/1240 1243/1243
f 1245/1245 1246/1246 1244/1244
f 1247/1247 1245/1245 1239/1239
f 1240/1240 1246/1246 1248/1248
f 1248/1248 1226/1226 1240/1240
f 1246/1246 1245/1245 1249/1249
f 1249/1249 1248/1248 1246/1246
f 1245/1245 1247/1247 1250/1250
f 1250/1250 1249/1249 1245/1245
f 1251/1251 1250/1250 1247/1247
f 1249/1249 1252/1252 1248/1248
f 1249/1249 1250/1250 1252/1252
f 1248/1248 1253/1253 1226/1226
f 1253/1253 1248/1248 1252/1252
f 1250/1250 1251/1251 1254/1254
f 1254/1254 1252/1252 1250/1250
f 1255/1255 1254/1254 1251/1251
f 1256/1256 1226/1226 1253/1253
f 1226/1226 1256/1256 1219/1219
f 1253/1253 1252/1252 1257/1257
f 1253/1253 1257/1257 1256/1256
f 1252/1252 1254/1254 1258/1258
f 1258/1258 1257/1257 1252/1252
f 1254/1254 1255/1255 1259/1259
f 1259/1259 1258/1258 1254/1254
f 1260/1260 1259/1259 1255/1255
f 1261/1261 1219/1219 1256/1256
f 1261/1261 1216/1216 1219/1219
f 1256/1256 1262/1262 1261/1261
f 1262/1262 1256/1256 1257/1257
f 1261/1261 1263/1263 1216/1216
f 1263/1263 1261/1261 1262/1262
f 1211/1211 1216/1216 1263/1263
f 1262/1262 1257/1257 1264/1264
f 1262/1262 1264/1264 1263/1263
f 1263/1263 1265/1265 1211/1211
f 1265/1265 1263/1263 1264/1264
f 1205/1205 1211/1211 1265/1265
f 1266/1266 1264/1264 1257/1257
f 1205/1205 1265/1265 1267/1267
f 1267/1267 1206/1206 1205/1205
f 1206/1206 1267/1267 1268/1268
f 1269/1269 1267/1267 1265/1265
f 1265/1265 1264/1264 1269/1269
f 1270/1270 1268/1268 1267/1267
f 1267/1267 1269/1269 1270/1270
f 1268/1268 1270/1270 1271/1271
f 1266/1266 1257/1257 1272/1272
f 1258/1258 1272/1272 1257/1257
f 1264/1264 1266/1266 1273/1273
f 1266/1266 1272/1272 1273/1273
f 1274/1274 1269/1269 1264/1264
f 1264/1264 1273/1273 1274/1274
f 1275/1275 1270/1270 1269/1269
f 1269/1269 1274/1274 1275/1275
f 1276/1276 1271/1271 1270/1270
f 1270/1270 1275/1275 1276/1276
f 1271/1271 1276/1276 1277/1277
f 1278/1278 1277/1277 1276/1276
f 1277/1277 1278/1278 1279/1279
f 1280/1280 1276/1276 1275/1275
f 1276/1276 1280/1280 1278/1278
f 1281/1281 1275/1275 1274/1274
f 1275/1275 1281/1281 1280/1280
f 1274/1274 1282/1282 1281/1281
f 1282/1282 1274/1274 1273/1273
f 1283/1283 1280/1280 1281/1281
f 1273/1273 1284/1284 1282/1282
f 1284/1284 1273/1273 1272/1272
f 1285/1285 1281/1281 1282/1282
f 1281/1281 1285/1285 1283/1283
f 1286/1286 1282/1282 1284/1284
f 1282/1282 1286/1286 1285/1285
f 1284/1284 1272/1272 1287/1287
f 1284/1284 1287/1287 1286/1286
f 1288/1288 1285/1285 1286/1286
f 1289/1289 1286/1286 1287/1287
f 1286/1286 1289/1289 1288/1288
f 1290/1290 1287/1287 1272/1272
f 1272/1272 1291/1291 1290/1290
f 1272/1272 1258/1258 1291/1291
f 1291/1291 1258/1258 1259/1259
f 1292/1292 1291/1291 1259/1259
f 1292/1292 1259/1259 1260/1260
f 1260/1260 1293/1293 1292/1292
f 1292/1292 1294/1294 1291/1291
f 1294/1294 1290/1290 1291/1291
f 1293/1293 1295/1295 1292/1292
f 1292/1292 1295/1295 1294/1294
f 1293/1293 1296/1296 1295/1295
f 1290/1290 1294/1294 1297/1297
f 1290/1290 1297/1297 1287/1287
f 1298/1298 1294/1294 1295/1295
f 1298/1298 1297/1297 1294/1294
f 1299/1299 1295/1295 1296/1296
f 1298/1298 1295/1295 1299/1299
f 1296/1296 1300/1300 1299/1299
f 1297/1297 1298/1298 1301/1301
f 1299/1299 1301/1301 1298/1298
f 1302/1302 1287/1287 1297/1297
f 1297/1297 1301/1301 1302/1302
f 1287/1287 1302/1302 1289/1289
f 1303/1303 1299/1299 1300/1300
f 1299/1299 1303/1303 1301/1301
f 1300/1300 1304/1304 1303/1303
f 1302/1302 1301/1301 1305/1305
f 1306/1306 1301/1301 1303/1303
f 1306/1306 1305/1305 1301/1301
f 1303/1303 1307/1307 1306/1306
f 1307/1307 1303/1303 1304/1304
f 1308/1308 1306/1306 1307/1307
f 1306/1306 1308/1308 1305/1305
f 1307/1307 1304/1304 1309/1309
f 1310/1310 1309/1309 1304/1304
f 1309/1309 1310/1310 1311/1311
f 1312/1312 1311/1311 1310/1310
f 1311/1311 1313/1313 1309/1309
f 1307/1307 1309/1309 1314/1314
f 1314/1314 1309/1309 1313/1313
f 1307/1307 1314/1314 1308/1308
f 1314/1314 1313/1313 1315/1315
f 1315/1315 1308/1308 1314/1314
f 1316/1316 1315/1315 1313/1313
f 1308/1308 1315/1315 1317/1317
f 1317/1317 1305/1305 1308/1308
f 1315/1315 1316/1316 1318/1318
f 1318/1318 1317/1317 1315/1315
f 1319/1319 1318/1318 1316/1316
f 1318/1318 1319/1319 1320/1320
f 1321/1321 1320/1320 1319/1319
f 1317/1317 1318/1318 1322/1322
f 1320/1320 1322/1322 1318/1318
f 1305/1305 1317/1317 1323/1323
f 1322/1322 1323/1323 1317/1317
f 1323/1323 1324/1324 1305/1305
f 1302/1302 1305/1305 1324/1324
f 1324/1324 1289/1289 1302/1302
f 1320/1320 1321/1321 1325/1325
f 1326/1326 1325/1325 1321/1321
f 1322/1322 1320/1320 1327/1327
f 1325/1325 1327/1327 1320/1320
f 1289/1289 1324/1324 1328/1328
f 1327/1327 1329/1329 1322/1322
f 1323/1323 1322/1322 1329/1329
f 1324/1324 1323/1323 1330/1330
f 1329/1329 1330/1330 1323/1323
f 1330/1330 1328/1328 1324/1324
f 1328/1328 1288/1288 1289/1289
f 1330/1330 1329/1329 1331/1331
f 1329/1329 1327/1327 1332/1332
f 1332/1332 1331/1331 1329/1329
f 1328/1328 1330/1330 1333/1333
f 1331/1331 1333/1333 1330/1330
f 1288/1288 1328/1328 1334/1334
f 1333/1333 1334/1334 1328/1328
f 1331/1331 1332/1332 1335/1335
f 1331/1331 1335/1335 1333/1333
f 1336/1336 1332/1332 1327/1327
f 1327/1327 1325/1325 1336/1336
f 1333/1333 1337/1337 1334/1334
f 1337/1337 1333/1333 1335/1335
f 1332/1332 1336/1336 1338/1338
f 1338/1338 1335/1335 1332/1332
f 1339/1339 1336/1336 1325/1325
f 1325/1325 1326/1326 1339/1339
f 1340/1340 1339/1339 1326/1326
f 1335/1335 1338/1338 1341/1341
f 1341/1341 1342/1342 1335/1335
f 1337/1337 1335/1335 1342/1342
f 1343/1343 1341/1341 1338/1338
f 1337/1337 1342/1342 1344/1344
f 1344/1344 1334/1334 1337/1337
f 1345/1345 1344/1344 1342/1342
f 1338/1338 1346/1346 1343/1343
f 1346/1346 1338/1338 1336/1336
f 1336/1336 1339/1339 1346/1346
f 1347/1347 1343/1343 1346/1346
f 1348/1348 1346/1346 1339/1339
f 1346/1346 1348/1348 1347/1347
f 1339/1339 1340/1340 1348/1348
f 1349/1349 1347/1347 1348/1348
f 1350/1350 1348/1348 1340/1340
f 1348/1348 1350/1350 1349/1349
f 1351/1351 1349/1349 1350/1350
f 1344/1344 1345/1345 1352/1352
f 1353/1353 1352/1352 1345/1345
f 1352/1352 1354/1354 1344/1344
f 1334/1334 1344/1344 1354/1354
f 1354/1354 1288/1288 1334/1334
f 1354/1354 1355/1355 1288/1288
f 1354/1354 1352/1352 1355/1355
f 1285/1285 1288/1288 1355/1355
f 1352/1352 1353/1353 1356/1356
f 1356/1356 1355/1355 1352/1352
f 1357/1357 1356/1356 1353/1353
f 1355/1355 1283/1283 1285/1285
f 1355/1355 1356/1356 1283/1283
f 1356/1356 1357/1357 1358/1358
f 1358/1358 1283/1283 1356/1356
f 1359/1359 1358/1358 1357/1357
f 1359/1359 1360/1360 1358/1358
f 1358/1358 1361/1361 1283/1283
f 1361/1361 1358/1358 1360/1360
f 1280/1280 1283/1283 1361/1361
f 1360/1360 1362/1362 1361/1361
f 1361/1361 1278/1278 1280/1280
f 1278/1278 1361/1361 1362/1362
f 1362/1362 1363/1363 1278/1278
f 1362/1362 1364/1364 1363/1363
f 1363/1363 1279/1279 1278/1278
f 1364/1364 1365/1365 1363/1363
f 1279/1279 1363/1363 1365/1365
f 1368/1368 1367/1367 1366/1366
f 1368/1368 1366/1366 1369/1369
f 1370/1370 1369/1369 1366/1366
f 1369/1369 1371/1371 1368/1368
f 1370/1370 1366/1366 1372/1372
f 1373/1373 1372/1372 1366/1366
f 1373/1373 1366/1366 1367/1367
f 1372/1372 1373/1373 1374/1374
f 1375/1375 1368/1368 1371/1371
f 1376/1376 1374/1374 1373/1373
f 1374/1374 1376/1376 1377/1377
f 1371/1371 1378/1378 1375/1375
f 1376/1376 1373/1373 1379/1379
f 1367/1367 1379/1379 1373/1373
f 1380/1380 1377/1377 1376/1376
f 1380/1380 1376/1376 1379/1379
f 1377/1377 1380/1380 1381/1381
f 1367/1367 1382/1382 1379/1379
f 1367/1367 1368/1368 1382/1382
f 1375/1375 1382/1382 1368/1368
f 1383/1383 1379/1379 1382/1382
f 1379/1379 1383/1383 1380/1380
f 1384/1384 1381/1381 1380/1380
f 1384/1384 1380/1380 1383/1383
f 1381/1381 1384/1384 1385/1385
f 1382/1382 1386/1386 1383/1383
f 1382/1382 1375/1375 1386/1386
f 1384/1384 1383/1383 1387/1387
f 1387/1387 1385/1385 1384/1384
f 1388/1388 1383/1383 1386/1386
f 1388/1388 1387/1387 1383/1383
f 1387/1387 1389/1389 1385/1385
f 1387/1387 1388/1388 1389/1389
f 1390/1390 1385/1385 1389/1389
f 1391/1391 1386/1386 1375/1375
f 1391/1391 1375/1375 1378/1378
f 1386/1386 1392/1392 1388/1388
f 1386/1386 1391/1391 1392/1392
f 1391/1391 1378/1378 1393/1393
f 1393/1393 1392/1392 1391/1391
f 1394/1394 1393/1393 1378/1378
f 1393/1393 1394/1394 1395/1395
f 1393/1393 1395/1395 1392/1392
f 1396/1396 1395/1395 1394/1394
f 1397/1397 1388/1388 1392/1392
f 1397/1397 1389/1389 1388/1388
f 1398/1398 1392/1392 1395/1395
f 1392/1392 1398/1398 1397/1397
f 1395/1395 1396/1396 1399/1399
f 1395/1395 1399/1399 1398/1398
f 1400/1400 1399/1399 1396/1396
f 1401/1401 1399/1399 1400/1400
f 1402/1402 1398/1398 1399/1399
f 1399/1399 1401/1401 1402/1402
f 1400/1400 1403/1403 1401/1401
f 1404/1404 1397/1397 1398/1398
f 1398/1398 1402/1402 1404/1404
f 1389/1389 1397/1397 1405/1405
f 1404/1404 1405/1405 1397/1397
f 1389/1389 1405/1405 1390/1390
f 1406/1406 1390/1390 1405/1405
f 1405/1405 1407/1407 1406/1406
f 1405/1405 1404/1404 1407/1407
f 1408/1408 1406/1406 1407/1407
f 1409/1409 1404/1404 1402/1402
f 1409/1409 1407/1407 1404/1404
f 1408/1408 1407/1407 1410/1410
f 1407/1407 1409/1409 1410/1410
f 1408/1408 1410/1410 1411/1411
f 1409/1409 1402/1402 1412/1412
f 1412/1412 1410/1410 1409/1409
f 1413/1413 1411/1411 1410/1410
f 1411/1411 1413/1413 1414/1414
f 1412/1412 1415/1415 1410/1410
f 1413/1413 1410/1410 1415/1415
f 1416/1416 1412/1412 1402/1402
f 1412/1412 1416/1416 1415/1415
f 1416/1416 1402/1402 1401/1401
f 1417/1417 1414/1414 1413/1413
f 1413/1413 1415/1415 1417/1417
f 1414/1414 1417/1417 1418/1418
f 1419/1419 1415/1415 1416/1416
f 1416/1416 1401/1401 1419/1419
f 1420/1420 1418/1418 1417/1417
f 1421/1421 1419/1419 1401/1401
f 1421/1421 1401/1401 1403/1403
f 1403/1403 1422/1422 1421/1421
f 1423/1423 1421/1421 1422/1422
f 1421/1421 1423/1423 1419/1419
f 1422/1422 1424/1424 1423/1423
f 1424/1424 1418/1418 1425/1425
f 1425/1425 1423/1423 1424/1424
f 1420/1420 1425/1425 1418/1418
f 1426/1426 1419/1419 1423/1423
f 1425/1425 1426/1426 1423/1423
f 1419/1419 1426/1426 1415/1415
f 1420/1420 1427/1427 1425/1425
f 1426/1426 1425/1425 1427/1427
f 1427/1427 1415/1415 1426/1426
f 1427/1427 1420/1420 1417/1417
f 1427/1427 1417/1417 1415/1415
f 1430/1430 1429/1429 1428/1428
f 1428/1428 1431/1431 1430/1430
f 1431/1431 1428/1428 1432/1432
f 1433/1433 1430/1430 1431/1431
f 1434/1434 1432/1432 1428/1428
f 1432/1432 1434/1434 1435/1435
f 1430/1430 1433/1433 1436/1436
f 1437/1437 1436/1436 1433/1433
f 1437/1437 1438/1438 1436/1436
f 1438/1438 1439/1439 1436/1436
f 1436/1436 1440/1440 1430/1430
f 1440/1440 1436/1436 1439/1439
f 1429/1429 1430/1430 1440/1440
f 1439/1439 1441/1441 1440/1440
f 1442/1442 1440/1440 1441/1441
f 1440/1440 1442/1442 1429/1429
f 1441/1441 1443/1443 1442/1442
f 1442/1442 1443/1443 1444/1444
f 1444/1444 1429/1429 1442/1442
f 1445/1445 1444/1444 1443/1443
f 1445/1445 1446/1446 1444/1444
f 1447/1447 1444/1444 1446/1446
f 1444/1444 1447/1447 1429/1429
f 1446/1446 1448/1448 1447/1447
f 1449/1449 1429/1429 1447/1447
f 1449/1449 1428/1428 1429/1429
f 1450/1450 1447/1447 1448/1448
f 1448/1448 1451/1451 1450/1450
f 1428/1428 1449/1449 1434/1434
f 1449/1449 1447/1447 1452/1452
f 1450/1450 1452/1452 1447/1447
f 1452/1452 1434/1434 1449/1449
f 1453/1453 1450/1450 1451/1451
f 1450/1450 1453/1453 1452/1452
f 1453/1453 1451/1451 1454/1454
f 1455/1455 1452/1452 1453/1453
f 1452/1452 1455/1455 1434/1434
f 1453/1453 1454/1454 1455/1455
f 1456/1456 1454/1454 1451/1451
f 1457/1457 1434/1434 1455/1455
f 1457/1457 1435/1435 1434/1434
f 1435/1435 1457/1457 1458/1458
f 1455/1455 1459/1459 1457/1457
f 1459/1459 1455/1455 1454/1454
f 1460/1460 1458/1458 1457/1457
f 1460/1460 1457/1457 1459/1459
f 1459/1459 1454/1454 1461/1461
f 1459/1459 1461/1461 1460/1460
f 1454/1454 1456/1456 1462/1462
f 1462/1462 1461/1461 1454/1454
f 1463/1463 1462/1462 1456/1456
f 1463/1463 1464/1464 1462/1462
f 1460/1460 1465/1465 1458/1458
f 1465/1465 1460/1460 1461/1461
f 1466/1466 1458/1458 1465/1465
f 1467/1467 1462/1462 1464/1464
f 1462/1462 1467/1467 1461/1461
f 1464/1464 1468/1468 1467/1467
f 1461/1461 1469/1469 1465/1465
f 1469/1469 1461/1461 1467/1467
f 1465/1465 1470/1470 1466/1466
f 1470/1470 1465/1465 1469/1469
f 1471/1471 1466/1466 1470/1470
f 1471/1471 1470/1470 1472/1472
f 1473/1473 1467/1467 1468/1468
f 1467/1467 1473/1473 1469/1469
f 1468/1468 1474/1474 1473/1473
f 1469/1469 1475/1475 1470/1470
f 1475/1475 1469/1469 1473/1473
f 1476/1476 1472/1472 1470/1470
f 1476/1476 1470/1470 1475/1475
f 1477/1477 1473/1473 1474/1474
f 1473/1473 1477/1477 1475/1475
f 1474/1474 1478/1478 1477/1477
f 1475/1475 1479/1479 1476/1476
f 1479/1479 1475/1475 1477/1477
f 1476/1476 1480/1480 1472/1472
f 1480/1480 1476/1476 1479/1479
f 1481/1481 1472/1472 1480/1480
f 1481/1481 1480/1480 1482/1482
f 1483/1483 1477/1477 1478/1478
f 1477/1477 1483/1483 1479/1479
f 1484/1484 1482/1482 1480/1480
f 1480/1480 1479/1479 1484/1484
f 1482/1482 1484/1484 1485/1485
f 1486/1486 1484/1484 1479/1479
f 1486/1486 1479/1479 1483/1483
f 1487/1487 1485/1485 1484/1484
f 1484/1484 1486/1486 1487/1487
f 1487/1487 1488/1488 1485/1485
f 1489/1489 1485/1485 1488/1488
f 1489/1489 1488/1488 1490/1490
f 1491/1491 1487/1487 1486/1486
f 1487/1487 1491/1491 1488/1488
f 1486/1486 1483/1483 1491/1491
f 1492/1492 1490/1490 1488/1488
f 1492/1492 1488/1488 1491/1491
f 1490/1490 1492/1492 1493/1493
f 1494/1494 1491/1491 1483/1483
f 1491/1491 1494/1494 1492/1492
f 1494/1494 1483/1483 1495/1495
f 1478/1478 1495/1495 1483/1483
f 1496/1496 1492/1492 1494/1494
f 1496/1496 1493/1493 1492/1492
f 1494/1494 1495/1495 1496/1496
f 1478/1478 1497/1497 1495/1495
f 1498/1498 1495/1495 1497/1497
f 1499/1499 1496/1496 1495/1495
f 1496/1496 1499/1499 1493/1493
f 1495/1495 1498/1498 1499/1499
f 1500/1500 1493/1493 1499/1499
f 1500/1500 1499/1499 1498/1498
f 1503/1503 1502/1502 1501/1501
f 1504/1504 1501/1501 1502/1502
f 1501/1501 1505/1505 1503/1503
f 1506/1506 1503/1503 1505/1505
f 1505/1505 1501/1501 1507/1507
f 1501/1501 1504/1504 1508/1508
f 1508/1508 1507/1507 1501/1501
f 1507/1507 1508/1508 1509/1509
f 1510/1510 1508/1508 1504/1504
f 1511/1511 1509/1509 1508/1508
f 1508/1508 1510/1510 1511/1511
f 1512/1512 1511/1511 1510/1510
f 1515/1515 1514/1514 1513/1513
f 1517/1517 1516/1516 1513/1513
f 1513/1513 1518/1518 1517/1517
f 1519/1519 1517/1517 1518/1518
f 1518/1518 1513/1513 1514/1514
f 1519/1519 1518/1518 1520/1520
f 1521/1521 1513/1513 1516/1516
f 1513/1513 1521/1521 1515/1515
f 1521/1521 1516/1516 1522/1522
f 1523/1523 1522/1522 1516/1516
f 1523/1523 1524/1524 1522/1522
f 1525/1525 1520/1520 1518/1518
f 1518/1518 1514/1514 1525/1525
f 1525/1525 1526/1526 1520/1520
f 1527/1527 1520/1520 1526/1526
f 1527/1527 1526/1526 1528/1528
f 1529/1529 1528/1528 1526/1526
f 1530/1530 1528/1528 1529/1529
f 1532/1532 1530/1530 1531/1531
f 1529/1529 1531/1531 1530/1530
f 1531/1531 1529/1529 1533/1533
f 1534/1534 1533/1533 1529/1529
f 1533/1533 1534/1534 1535/1535
f 1526/1526 1536/1536 1529/1529
f 1534/1534 1529/1529 1536/1536
f 1537/1537 1535/1535 1534/1534
f 1534/1534 1536/1536 1537/1537
f 1537/1537 1538/1538 1535/1535
f 1539/1539 1535/1535 1538/1538
f 1540/1540 1537/1537 1536/1536
f 1536/1536 1526/1526 1541/1541
f 1536/1536 1541/1541 1540/1540
f 1526/1526 1525/1525 1541/1541
f 1540/1540 1542/1542 1537/1537
f 1538/1538 1537/1537 1542/1542
f 1543/1543 1540/1540 1541/1541
f 1540/1540 1543/1543 1542/1542
f 1544/1544 1541/1541 1525/1525
f 1541/1541 1544/1544 1543/1543
f 1544/1544 1525/1525 1514/1514
f 1545/1545 1543/1543 1544/1544
f 1544/1544 1514/1514 1545/1545
f 1546/1546 1542/1542 1543/1543
f 1543/1543 1545/1545 1546/1546
f 1542/1542 1546/1546 1547/1547
f 1542/1542 1547/1547 1538/1538
f 1548/1548 1546/1546 1545/1545
f 1549/1549 1545/1545 1514/1514
f 1545/1545 1549/1549 1548/1548
f 1514/1514 1515/1515 1549/1549
f 1546/1546 1548/1548 1550/1550
f 1550/1550 1547/1547 1546/1546
f 1551/1551 1548/1548 1549/1549
f 1552/1552 1550/1550 1548/1548
f 1548/1548 1551/1551 1552/1552
f 1550/1550 1553/1553 1547/1547
f 1550/1550 1552/1552 1553/1553
f 1554/1554 1549/1549 1515/1515
f 1549/1549 1554/1554 1551/1551
f 1555/1555 1538/1538 1547/1547
f 1538/1538 1555/1555 1539/1539
f 1556/1556 1539/1539 1555/1555
f 1547/1547 1557/1557 1555/1555
f 1557/1557 1547/1547 1553/1553
f 1555/1555 1558/1558 1556/1556
f 1558/1558 1555/1555 1557/1557
f 1559/1559 1556/1556 1558/1558
f 1559/1559 1558/1558 1560/1560
f 1557/1557 1561/1561 1558/1558
f 1557/1557 1553/1553 1561/1561
f 1562/1562 1560/1560 1558/1558
f 1562/1562 1558/1558 1561/1561
f 1562/1562 1563/1563 1560/1560
f 1564/1564 1560/1560 1563/1563
f 1564/1564 1563/1563 1565/1565
f 1563/1563 1562/1562 1566/1566
f 1561/1561 1566/1566 1562/1562
f 1567/1567 1565/1565 1563/1563
f 1563/1563 1566/1566 1567/1567
f 1567/1567 1568/1568 1565/1565
f 1569/1569 1567/1567 1566/1566
f 1567/1567 1569/1569 1568/1568
f 1570/1570 1565/1565 1568/1568
f 1566/1566 1561/1561 1571/1571
f 1566/1566 1571/1571 1569/1569
f 1568/1568 1572/1572 1570/1570
f 1573/1573 1570/1570 1572/1572
f 1574/1574 1568/1568 1569/1569
f 1568/1568 1574/1574 1572/1572
f 1572/1572 1575/1575 1573/1573
f 1576/1576 1573/1573 1575/1575
f 1577/1577 1572/1572 1574/1574
f 1572/1572 1577/1577 1575/1575
f 1574/1574 1569/1569 1578/1578
f 1574/1574 1578/1578 1577/1577
f 1575/1575 1579/1579 1576/1576
f 1580/1580 1576/1576 1579/1579
f 1580/1580 1579/1579 1581/1581
f 1582/1582 1578/1578 1569/1569
f 1582/1582 1569/1569 1571/1571
f 1583/1583 1577/1577 1578/1578
f 1584/1584 1581/1581 1579/1579
f 1581/1581 1584/1584 1585/1585
f 1586/1586 1585/1585 1584/1584
f 1584/1584 1587/1587 1586/1586
f 1584/1584 1579/1579 1587/1587
f 1588/1588 1586/1586 1587/1587
f 1588/1588 1587/1587 1589/1589
f 1590/1590 1587/1587 1579/1579
f 1579/1579 1575/1575 1590/1590
f 1591/1591 1589/1589 1587/1587
f 1587/1587 1590/1590 1591/1591
f 1591/1591 1592/1592 1589/1589
f 1593/1593 1589/1589 1592/1592
f 1594/1594 1591/1591 1590/1590
f 1595/1595 1590/1590 1575/1575
f 1590/1590 1595/1595 1594/1594
f 1595/1595 1575/1575 1577/1577
f 1594/1594 1596/1596 1591/1591
f 1592/1592 1591/1591 1596/1596
f 1592/1592 1597/1597 1593/1593
f 1592/1592 1596/1596 1597/1597
f 1598/1598 1593/1593 1597/1597
f 1598/1598 1597/1597 1599/1599
f 1577/1577 1583/1583 1595/1595
f 1600/1600 1594/1594 1595/1595
f 1594/1594 1600/1600 1596/1596
f 1600/1600 1595/1595 1583/1583
f 1601/1601 1596/1596 1600/1600
f 1600/1600 1583/1583 1601/1601
f 1602/1602 1597/1597 1596/1596
f 1596/1596 1601/1601 1602/1602
f 1603/1603 1599/1599 1597/1597
f 1597/1597 1602/1602 1603/1603
f 1599/1599 1603/1603 1604/1604
f 1605/1605 1604/1604 1603/1603
f 1604/1604 1605/1605 1606/1606
f 1607/1607 1603/1603 1602/1602
f 1603/1603 1607/1607 1605/1605
f 1608/1608 1602/1602 1601/1601
f 1602/1602 1608/1608 1607/1607
f 1609/1609 1606/1606 1605/1605
f 1606/1606 1609/1609 1610/1610
f 1611/1611 1605/1605 1607/1607
f 1609/1609 1605/1605 1611/1611
f 1612/1612 1610/1610 1609/1609
f 1609/1609 1611/1611 1612/1612
f 1612/1612 1613/1613 1610/1610
f 1614/1614 1610/1610 1613/1613
f 1615/1615 1612/1612 1611/1611
f 1612/1612 1615/1615 1613/1613
f 1607/1607 1616/1616 1611/1611
f 1616/1616 1607/1607 1608/1608
f 1611/1611 1617/1617 1615/1615
f 1617/1617 1611/1611 1616/1616
f 1613/1613 1618/1618 1614/1614
f 1619/1619 1614/1614 1618/1618
f 1620/1620 1613/1613 1615/1615
f 1613/1613 1620/1620 1618/1618
f 1615/1615 1621/1621 1620/1620
f 1621/1621 1615/1615 1617/1617
f 1618/1618 1622/1622 1619/1619
f 1623/1623 1619/1619 1622/1622
f 1624/1624 1618/1618 1620/1620
f 1622/1622 1618/1618 1625/1625
f 1624/1624 1625/1625 1618/1618
f 1622/1622 1626/1626 1623/1623
f 1627/1627 1623/1623 1626/1626
f 1625/1625 1628/1628 1622/1622
f 1626/1626 1622/1622 1628/1628
f 1620/1620 1629/1629 1624/1624
f 1629/1629 1620/1620 1621/1621
f 1626/1626 1630/1630 1627/1627
f 1631/1631 1627/1627 1630/1630
f 1630/1630 1632/1632 1631/1631
f 1633/1633 1631/1631 1632/1632
f 1632/1632 1630/1630 1634/1634
f 1630/1630 1626/1626 1635/1635
f 1635/1635 1634/1634 1630/1630
f 1628/1628 1635/1635 1626/1626
f 1634/1634 1635/1635 1636/1636
f 1637/1637 1636/1636 1635/1635
f 1635/1635 1628/1628 1637/1637
f 1636/1636 1637/1637 1638/1638
f 1639/1639 1637/1637 1628/1628
f 1640/1640 1638/1638 1637/1637
f 1637/1637 1639/1639 1640/1640
f 1628/1628 1625/1625 1639/1639
f 1638/1638 1640/1640 1641/1641
f 1642/1642 1639/1639 1625/1625
f 1625/1625 1624/1624 1642/1642
f 1643/1643 1640/1640 1639/1639
f 1639/1639 1642/1642 1643/1643
f 1644/1644 1641/1641 1640/1640
f 1640/1640 1643/1643 1644/1644
f 1641/1641 1644/1644 1645/1645
f 1646/1646 1642/1642 1624/1624
f 1646/1646 1624/1624 1629/1629
f 1647/1647 1643/1643 1642/1642
f 1642/1642 1646/1646 1647/1647
f 1648/1648 1644/1644 1643/1643
f 1643/1643 1647/1647 1648/1648
f 1649/1649 1645/1645 1644/1644
f 1644/1644 1648/1648 1649/1649
f 1645/1645 1649/1649 1650/1650
f 1646/1646 1629/1629 1651/1651
f 1651/1651 1647/1647 1646/1646
f 1652/1652 1648/1648 1647/1647
f 1647/1647 1651/1651 1652/1652
f 1653/1653 1649/1649 1648/1648
f 1648/1648 1652/1652 1653/1653
f 1654/1654 1650/1650 1649/1649
f 1649/1649 1653/1653 1654/1654
f 1650/1650 1654/1654 1655/1655
f 1656/1656 1651/1651 1629/1629
f 1629/1629 1621/1621 1656/1656
f 1657/1657 1652/1652 1651/1651
f 1651/1651 1656/1656 1657/1657
f 1658/1658 1656/1656 1621/1621
f 1621/1621 1617/1617 1658/1658
f 1659/1659 1657/1657 1656/1656
f 1656/1656 1658/1658 1659/1659
f 1657/1657 1660/1660 1652/1652
f 1657/1657 1659/1659 1660/1660
f 1661/1661 1652/1652 1660/1660
f 1661/1661 1653/1653 1652/1652
f 1662/1662 1660/1660 1659/1659
f 1663/1663 1659/1659 1658/1658
f 1659/1659 1663/1663 1662/1662
f 1660/1660 1664/1664 1661/1661
f 1660/1660 1662/1662 1664/1664
f 1661/1661 1665/1665 1653/1653
f 1665/1665 1661/1661 1664/1664
f 1666/1666 1653/1653 1665/1665
f 1666/1666 1654/1654 1653/1653
f 1654/1654 1666/1666 1667/1667
f 1667/1667 1655/1655 1654/1654
f 1667/1667 1668/1668 1655/1655
f 1669/1669 1655/1655 1668/1668
f 1670/1670 1667/1667 1666/1666
f 1668/1668 1667/1667 1671/1671
f 1670/1670 1671/1671 1667/1667
f 1668/1668 1672/1672 1669/1669
f 1668/1668 1671/1671 1672/1672
f 1673/1673 1669/1669 1672/1672
f 1670/1670 1666/1666 1674/1674
f 1665/1665 1674/1674 1666/1666
f 1671/1671 1670/1670 1675/1675
f 1674/1674 1675/1675 1670/1670
f 1672/1672 1676/1676 1673/1673
f 1672/1672 1671/1671 1677/1677
f 1675/1675 1677/1677 1671/1671
f 1672/1672 1677/1677 1676/1676
f 1678/1678 1673/1673 1676/1676
f 1665/1665 1679/1679 1674/1674
f 1676/1676 1680/1680 1678/1678
f 1681/1681 1678/1678 1680/1680
f 1682/1682 1676/1676 1677/1677
f 1680/1680 1676/1676 1683/1683
f 1682/1682 1683/1683 1676/1676
f 1682/1682 1677/1677 1684/1684
f 1682/1682 1684/1684 1683/1683
f 1680/1680 1685/1685 1681/1681
f 1683/1683 1686/1686 1680/1680
f 1685/1685 1680/1680 1686/1686
f 1687/1687 1681/1681 1685/1685
f 1685/1685 1688/1688 1687/1687
f 1689/1689 1687/1687 1688/1688
f 1688/1688 1690/1690 1689/1689
f 1691/1691 1689/1689 1690/1690
f 1688/1688 1685/1685 1692/1692
f 1688/1688 1692/1692 1690/1690
f 1686/1686 1692/1692 1685/1685
f 1524/1524 1690/1690 1692/1692
f 1524/1524 1692/1692 1693/1693
f 1692/1692 1686/1686 1693/1693
f 1693/1693 1522/1522 1524/1524
f 1683/1683 1694/1694 1686/1686
f 1694/1694 1683/1683 1684/1684
f 1695/1695 1693/1693 1686/1686
f 1695/1695 1686/1686 1694/1694
f 1522/1522 1693/1693 1696/1696
f 1695/1695 1696/1696 1693/1693
f 1696/1696 1697/1697 1522/1522
f 1521/1521 1522/1522 1697/1697
f 1697/1697 1515/1515 1521/1521
f 1696/1696 1695/1695 1698/1698
f 1694/1694 1698/1698 1695/1695
f 1696/1696 1698/1698 1697/1697
f 1697/1697 1699/1699 1515/1515
f 1699/1699 1697/1697 1698/1698
f 1554/1554 1515/1515 1699/1699
f 1698/1698 1694/1694 1700/1700
f 1698/1698 1700/1700 1699/1699
f 1684/1684 1700/1700 1694/1694
f 1699/1699 1701/1701 1554/1554
f 1701/1701 1699/1699 1700/1700
f 1702/1702 1554/1554 1701/1701
f 1702/1702 1551/1551 1554/1554
f 1701/1701 1700/1700 1703/1703
f 1701/1701 1703/1703 1702/1702
f 1700/1700 1684/1684 1704/1704
f 1704/1704 1703/1703 1700/1700
f 1705/1705 1702/1702 1703/1703
f 1551/1551 1702/1702 1706/1706
f 1705/1705 1706/1706 1702/1702
f 1706/1706 1552/1552 1551/1551
f 1705/1705 1703/1703 1707/1707
f 1705/1705 1707/1707 1706/1706
f 1703/1703 1704/1704 1708/1708
f 1708/1708 1707/1707 1703/1703
f 1709/1709 1706/1706 1707/1707
f 1706/1706 1709/1709 1552/1552
f 1710/1710 1552/1552 1709/1709
f 1710/1710 1553/1553 1552/1552
f 1709/1709 1707/1707 1711/1711
f 1709/1709 1711/1711 1710/1710
f 1707/1707 1708/1708 1712/1712
f 1712/1712 1711/1711 1707/1707
f 1553/1553 1710/1710 1713/1713
f 1713/1713 1561/1561 1553/1553
f 1713/1713 1571/1571 1561/1561
f 1714/1714 1713/1713 1710/1710
f 1713/1713 1714/1714 1571/1571
f 1714/1714 1710/1710 1711/1711
f 1715/1715 1571/1571 1714/1714
f 1714/1714 1711/1711 1715/1715
f 1715/1715 1716/1716 1571/1571
f 1582/1582 1571/1571 1716/1716
f 1716/1716 1717/1717 1582/1582
f 1578/1578 1582/1582 1717/1717
f 1716/1716 1715/1715 1718/1718
f 1716/1716 1718/1718 1717/1717
f 1578/1578 1717/1717 1583/1583
f 1719/1719 1715/1715 1711/1711
f 1719/1719 1718/1718 1715/1715
f 1719/1719 1711/1711 1720/1720
f 1712/1712 1720/1720 1711/1711
f 1721/1721 1583/1583 1717/1717
f 1721/1721 1601/1601 1583/1583
f 1601/1601 1721/1721 1608/1608
f 1717/1717 1722/1722 1721/1721
f 1722/1722 1717/1717 1718/1718
f 1723/1723 1608/1608 1721/1721
f 1723/1723 1721/1721 1722/1722
f 1608/1608 1723/1723 1616/1616
f 1724/1724 1616/1616 1723/1723
f 1723/1723 1722/1722 1724/1724
f 1616/1616 1724/1724 1617/1617
f 1718/1718 1725/1725 1722/1722
f 1726/1726 1617/1617 1724/1724
f 1726/1726 1658/1658 1617/1617
f 1727/1727 1724/1724 1722/1722
f 1724/1724 1727/1727 1726/1726
f 1727/1727 1722/1722 1725/1725
f 1726/1726 1728/1728 1658/1658
f 1728/1728 1726/1726 1727/1727
f 1663/1663 1658/1658 1728/1728
f 1725/1725 1729/1729 1727/1727
f 1728/1728 1727/1727 1729/1729
f 1725/1725 1718/1718 1730/1730
f 1730/1730 1729/1729 1725/1725
f 1719/1719 1730/1730 1718/1718
f 1663/1663 1728/1728 1731/1731
f 1729/1729 1731/1731 1728/1728
f 1731/1731 1662/1662 1663/1663
f 1730/1730 1719/1719 1732/1732
f 1732/1732 1729/1729 1730/1730
f 1729/1729 1732/1732 1731/1731
f 1720/1720 1732/1732 1719/1719
f 1733/1733 1731/1731 1732/1732
f 1731/1731 1733/1733 1662/1662
f 1732/1732 1720/1720 1733/1733
f 1734/1734 1662/1662 1733/1733
f 1733/1733 1720/1720 1734/1734
f 1734/1734 1664/1664 1662/1662
f 1735/1735 1734/1734 1720/1720
f 1734/1734 1735/1735 1664/1664
f 1720/1720 1712/1712 1735/1735
f 1736/1736 1735/1735 1712/1712
f 1736/1736 1712/1712 1708/1708
f 1737/1737 1664/1664 1735/1735
f 1735/1735 1736/1736 1737/1737
f 1708/1708 1738/1738 1736/1736
f 1737/1737 1679/1679 1664/1664
f 1665/1665 1664/1664 1679/1679
f 1739/1739 1737/1737 1736/1736
f 1737/1737 1739/1739 1679/1679
f 1739/1739 1736/1736 1738/1738
f 1740/1740 1679/1679 1739/1739
f 1739/1739 1738/1738 1740/1740
f 1740/1740 1674/1674 1679/1679
f 1738/1738 1708/1708 1704/1704
f 1674/1674 1740/1740 1675/1675
f 1741/1741 1675/1675 1740/1740
f 1741/1741 1740/1740 1738/1738
f 1675/1675 1741/1741 1677/1677
f 1704/1704 1742/1742 1738/1738
f 1741/1741 1738/1738 1742/1742
f 1742/1742 1677/1677 1741/1741
f 1742/1742 1704/1704 1684/1684
f 1742/1742 1684/1684 1677/1677
f 1745/1745 1744/1744 1743/1743
f 1745/1745 1746/1746 1744/1744
f 1746/1746 1745/1745 1747/1747
f 1748/1748 1744/1744 1746/1746
f 1744/1744 1748/1748 1749/1749
f 1750/1750 1749/1749 1748/1748
f 1749/1749 1751/1751 1744/1744
f 1752/1752 1747/1747 1745/1745
f 1747/1747 1752/1752 1753/1753
f 1752/1752 1745/1745 1754/1754
f 1743/1743 1754/1754 1745/1745
f 1755/1755 1753/1753 1752/1752
f 1755/1755 1752/1752 1754/1754
f 1756/1756 1744/1744 1751/1751
f 1756/1756 1743/1743 1744/1744
f 1757/1757 1756/1756 1751/1751
f 1751/1751 1758/1758 1757/1757
f 1756/1756 1759/1759 1743/1743
f 1759/1759 1756/1756 1757/1757
f 1760/1760 1757/1757 1758/1758
f 1760/1760 1758/1758 1761/1761
f 1757/1757 1760/1760 1762/1762
f 1762/1762 1759/1759 1757/1757
f 1760/1760 1761/1761 1763/1763
f 1763/1763 1762/1762 1760/1760
f 1764/1764 1763/1763 1761/1761
f 1761/1761 1765/1765 1764/1764
f 1763/1763 1766/1766 1762/1762
f 1759/1759 1762/1762 1766/1766
f 1764/1764 1767/1767 1763/1763
f 1766/1766 1763/1763 1767/1767
f 1768/1768 1764/1764 1765/1765
f 1765/1765 1769/1769 1768/1768
f 1767/1767 1764/1764 1770/1770
f 1768/1768 1770/1770 1764/1764
f 1766/1766 1767/1767 1771/1771
f 1766/1766 1771/1771 1759/1759
f 1767/1767 1770/1770 1772/1772
f 1772/1772 1771/1771 1767/1767
f 1768/1768 1773/1773 1770/1770
f 1773/1773 1768/1768 1769/1769
f 1774/1774 1772/1772 1770/1770
f 1770/1770 1773/1773 1774/1774
f 1773/1773 1769/1769 1775/1775
f 1776/1776 1775/1775 1769/1769
f 1777/1777 1774/1774 1773/1773
f 1773/1773 1775/1775 1777/1777
f 1776/1776 1778/1778 1775/1775
f 1774/1774 1777/1777 1779/1779
f 1772/1772 1774/1774 1780/1780
f 1779/1779 1780/1780 1774/1774
f 1780/1780 1781/1781 1772/1772
f 1771/1771 1772/1772 1781/1781
f 1781/1781 1780/1780 1782/1782
f 1771/1771 1781/1781 1783/1783
f 1783/1783 1759/1759 1771/1771
f 1783/1783 1743/1743 1759/1759
f 1783/1783 1754/1754 1743/1743
f 1784/1784 1783/1783 1781/1781
f 1783/1783 1784/1784 1754/1754
f 1781/1781 1782/1782 1784/1784
f 1784/1784 1785/1785 1754/1754
f 1785/1785 1784/1784 1782/1782
f 1786/1786 1754/1754 1785/1785
f 1787/1787 1782/1782 1780/1780
f 1780/1780 1779/1779 1787/1787
f 1785/1785 1782/1782 1788/1788
f 1785/1785 1788/1788 1786/1786
f 1782/1782 1787/1787 1789/1789
f 1789/1789 1788/1788 1782/1782
f 1754/1754 1786/1786 1755/1755
f 1788/1788 1789/1789 1790/1790
f 1791/1791 1786/1786 1788/1788
f 1788/1788 1790/1790 1791/1791
f 1792/1792 1755/1755 1786/1786
f 1791/1791 1793/1793 1786/1786
f 1792/1792 1786/1786 1793/1793
f 1793/1793 1791/1791 1794/1794
f 1792/1792 1795/1795 1755/1755
f 1793/1793 1796/1796 1792/1792
f 1795/1795 1792/1792 1796/1796
f 1797/1797 1755/1755 1795/1795
f 1755/1755 1797/1797 1753/1753
f 1798/1798 1753/1753 1797/1797
f 1797/1797 1799/1799 1798/1798
f 1800/1800 1798/1798 1799/1799
f 1795/1795 1801/1801 1797/1797
f 1799/1799 1797/1797 1801/1801
f 1796/1796 1802/1802 1795/1795
f 1801/1801 1795/1795 1802/1802
f 1802/1802 1796/1796 1803/1803
f 1803/1803 1804/1804 1802/1802
f 1805/1805 1803/1803 1796/1796
f 1796/1796 1793/1793 1805/1805
f 1806/1806 1802/1802 1804/1804
f 1802/1802 1806/1806 1801/1801
f 1804/1804 1807/1807 1806/1806
f 1803/1803 1805/1805 1808/1808
f 1794/1794 1805/1805 1793/1793
f 1809/1809 1808/1808 1805/1805
f 1805/1805 1794/1794 1809/1809
f 1810/1810 1806/1806 1807/1807
f 1807/1807 1811/1811 1810/1810
f 1812/1812 1810/1810 1811/1811
f 1810/1810 1812/1812 1813/1813
f 1810/1810 1813/1813 1806/1806
f 1814/1814 1813/1813 1812/1812
f 1815/1815 1801/1801 1806/1806
f 1815/1815 1806/1806 1813/1813
f 1801/1801 1815/1815 1799/1799
f 1813/1813 1814/1814 1816/1816
f 1813/1813 1816/1816 1815/1815
f 1817/1817 1816/1816 1814/1814
f 1818/1818 1799/1799 1815/1815
f 1818/1818 1815/1815 1816/1816
f 1799/1799 1818/1818 1800/1800
f 1819/1819 1800/1800 1818/1818
f 1819/1819 1818/1818 1820/1820
f 1816/1816 1820/1820 1818/1818
f 1816/1816 1817/1817 1820/1820
f 1821/1821 1820/1820 1817/1817
f 1824/1824 1823/1823 1822/1822
f 1824/1824 1822/1822 1825/1825
f 1826/1826 1822/1822 1823/1823
f 1823/1823 1824/1824 1827/1827
f 1828/1828 1825/1825 1822/1822
f 1822/1822 1826/1826 1828/1828
f 1824/1824 1825/1825 1829/1829
f 1829/1829 1827/1827 1824/1824
f 1828/1828 1830/1830 1825/1825
f 1831/1831 1829/1829 1825/1825
f 1832/1832 1825/1825 1830/1830
f 1825/1825 1832/1832 1831/1831
f 1829/1829 1831/1831 1833/1833
f 1829/1829 1833/1833 1827/1827
f 1834/1834 1831/1831 1832/1832
f 1835/1835 1833/1833 1831/1831
f 1831/1831 1834/1834 1835/1835
f 1835/1835 1836/1836 1833/1833
f 1837/1837 1827/1827 1833/1833
f 1837/1837 1833/1833 1836/1836
f 1827/1827 1837/1837 1838/1838
f 1836/1836 1839/1839 1837/1837
f 1838/1838 1840/1840 1827/1827
f 1823/1823 1827/1827 1840/1840
f 1841/1841 1838/1838 1837/1837
f 1841/1841 1837/1837 1839/1839
f 1841/1841 1842/1842 1838/1838
f 1836/1836 1835/1835 1843/1843
f 1839/1839 1836/1836 1844/1844
f 1843/1843 1844/1844 1836/1836
f 1839/1839 1845/1845 1841/1841
f 1842/1842 1841/1841 1845/1845
f 1846/1846 1843/1843 1835/1835
f 1846/1846 1835/1835 1834/1834
f 1847/1847 1838/1838 1842/1842
f 1838/1838 1847/1847 1840/1840
f 1845/1845 1848/1848 1842/1842
f 1842/1842 1849/1849 1847/1847
f 1849/1849 1842/1842 1848/1848
f 1850/1850 1847/1847 1849/1849
f 1851/1851 1840/1840 1847/1847
f 1847/1847 1850/1850 1851/1851
f 1777/1777 1851/1851 1850/1850
f 1851/1851 1777/1777 1775/1775
f 1850/1850 1779/1779 1777/1777
f 1775/1775 1852/1852 1851/1851
f 1840/1840 1851/1851 1852/1852
f 1852/1852 1775/1775 1778/1778
f 1852/1852 1853/1853 1840/1840
f 1852/1852 1778/1778 1853/1853
f 1823/1823 1840/1840 1853/1853
f 1854/1854 1853/1853 1778/1778
f 1823/1823 1853/1853 1826/1826
f 1853/1853 1854/1854 1855/1855
f 1855/1855 1826/1826 1853/1853
f 1856/1856 1855/1855 1854/1854
f 1855/1855 1856/1856 1857/1857
f 1855/1855 1857/1857 1826/1826
f 1858/1858 1857/1857 1856/1856
f 1859/1859 1826/1826 1857/1857
f 1859/1859 1828/1828 1826/1826
f 1857/1857 1858/1858 1860/1860
f 1857/1857 1860/1860 1859/1859
f 1861/1861 1860/1860 1858/1858
f 1859/1859 1862/1862 1828/1828
f 1862/1862 1859/1859 1860/1860
f 1830/1830 1828/1828 1862/1862
f 1861/1861 1863/1863 1860/1860
f 1862/1862 1864/1864 1830/1830
f 1860/1860 1865/1865 1862/1862
f 1864/1864 1862/1862 1865/1865
f 1866/1866 1830/1830 1864/1864
f 1830/1830 1866/1866 1832/1832
f 1864/1864 1865/1865 1867/1867
f 1864/1864 1867/1867 1866/1866
f 1865/1865 1860/1860 1868/1868
f 1868/1868 1860/1860 1863/1863
f 1869/1869 1832/1832 1866/1866
f 1832/1832 1869/1869 1834/1834
f 1866/1866 1870/1870 1869/1869
f 1870/1870 1866/1866 1867/1867
f 1871/1871 1834/1834 1869/1869
f 1872/1872 1867/1867 1865/1865
f 1865/1865 1868/1868 1872/1872
f 1873/1873 1869/1869 1870/1870
f 1869/1869 1873/1873 1871/1871
f 1870/1870 1867/1867 1874/1874
f 1870/1870 1874/1874 1873/1873
f 1867/1867 1872/1872 1875/1875
f 1875/1875 1874/1874 1867/1867
f 1874/1874 1875/1875 1876/1876
f 1877/1877 1876/1876 1875/1875
f 1874/1874 1876/1876 1878/1878
f 1878/1878 1873/1873 1874/1874
f 1879/1879 1878/1878 1876/1876
f 1875/1875 1880/1880 1877/1877
f 1880/1880 1875/1875 1872/1872
f 1881/1881 1877/1877 1880/1880
f 1880/1880 1872/1872 1882/1882
f 1880/1880 1882/1882 1881/1881
f 1868/1868 1882/1882 1872/1872
f 1883/1883 1881/1881 1882/1882
f 1884/1884 1882/1882 1868/1868
f 1882/1882 1884/1884 1883/1883
f 1884/1884 1868/1868 1863/1863
f 1885/1885 1883/1883 1884/1884
f 1886/1886 1884/1884 1863/1863
f 1884/1884 1886/1886 1885/1885
f 1887/1887 1885/1885 1886/1886
f 1878/1878 1879/1879 1888/1888
f 1889/1889 1888/1888 1879/1879
f 1888/1888 1890/1890 1878/1878
f 1873/1873 1878/1878 1890/1890
f 1890/1890 1871/1871 1873/1873
f 1888/1888 1889/1889 1891/1891
f 1892/1892 1891/1891 1889/1889
f 1892/1892 1893/1893 1891/1891
f 1871/1871 1890/1890 1894/1894
f 1871/1871 1894/1894 1834/1834
f 1846/1846 1834/1834 1894/1894
f 1890/1890 1888/1888 1895/1895
f 1895/1895 1894/1894 1890/1890
f 1891/1891 1895/1895 1888/1888
f 1894/1894 1896/1896 1846/1846
f 1894/1894 1895/1895 1896/1896
f 1897/1897 1846/1846 1896/1896
f 1846/1846 1897/1897 1843/1843
f 1898/1898 1896/1896 1895/1895
f 1895/1895 1891/1891 1898/1898
f 1896/1896 1899/1899 1897/1897
f 1896/1896 1898/1898 1899/1899
f 1900/1900 1843/1843 1897/1897
f 1901/1901 1898/1898 1891/1891
f 1901/1901 1891/1891 1893/1893
f 1898/1898 1901/1901 1902/1902
f 1902/1902 1899/1899 1898/1898
f 1901/1901 1893/1893 1903/1903
f 1903/1903 1902/1902 1901/1901
f 1904/1904 1903/1903 1893/1893
f 1904/1904 1905/1905 1903/1903
f 1906/1906 1897/1897 1899/1899
f 1897/1897 1906/1906 1900/1900
f 1907/1907 1903/1903 1905/1905
f 1905/1905 1908/1908 1907/1907
f 1907/1907 1909/1909 1903/1903
f 1902/1902 1903/1903 1909/1909
f 1910/1910 1907/1907 1908/1908
f 1908/1908 1911/1911 1910/1910
f 1909/1909 1907/1907 1912/1912
f 1910/1910 1912/1912 1907/1907
f 1913/1913 1910/1910 1911/1911
f 1910/1910 1913/1913 1912/1912
f 1911/1911 1914/1914 1913/1913
f 1902/1902 1909/1909 1915/1915
f 1902/1902 1915/1915 1899/1899
f 1916/1916 1909/1909 1912/1912
f 1916/1916 1915/1915 1909/1909
f 1917/1917 1899/1899 1915/1915
f 1899/1899 1917/1917 1906/1906
f 1916/1916 1918/1918 1915/1915
f 1917/1917 1915/1915 1918/1918
f 1916/1916 1912/1912 1919/1919
f 1918/1918 1916/1916 1920/1920
f 1919/1919 1920/1920 1916/1916
f 1920/1920 1921/1921 1918/1918
f 1918/1918 1922/1922 1917/1917
f 1922/1922 1918/1918 1921/1921
f 1923/1923 1906/1906 1917/1917
f 1923/1923 1917/1917 1922/1922
f 1906/1906 1923/1923 1924/1924
f 1924/1924 1900/1900 1906/1906
f 1925/1925 1924/1924 1923/1923
f 1923/1923 1922/1922 1925/1925
f 1924/1924 1925/1925 1900/1900
f 1926/1926 1925/1925 1922/1922
f 1922/1922 1921/1921 1926/1926
f 1927/1927 1900/1900 1925/1925
f 1925/1925 1926/1926 1927/1927
f 1927/1927 1844/1844 1900/1900
f 1843/1843 1900/1900 1844/1844
f 1928/1928 1927/1927 1926/1926
f 1927/1927 1929/1929 1844/1844
f 1927/1927 1928/1928 1929/1929
f 1930/1930 1844/1844 1929/1929
f 1844/1844 1930/1930 1839/1839
f 1930/1930 1931/1931 1839/1839
f 1930/1930 1929/1929 1931/1931
f 1845/1845 1839/1839 1931/1931
f 1926/1926 1932/1932 1928/1928
f 1932/1932 1926/1926 1921/1921
f 1929/1929 1928/1928 1933/1933
f 1934/1934 1931/1931 1929/1929
f 1929/1929 1933/1933 1934/1934
f 1931/1931 1935/1935 1845/1845
f 1931/1931 1934/1934 1935/1935
f 1848/1848 1845/1845 1935/1935
f 1936/1936 1928/1928 1932/1932
f 1936/1936 1933/1933 1928/1928
f 1932/1932 1937/1937 1936/1936
f 1936/1936 1938/1938 1933/1933
f 1938/1938 1936/1936 1937/1937
f 1937/1937 1932/1932 1939/1939
f 1921/1921 1939/1939 1932/1932
f 1939/1939 1921/1921 1940/1940
f 1920/1920 1940/1940 1921/1921
f 1939/1939 1941/1941 1937/1937
f 1939/1939 1940/1940 1941/1941
f 1920/1920 1919/1919 1940/1940
f 1942/1942 1937/1937 1941/1941
f 1937/1937 1942/1942 1938/1938
f 1943/1943 1941/1941 1940/1940
f 1941/1941 1944/1944 1942/1942
f 1941/1941 1943/1943 1944/1944
f 1942/1942 1944/1944 1945/1945
f 1946/1946 1938/1938 1942/1942
f 1942/1942 1945/1945 1946/1946
f 1946/1946 1947/1947 1938/1938
f 1948/1948 1938/1938 1947/1947
f 1948/1948 1933/1933 1938/1938
f 1947/1947 1946/1946 1949/1949
f 1947/1947 1950/1950 1948/1948
f 1947/1947 1949/1949 1950/1950
f 1933/1933 1948/1948 1951/1951
f 1951/1951 1934/1934 1933/1933
f 1952/1952 1951/1951 1948/1948
f 1952/1952 1948/1948 1950/1950
f 1951/1951 1953/1953 1934/1934
f 1952/1952 1954/1954 1951/1951
f 1953/1953 1951/1951 1954/1954
f 1954/1954 1952/1952 1955/1955
f 1950/1950 1955/1955 1952/1952
f 1955/1955 1956/1956 1954/1954
f 1957/1957 1934/1934 1953/1953
f 1957/1957 1935/1935 1934/1934
f 1954/1954 1958/1958 1953/1953
f 1958/1958 1954/1954 1956/1956
f 1957/1957 1953/1953 1959/1959
f 1935/1935 1957/1957 1960/1960
f 1959/1959 1960/1960 1957/1957
f 1935/1935 1960/1960 1848/1848
f 1961/1961 1953/1953 1958/1958
f 1961/1961 1959/1959 1953/1953
f 1962/1962 1848/1848 1960/1960
f 1848/1848 1962/1962 1849/1849
f 1960/1960 1959/1959 1963/1963
f 1960/1960 1963/1963 1962/1962
f 1964/1964 1849/1849 1962/1962
f 1849/1849 1964/1964 1850/1850
f 1779/1779 1850/1850 1964/1964
f 1964/1964 1787/1787 1779/1779
f 1962/1962 1965/1965 1964/1964
f 1787/1787 1964/1964 1965/1965
f 1965/1965 1962/1962 1963/1963
f 1965/1965 1789/1789 1787/1787
f 1789/1789 1965/1965 1966/1966
f 1963/1963 1966/1966 1965/1965
f 1966/1966 1790/1790 1789/1789
f 1966/1966 1963/1963 1967/1967
f 1966/1966 1967/1967 1790/1790
f 1968/1968 1963/1963 1959/1959
f 1968/1968 1967/1967 1963/1963
f 1968/1968 1959/1959 1969/1969
f 1961/1961 1969/1969 1959/1959
f 1967/1967 1968/1968 1970/1970
f 1969/1969 1970/1970 1968/1968
f 1971/1971 1790/1790 1967/1967
f 1969/1969 1961/1961 1972/1972
f 1958/1958 1972/1972 1961/1961
f 1970/1970 1969/1969 1973/1973
f 1972/1972 1973/1973 1969/1969
f 1970/1970 1974/1974 1967/1967
f 1971/1971 1967/1967 1974/1974
f 1972/1972 1958/1958 1975/1975
f 1956/1956 1975/1975 1958/1958
f 1973/1973 1972/1972 1976/1976
f 1975/1975 1976/1976 1972/1972
f 1973/1973 1977/1977 1970/1970
f 1974/1974 1970/1970 1977/1977
f 1978/1978 1975/1975 1956/1956
f 1975/1975 1978/1978 1976/1976
f 1977/1977 1973/1973 1979/1979
f 1976/1976 1979/1979 1973/1973
f 1979/1979 1980/1980 1977/1977
f 1977/1977 1981/1981 1974/1974
f 1981/1981 1977/1977 1980/1980
f 1982/1982 1974/1974 1981/1981
f 1974/1974 1982/1982 1971/1971
f 1979/1979 1976/1976 1983/1983
f 1979/1979 1983/1983 1980/1980
f 1981/1981 1980/1980 1984/1984
f 1981/1981 1984/1984 1982/1982
f 1985/1985 1983/1983 1976/1976
f 1985/1985 1976/1976 1978/1978
f 1985/1985 1978/1978 1986/1986
f 1985/1985 1986/1986 1983/1983
f 1987/1987 1980/1980 1983/1983
f 1988/1988 1982/1982 1984/1984
f 1989/1989 1984/1984 1980/1980
f 1980/1980 1987/1987 1989/1989
f 1988/1988 1984/1984 1990/1990
f 1984/1984 1989/1989 1991/1991
f 1991/1991 1990/1990 1984/1984
f 1988/1988 1992/1992 1982/1982
f 1988/1988 1990/1990 1992/1992
f 1993/1993 1982/1982 1992/1992
f 1993/1993 1971/1971 1982/1982
f 1809/1809 1992/1992 1990/1990
f 1992/1992 1794/1794 1993/1993
f 1992/1992 1809/1809 1794/1794
f 1993/1993 1994/1994 1971/1971
f 1994/1994 1993/1993 1794/1794
f 1790/1790 1971/1971 1994/1994
f 1994/1994 1794/1794 1791/1791
f 1994/1994 1791/1791 1790/1790
f 1990/1990 1995/1995 1809/1809
f 1995/1995 1808/1808 1809/1809
f 1990/1990 1991/1991 1996/1996
f 1990/1990 1996/1996 1995/1995
f 1997/1997 1996/1996 1991/1991
f 1808/1808 1995/1995 1998/1998
f 1998/1998 1999/1999 1808/1808
f 1998/1998 2000/2000 1999/1999
f 1998/1998 2001/2001 2000/2000
f 2002/2002 1998/1998 1995/1995
f 2002/2002 2001/2001 1998/1998
f 1996/1996 2003/2003 1995/1995
f 2002/2002 1995/1995 2003/2003
f 2003/2003 2001/2001 2002/2002
f 1996/1996 2004/2004 2003/2003
f 2003/2003 2005/2005 2001/2001
f 2004/2004 2005/2005 2003/2003
f 1991/1991 2006/2006 1997/1997
f 2006/2006 1991/1991 1989/1989
f 2007/2007 1997/1997 2006/2006
f 1997/1997 2007/2007 2008/2008
f 1989/1989 2009/2009 2006/2006
f 2009/2009 1989/1989 1987/1987
f 2010/2010 2006/2006 2009/2009
f 2006/2006 2010/2010 2007/2007
f 2011/2011 2009/2009 1987/1987
f 2009/2009 2011/2011 2010/2010
f 2012/2012 2007/2007 2010/2010
f 2013/2013 2008/2008 2007/2007
f 2012/2012 2010/2010 2014/2014
f 2012/2012 2015/2015 2007/2007
f 2013/2013 2007/2007 2015/2015
f 2012/2012 2014/2014 2015/2015
f 2013/2013 2016/2016 2008/2008
f 2017/2017 2008/2008 2016/2016
f 2015/2015 2018/2018 2013/2013
f 2016/2016 2013/2013 2018/2018
f 2016/2016 2019/2019 2017/2017
f 2016/2016 2018/2018 2019/2019
f 2020/2020 2017/2017 2019/2019
f 2021/2021 2019/2019 2018/2018
f 2015/2015 2022/2022 2018/2018
f 2022/2022 2015/2015 2014/2014
f 2018/2018 2023/2023 2021/2021
f 2023/2023 2018/2018 2022/2022
f 2024/2024 2021/2021 2023/2023
f 2023/2023 2025/2025 2024/2024
f 2023/2023 2022/2022 2025/2025
f 2026/2026 2024/2024 2025/2025
f 2027/2027 2025/2025 2022/2022
f 2022/2022 2014/2014 2027/2027
f 2028/2028 2027/2027 2014/2014
f 2014/2014 2029/2029 2028/2028
f 2029/2029 2014/2014 2010/2010
f 2030/2030 2028/2028 2029/2029
f 2029/2029 2010/2010 2011/2011
f 2029/2029 2011/2011 2030/2030
f 2031/2031 2030/2030 2011/2011
f 2032/2032 2031/2031 2011/2011
f 2011/2011 1987/1987 2032/2032
f 2031/2031 2032/2032 2033/2033
f 2034/2034 2032/2032 1987/1987
f 1987/1987 1983/1983 2034/2034
f 2035/2035 2033/2033 2032/2032
f 2032/2032 2034/2034 2035/2035
f 2035/2035 2036/2036 2033/2033
f 2037/2037 2033/2033 2036/2036
f 2038/2038 2035/2035 2034/2034
f 2035/2035 2038/2038 2036/2036
f 2039/2039 2034/2034 1983/1983
f 2034/2034 2039/2039 2038/2038
f 2036/2036 2040/2040 2037/2037
f 2041/2041 2037/2037 2040/2040
f 2040/2040 2036/2036 2042/2042
f 2039/2039 1983/1983 1986/1986
f 2043/2043 2042/2042 2036/2036
f 2043/2043 2036/2036 2038/2038
f 2042/2042 2043/2043 2044/2044
f 2045/2045 2038/2038 2039/2039
f 2038/2038 2045/2045 2043/2043
f 2046/2046 2044/2044 2043/2043
f 2046/2046 2043/2043 2045/2045
f 2044/2044 2046/2046 2047/2047
f 2045/2045 2039/2039 2048/2048
f 2045/2045 2048/2048 2046/2046
f 1986/1986 2048/2048 2039/2039
f 2049/2049 2047/2047 2046/2046
f 2049/2049 2046/2046 2048/2048
f 2047/2047 2049/2049 2050/2050
f 2048/2048 1986/1986 2051/2051
f 2048/2048 2051/2051 2049/2049
f 2052/2052 2050/2050 2049/2049
f 2052/2052 2049/2049 2051/2051
f 2050/2050 2052/2052 2053/2053
f 2054/2054 2051/2051 1986/1986
f 2054/2054 1986/1986 1978/1978
f 2055/2055 2053/2053 2052/2052
f 2052/2052 2051/2051 2055/2055
f 2053/2053 2055/2055 2056/2056
f 2051/2051 2054/2054 2057/2057
f 2057/2057 2055/2055 2051/2051
f 2054/2054 1978/1978 2058/2058
f 2058/2058 2057/2057 2054/2054
f 1956/1956 2058/2058 1978/1978
f 1956/1956 1955/1955 2058/2058
f 2059/2059 2058/2058 1955/1955
f 2058/2058 2059/2059 2057/2057
f 1955/1955 1950/1950 2059/2059
f 2055/2055 2057/2057 2060/2060
f 2060/2060 2056/2056 2055/2055
f 2061/2061 2057/2057 2059/2059
f 2061/2061 2060/2060 2057/2057
f 2062/2062 2059/2059 1950/1950
f 2059/2059 2062/2062 2061/2061
f 2062/2062 1950/1950 1949/1949
f 2060/2060 2063/2063 2056/2056
f 2060/2060 2061/2061 2063/2063
f 2064/2064 2056/2056 2063/2063
f 2065/2065 2061/2061 2062/2062
f 2065/2065 2063/2063 2061/2061
f 2062/2062 1949/1949 2065/2065
f 2063/2063 2066/2066 2064/2064
f 2063/2063 2065/2065 2066/2066
f 2067/2067 2064/2064 2066/2066
f 2068/2068 2065/2065 1949/1949
f 2068/2068 2066/2066 2065/2065
f 2068/2068 1949/1949 2069/2069
f 2068/2068 2069/2069 2066/2066
f 2066/2066 2070/2070 2067/2067
f 2070/2070 2066/2066 2069/2069
f 2071/2071 2067/2067 2070/2070
f 2071/2071 2070/2070 2072/2072
f 2071/2071 2072/2072 2073/2073
f 2074/2074 2072/2072 2070/2070
f 2070/2070 2069/2069 2074/2074
f 2075/2075 2073/2073 2072/2072
f 2072/2072 2074/2074 2075/2075
f 2076/2076 2069/2069 1949/1949
f 2076/2076 1949/1949 1946/1946
f 2076/2076 1946/1946 1945/1945
f 2076/2076 2077/2077 2069/2069
f 2076/2076 1945/1945 2077/2077
f 2078/2078 2074/2074 2069/2069
f 2078/2078 2069/2069 2077/2077
f 2079/2079 2077/2077 1945/1945
f 2077/2077 2079/2079 2078/2078
f 2078/2078 2080/2080 2074/2074
f 2080/2080 2078/2078 2079/2079
f 2081/2081 2074/2074 2080/2080
f 2081/2081 2075/2075 2074/2074
f 2080/2080 2079/2079 2082/2082
f 2080/2080 2082/2082 2081/2081
f 1945/1945 2083/2083 2079/2079
f 2083/2083 1945/1945 1944/1944
f 2084/2084 2082/2082 2079/2079
f 2084/2084 2079/2079 2083/2083
f 2085/2085 2081/2081 2082/2082
f 2081/2081 2085/2085 2075/2075
f 2082/2082 2084/2084 2085/2085
f 1944/1944 2086/2086 2083/2083
f 2086/2086 1944/1944 1943/1943
f 2083/2083 2087/2087 2084/2084
f 1943/1943 2088/2088 2086/2086
f 1943/1943 1940/1940 2088/2088
f 2089/2089 2083/2083 2086/2086
f 2083/2083 2089/2089 2087/2087
f 2090/2090 2086/2086 2088/2088
f 2086/2086 2090/2090 2089/2089
f 2091/2091 2088/2088 1940/1940
f 2091/2091 1940/1940 1919/1919
f 2090/2090 2088/2088 2092/2092
f 2091/2091 2092/2092 2088/2088
f 1919/1919 2093/2093 2091/2091
f 2092/2092 2091/2091 2093/2093
f 2093/2093 1919/1919 1912/1912
f 2093/2093 1912/1912 1913/1913
f 2093/2093 2094/2094 2092/2092
f 2093/2093 1913/1913 2094/2094
f 2092/2092 2095/2095 2090/2090
f 2095/2095 2092/2092 2094/2094
f 2096/2096 2089/2089 2090/2090
f 2096/2096 2090/2090 2095/2095
f 2096/2096 2087/2087 2089/2089
f 2095/2095 2094/2094 2097/2097
f 2095/2095 2097/2097 2096/2096
f 2094/2094 1913/1913 2098/2098
f 2098/2098 1913/1913 1914/1914
f 1914/1914 2099/2099 2098/2098
f 2094/2094 2098/2098 2100/2100
f 2100/2100 2097/2097 2094/2094
f 2101/2101 2098/2098 2099/2099
f 2101/2101 2100/2100 2098/2098
f 2101/2101 2099/2099 2102/2102
f 2103/2103 2102/2102 2099/2099
f 2100/2100 2101/2101 2104/2104
f 2102/2102 2104/2104 2101/2101
f 2097/2097 2100/2100 2105/2105
f 2104/2104 2105/2105 2100/2100
f 2106/2106 2096/2096 2097/2097
f 2097/2097 2105/2105 2106/2106
f 2096/2096 2106/2106 2087/2087
f 2102/2102 2103/2103 2107/2107
f 2102/2102 2107/2107 2104/2104
f 2108/2108 2107/2107 2103/2103
f 2104/2104 2109/2109 2105/2105
f 2109/2109 2104/2104 2107/2107
f 2107/2107 2108/2108 2110/2110
f 2111/2111 2110/2110 2108/2108
f 2107/2107 2110/2110 2109/2109
f 2112/2112 2109/2109 2110/2110
f 2113/2113 2105/2105 2109/2109
f 2113/2113 2106/2106 2105/2105
f 2109/2109 2112/2112 2114/2114
f 2109/2109 2114/2114 2113/2113
f 2115/2115 2114/2114 2112/2112
f 2113/2113 2116/2116 2106/2106
f 2116/2116 2113/2113 2114/2114
f 2115/2115 2117/2117 2114/2114
f 2116/2116 2114/2114 2117/2117
f 2115/2115 2118/2118 2117/2117
f 2119/2119 2106/2106 2116/2116
f 2119/2119 2087/2087 2106/2106
f 2117/2117 2120/2120 2116/2116
f 2119/2119 2116/2116 2120/2120
f 2087/2087 2119/2119 2121/2121
f 2120/2120 2121/2121 2119/2119
f 2121/2121 2084/2084 2087/2087
f 2121/2121 2085/2085 2084/2084
f 2120/2120 2122/2122 2121/2121
f 2085/2085 2121/2121 2122/2122
f 2120/2120 2117/2117 2122/2122
f 2122/2122 2075/2075 2085/2085
f 2123/2123 2122/2122 2117/2117
f 2122/2122 2123/2123 2075/2075
f 2123/2123 2117/2117 2118/2118
f 2073/2073 2075/2075 2123/2123
f 2073/2073 2123/2123 2118/2118
f 2126/2126 2125/2125 2124/2124
f 2126/2126 2127/2127 2125/2125
f 2127/2127 2126/2126 2128/2128
f 2129/2129 2125/2125 2127/2127
f 2130/2130 2128/2128 2126/2126
f 2126/2126 2124/2124 2130/2130
f 2130/2130 2131/2131 2128/2128
f 2132/2132 2128/2128 2131/2131
f 2131/2131 2133/2133 2132/2132
f 2130/2130 2134/2134 2131/2131
f 2134/2134 2130/2130 2124/2124
f 2131/2131 2135/2135 2133/2133
f 2135/2135 2131/2131 2134/2134
f 2136/2136 2133/2133 2135/2135
f 2136/2136 2135/2135 2137/2137
f 2138/2138 2137/2137 2135/2135
f 2135/2135 2134/2134 2138/2138
f 2137/2137 2138/2138 2139/2139
f 2134/2134 2124/2124 2140/2140
f 2138/2138 2141/2141 2139/2139
f 2142/2142 2138/2138 2134/2134
f 2134/2134 2140/2140 2142/2142
f 2138/2138 2142/2142 2141/2141
f 2143/2143 2139/2139 2141/2141
f 2139/2139 2143/2143 2144/2144
f 2145/2145 2144/2144 2143/2143
f 2143/2143 2141/2141 2145/2145
f 2144/2144 2145/2145 2146/2146
f 2147/2147 2146/2146 2145/2145
f 2146/2146 2147/2147 2148/2148
f 2149/2149 2145/2145 2141/2141
f 2149/2149 2147/2147 2145/2145
f 2150/2150 2141/2141 2142/2142
f 2141/2141 2150/2150 2149/2149
f 2142/2142 2151/2151 2150/2150
f 2151/2151 2142/2142 2140/2140
f 2152/2152 2148/2148 2147/2147
f 2148/2148 2152/2152 2153/2153
f 2154/2154 2153/2153 2152/2152
f 2153/2153 2154/2154 2155/2155
f 2152/2152 2147/2147 2156/2156
f 2147/2147 2149/2149 2157/2157
f 2157/2157 2156/2156 2147/2147
f 2158/2158 2157/2157 2149/2149
f 2158/2158 2149/2149 2150/2150
f 2157/2157 2158/2158 2159/2159
f 2150/2150 2160/2160 2158/2158
f 2160/2160 2150/2150 2151/2151
f 2161/2161 2158/2158 2160/2160
f 2161/2161 2159/2159 2158/2158
f 2151/2151 2162/2162 2160/2160
f 2156/2156 2157/2157 2163/2163
f 2159/2159 2163/2163 2157/2157
f 2160/2160 2164/2164 2161/2161
f 2164/2164 2160/2160 2162/2162
f 2161/2161 2165/2165 2159/2159
f 2165/2165 2161/2161 2164/2164
f 2163/2163 2159/2159 2166/2166
f 2167/2167 2159/2159 2165/2165
f 2167/2167 2166/2166 2159/2159
f 2165/2165 2168/2168 2167/2167
f 2165/2165 2164/2164 2168/2168
f 2169/2169 2168/2168 2164/2164
f 2164/2164 2162/2162 2169/2169
f 2168/2168 2169/2169 2170/2170
f 2171/2171 2167/2167 2168/2168
f 2171/2171 2168/2168 2170/2170
f 2166/2166 2167/2167 2172/2172
f 2171/2171 2172/2172 2167/2167
f 2172/2172 2173/2173 2166/2166
f 2174/2174 2169/2169 2162/2162
f 2166/2166 2175/2175 2163/2163
f 2175/2175 2166/2166 2173/2173
f 2176/2176 2163/2163 2175/2175
f 2163/2163 2176/2176 2156/2156
f 2175/2175 2173/2173 2177/2177
f 2178/2178 2156/2156 2176/2176
f 2156/2156 2178/2178 2152/2152
f 2176/2176 2175/2175 2179/2179
f 2177/2177 2179/2179 2175/2175
f 2154/2154 2152/2152 2178/2178
f 2178/2178 2176/2176 2180/2180
f 2178/2178 2180/2180 2154/2154
f 2179/2179 2180/2180 2176/2176
f 2181/2181 2154/2154 2180/2180
f 2177/2177 2182/2182 2179/2179
f 2181/2181 2183/2183 2154/2154
f 2183/2183 2155/2155 2154/2154
f 2155/2155 2183/2183 2184/2184
f 2181/2181 2185/2185 2183/2183
f 2186/2186 2184/2184 2183/2183
f 2186/2186 2183/2183 2185/2185
f 2186/2186 2187/2187 2184/2184
f 2185/2185 2188/2188 2186/2186
f 2187/2187 2186/2186 2188/2188
f 2189/2189 2184/2184 2187/2187
f 2181/2181 2190/2190 2185/2185
f 2188/2188 2185/2185 2190/2190
f 2181/2181 2180/2180 2190/2190
f 2191/2191 2190/2190 2180/2180
f 2190/2190 2191/2191 2188/2188
f 2180/2180 2179/2179 2191/2191
f 2187/2187 2192/2192 2189/2189
f 2188/2188 2193/2193 2187/2187
f 2192/2192 2187/2187 2193/2193
f 2194/2194 2189/2189 2192/2192
f 2195/2195 2191/2191 2179/2179
f 2196/2196 2188/2188 2191/2191
f 2188/2188 2196/2196 2193/2193
f 2191/2191 2195/2195 2196/2196
f 2195/2195 2179/2179 2182/2182
f 2192/2192 2197/2197 2194/2194
f 2198/2198 2194/2194 2197/2197
f 2193/2193 2199/2199 2192/2192
f 2197/2197 2192/2192 2199/2199
f 2197/2197 2200/2200 2198/2198
f 2197/2197 2199/2199 2200/2200
f 2201/2201 2198/2198 2200/2200
f 2201/2201 2200/2200 2202/2202
f 2203/2203 2202/2202 2200/2200
f 2200/2200 2204/2204 2203/2203
f 2204/2204 2200/2200 2199/2199
f 2205/2205 2203/2203 2204/2204
f 2199/2199 2193/2193 2206/2206
f 2199/2199 2206/2206 2204/2204
f 2204/2204 2207/2207 2205/2205
f 2207/2207 2204/2204 2206/2206
f 2208/2208 2205/2205 2207/2207
f 2207/2207 2209/2209 2208/2208
f 2207/2207 2206/2206 2209/2209
f 2210/2210 2208/2208 2209/2209
f 2211/2211 2206/2206 2193/2193
f 2211/2211 2193/2193 2196/2196
f 2212/2212 2209/2209 2206/2206
f 2196/2196 2213/2213 2211/2211
f 2213/2213 2196/2196 2195/2195
f 2211/2211 2214/2214 2206/2206
f 2212/2212 2206/2206 2214/2214
f 2214/2214 2211/2211 2213/2213
f 2213/2213 2195/2195 2215/2215
f 2213/2213 2215/2215 2214/2214
f 2212/2212 2214/2214 2216/2216
f 2212/2212 2216/2216 2209/2209
f 2215/2215 2216/2216 2214/2214
f 2182/2182 2215/2215 2195/2195
f 2217/2217 2209/2209 2216/2216
f 2209/2209 2217/2217 2210/2210
f 2218/2218 2210/2210 2217/2217
f 2216/2216 2219/2219 2217/2217
f 2216/2216 2215/2215 2219/2219
f 2217/2217 2220/2220 2218/2218
f 2220/2220 2217/2217 2219/2219
f 2221/2221 2218/2218 2220/2220
f 2222/2222 2219/2219 2215/2215
f 2215/2215 2182/2182 2222/2222
f 2219/2219 2223/2223 2220/2220
f 2220/2220 2224/2224 2221/2221
f 2224/2224 2220/2220 2223/2223
f 2225/2225 2221/2221 2224/2224
f 2223/2223 2219/2219 2226/2226
f 2222/2222 2226/2226 2219/2219
f 2223/2223 2227/2227 2224/2224
f 2223/2223 2226/2226 2227/2227
f 2224/2224 2228/2228 2225/2225
f 2228/2228 2224/2224 2227/2227
f 2229/2229 2225/2225 2228/2228
f 2228/2228 2230/2230 2229/2229
f 2228/2228 2227/2227 2230/2230
f 2231/2231 2229/2229 2230/2230
f 2231/2231 2230/2230 2232/2232
f 2233/2233 2227/2227 2226/2226
f 2234/2234 2230/2230 2227/2227
f 2227/2227 2233/2233 2234/2234
f 2230/2230 2234/2234 2235/2235
f 2235/2235 2232/2232 2230/2230
f 2235/2235 2236/2236 2232/2232
f 2237/2237 2232/2232 2236/2236
f 2238/2238 2235/2235 2234/2234
f 2235/2235 2238/2238 2236/2236
f 2237/2237 2236/2236 2239/2239
f 2234/2234 2240/2240 2238/2238
f 2240/2240 2234/2234 2233/2233
f 2241/2241 2239/2239 2236/2236
f 2240/2240 2233/2233 2242/2242
f 2243/2243 2238/2238 2240/2240
f 2240/2240 2242/2242 2243/2243
f 2241/2241 2244/2244 2239/2239
f 2245/2245 2239/2239 2244/2244
f 2245/2245 2244/2244 2246/2246
f 2247/2247 2246/2246 2244/2244
f 2247/2247 2244/2244 2248/2248
f 2241/2241 2249/2249 2244/2244
f 2241/2241 2236/2236 2249/2249
f 2250/2250 2248/2248 2244/2244
f 2250/2250 2244/2244 2249/2249
f 2251/2251 2248/2248 2250/2250
f 2250/2250 2252/2252 2251/2251
f 2250/2250 2249/2249 2252/2252
f 2253/2253 2251/2251 2252/2252
f 2253/2253 2252/2252 2254/2254
f 2255/2255 2249/2249 2236/2236
f 2255/2255 2236/2236 2238/2238
f 2238/2238 2243/2243 2255/2255
f 2249/2249 2255/2255 2256/2256
f 2256/2256 2252/2252 2249/2249
f 2257/2257 2255/2255 2243/2243
f 2257/2257 2256/2256 2255/2255
f 2256/2256 2258/2258 2252/2252
f 2256/2256 2257/2257 2258/2258
f 2259/2259 2254/2254 2252/2252
f 2259/2259 2252/2252 2258/2258
f 2254/2254 2259/2259 2260/2260
f 2261/2261 2258/2258 2257/2257
f 2257/2257 2243/2243 2261/2261
f 2259/2259 2258/2258 2262/2262
f 2262/2262 2260/2260 2259/2259
f 2258/2258 2261/2261 2263/2263
f 2263/2263 2262/2262 2258/2258
f 2264/2264 2261/2261 2243/2243
f 2264/2264 2243/2243 2242/2242
f 2265/2265 2263/2263 2261/2261
f 2261/2261 2264/2264 2265/2265
f 2264/2264 2242/2242 2266/2266
f 2266/2266 2265/2265 2264/2264
f 2267/2267 2266/2266 2242/2242
f 2242/2242 2268/2268 2267/2267
f 2268/2268 2242/2242 2233/2233
f 2269/2269 2267/2267 2268/2268
f 2268/2268 2233/2233 2270/2270
f 2226/2226 2270/2270 2233/2233
f 2226/2226 2222/2222 2270/2270
f 2270/2270 2271/2271 2268/2268
f 2269/2269 2268/2268 2271/2271
f 2272/2272 2270/2270 2222/2222
f 2270/2270 2272/2272 2271/2271
f 2272/2272 2222/2222 2182/2182
f 2269/2269 2273/2273 2267/2267
f 2269/2269 2271/2271 2273/2273
f 2267/2267 2273/2273 2266/2266
f 2274/2274 2271/2271 2272/2272
f 2272/2272 2182/2182 2274/2274
f 2274/2274 2273/2273 2271/2271
f 2177/2177 2274/2274 2182/2182
f 2274/2274 2177/2177 2173/2173
f 2173/2173 2273/2273 2274/2274
f 2173/2173 2172/2172 2273/2273
f 2275/2275 2266/2266 2273/2273
f 2276/2276 2273/2273 2172/2172
f 2273/2273 2276/2276 2275/2275
f 2172/2172 2171/2171 2276/2276
f 2266/2266 2275/2275 2265/2265
f 2277/2277 2276/2276 2171/2171
f 2278/2278 2265/2265 2275/2275
f 2265/2265 2278/2278 2263/2263
f 2279/2279 2275/2275 2276/2276
f 2275/2275 2279/2279 2278/2278
f 2276/2276 2277/2277 2279/2279
f 2280/2280 2263/2263 2278/2278
f 2263/2263 2280/2280 2262/2262
f 2281/2281 2278/2278 2279/2279
f 2278/2278 2281/2281 2280/2280
f 2279/2279 2282/2282 2281/2281
f 2282/2282 2279/2279 2277/2277
f 2283/2283 2280/2280 2281/2281
f 2284/2284 2262/2262 2280/2280
f 2280/2280 2283/2283 2284/2284
f 2262/2262 2284/2284 2260/2260
f 2285/2285 2260/2260 2284/2284
f 2284/2284 2286/2286 2285/2285
f 2286/2286 2284/2284 2283/2283
f 2287/2287 2285/2285 2286/2286
f 2281/2281 2288/2288 2283/2283
f 2288/2288 2281/2281 2282/2282
f 2283/2283 2289/2289 2286/2286
f 2289/2289 2283/2283 2288/2288
f 2286/2286 2290/2290 2287/2287
f 2290/2290 2286/2286 2289/2289
f 2291/2291 2287/2287 2290/2290
f 2290/2290 2292/2292 2291/2291
f 2290/2290 2289/2289 2292/2292
f 2293/2293 2291/2291 2292/2292
f 2293/2293 2292/2292 2294/2294
f 2295/2295 2292/2292 2289/2289
f 2289/2289 2288/2288 2295/2295
f 2296/2296 2294/2294 2292/2292
f 2292/2292 2295/2295 2296/2296
f 2294/2294 2296/2296 2297/2297
f 2298/2298 2295/2295 2288/2288
f 2288/2288 2282/2282 2298/2298
f 2299/2299 2296/2296 2295/2295
f 2295/2295 2298/2298 2299/2299
f 2300/2300 2297/2297 2296/2296
f 2296/2296 2299/2299 2300/2300
f 2300/2300 2301/2301 2297/2297
f 2302/2302 2297/2297 2301/2301
f 2303/2303 2300/2300 2299/2299
f 2301/2301 2300/2300 2304/2304
f 2303/2303 2304/2304 2300/2300
f 2301/2301 2305/2305 2302/2302
f 2306/2306 2302/2302 2305/2305
f 2304/2304 2307/2307 2301/2301
f 2305/2305 2301/2301 2307/2307
f 2299/2299 2308/2308 2303/2303
f 2308/2308 2299/2299 2298/2298
f 2305/2305 2309/2309 2306/2306
f 2310/2310 2306/2306 2309/2309
f 2310/2310 2309/2309 2311/2311
f 2312/2312 2311/2311 2309/2309
f 2309/2309 2305/2305 2313/2313
f 2309/2309 2313/2313 2312/2312
f 2307/2307 2313/2313 2305/2305
f 2314/2314 2312/2312 2313/2313
f 2314/2314 2313/2313 2315/2315
f 2314/2314 2315/2315 2316/2316
f 2313/2313 2307/2307 2317/2317
f 2317/2317 2315/2315 2313/2313
f 2315/2315 2318/2318 2316/2316
f 2319/2319 2316/2316 2318/2318
f 2319/2319 2318/2318 2320/2320
f 2321/2321 2317/2317 2307/2307
f 2307/2307 2304/2304 2321/2321
f 2322/2322 2320/2320 2318/2318
f 2320/2320 2322/2322 2323/2323
f 2324/2324 2323/2323 2322/2322
f 2318/2318 2325/2325 2322/2322
f 2318/2318 2315/2315 2325/2325
f 2322/2322 2326/2326 2324/2324
f 2326/2326 2322/2322 2325/2325
f 2327/2327 2324/2324 2326/2326
f 2327/2327 2326/2326 2328/2328
f 2329/2329 2325/2325 2315/2315
f 2315/2315 2317/2317 2329/2329
f 2330/2330 2329/2329 2317/2317
f 2317/2317 2321/2321 2330/2330
f 2329/2329 2331/2331 2325/2325
f 2329/2329 2330/2330 2331/2331
f 2325/2325 2332/2332 2326/2326
f 2332/2332 2325/2325 2331/2331
f 2333/2333 2330/2330 2321/2321
f 2333/2333 2331/2331 2330/2330
f 2331/2331 2334/2334 2332/2332
f 2331/2331 2333/2333 2334/2334
f 2335/2335 2326/2326 2332/2332
f 2335/2335 2328/2328 2326/2326
f 2335/2335 2336/2336 2328/2328
f 2337/2337 2328/2328 2336/2336
f 2332/2332 2338/2338 2335/2335
f 2338/2338 2332/2332 2334/2334
f 2335/2335 2339/2339 2336/2336
f 2339/2339 2335/2335 2338/2338
f 2340/2340 2336/2336 2339/2339
f 2338/2338 2334/2334 2341/2341
f 2338/2338 2341/2341 2339/2339
f 2339/2339 2342/2342 2340/2340
f 2342/2342 2339/2339 2341/2341
f 2343/2343 2340/2340 2342/2342
f 2344/2344 2341/2341 2334/2334
f 2342/2342 2345/2345 2343/2343
f 2346/2346 2343/2343 2345/2345
f 2341/2341 2347/2347 2342/2342
f 2345/2345 2342/2342 2347/2347
f 2344/2344 2348/2348 2341/2341
f 2347/2347 2341/2341 2348/2348
f 2334/2334 2349/2349 2344/2344
f 2349/2349 2334/2334 2333/2333
f 2345/2345 2350/2350 2346/2346
f 2351/2351 2346/2346 2350/2350
f 2352/2352 2351/2351 2350/2350
f 2352/2352 2350/2350 2353/2353
f 2350/2350 2345/2345 2354/2354
f 2347/2347 2354/2354 2345/2345
f 2355/2355 2353/2353 2350/2350
f 2353/2353 2355/2355 2356/2356
f 2354/2354 2357/2357 2350/2350
f 2355/2355 2350/2350 2357/2357
f 2358/2358 2356/2356 2355/2355
f 2358/2358 2359/2359 2356/2356
f 2360/2360 2356/2356 2359/2359
f 2358/2358 2355/2355 2361/2361
f 2357/2357 2361/2361 2355/2355
f 2358/2358 2361/2361 2359/2359
f 2360/2360 2359/2359 2362/2362
f 2363/2363 2362/2362 2359/2359
f 2359/2359 2364/2364 2363/2363
f 2364/2364 2359/2359 2361/2361
f 2365/2365 2363/2363 2364/2364
f 2361/2361 2357/2357 2366/2366
f 2361/2361 2366/2366 2364/2364
f 2364/2364 2367/2367 2365/2365
f 2367/2367 2364/2364 2366/2366
f 2129/2129 2365/2365 2367/2367
f 2367/2367 2125/2125 2129/2129
f 2367/2367 2366/2366 2125/2125
f 2368/2368 2366/2366 2357/2357
f 2369/2369 2125/2125 2366/2366
f 2366/2366 2368/2368 2369/2369
f 2369/2369 2124/2124 2125/2125
f 2357/2357 2354/2354 2368/2368
f 2369/2369 2140/2140 2124/2124
f 2370/2370 2368/2368 2354/2354
f 2354/2354 2347/2347 2370/2370
f 2371/2371 2369/2369 2368/2368
f 2368/2368 2370/2370 2371/2371
f 2369/2369 2371/2371 2140/2140
f 2348/2348 2370/2370 2347/2347
f 2372/2372 2140/2140 2371/2371
f 2140/2140 2372/2372 2151/2151
f 2162/2162 2151/2151 2372/2372
f 2373/2373 2371/2371 2370/2370
f 2371/2371 2373/2373 2372/2372
f 2370/2370 2348/2348 2373/2373
f 2372/2372 2374/2374 2162/2162
f 2374/2374 2372/2372 2373/2373
f 2174/2174 2162/2162 2374/2374
f 2375/2375 2373/2373 2348/2348
f 2373/2373 2375/2375 2374/2374
f 2375/2375 2348/2348 2376/2376
f 2344/2344 2376/2376 2348/2348
f 2377/2377 2374/2374 2375/2375
f 2374/2374 2377/2377 2174/2174
f 2376/2376 2378/2378 2375/2375
f 2377/2377 2375/2375 2378/2378
f 2376/2376 2344/2344 2349/2349
f 2376/2376 2349/2349 2378/2378
f 2379/2379 2174/2174 2377/2377
f 2377/2377 2378/2378 2379/2379
f 2379/2379 2380/2380 2174/2174
f 2169/2169 2174/2174 2380/2380
f 2381/2381 2379/2379 2378/2378
f 2379/2379 2381/2381 2380/2380
f 2382/2382 2378/2378 2349/2349
f 2378/2378 2382/2382 2381/2381
f 2380/2380 2170/2170 2169/2169
f 2382/2382 2349/2349 2383/2383
f 2333/2333 2383/2383 2349/2349
f 2384/2384 2381/2381 2382/2382
f 2382/2382 2383/2383 2384/2384
f 2385/2385 2380/2380 2381/2381
f 2380/2380 2385/2385 2170/2170
f 2384/2384 2386/2386 2381/2381
f 2385/2385 2381/2381 2386/2386
f 2387/2387 2170/2170 2385/2385
f 2387/2387 2277/2277 2170/2170
f 2171/2171 2170/2170 2277/2277
f 2387/2387 2385/2385 2388/2388
f 2387/2387 2388/2388 2277/2277
f 2386/2386 2388/2388 2385/2385
f 2282/2282 2277/2277 2388/2388
f 2384/2384 2389/2389 2386/2386
f 2389/2389 2384/2384 2383/2383
f 2386/2386 2390/2390 2388/2388
f 2390/2390 2386/2386 2389/2389
f 2391/2391 2282/2282 2388/2388
f 2391/2391 2388/2388 2390/2390
f 2391/2391 2298/2298 2282/2282
f 2298/2298 2391/2391 2308/2308
f 2390/2390 2308/2308 2391/2391
f 2389/2389 2392/2392 2390/2390
f 2308/2308 2390/2390 2392/2392
f 2389/2389 2383/2383 2392/2392
f 2392/2392 2303/2303 2308/2308
f 2393/2393 2392/2392 2383/2383
f 2392/2392 2393/2393 2303/2303
f 2383/2383 2333/2333 2393/2393
f 2304/2304 2303/2303 2393/2393
f 2321/2321 2393/2393 2333/2333
f 2393/2393 2321/2321 2304/2304
f 2396/2396 2395/2395 2394/2394
f 2396/2396 2397/2397 2395/2395
f 2398/2398 2394/2394 2395/2395
f 2394/2394 2398/2398 2399/2399
f 2400/2400 2399/2399 2398/2398
f 2399/2399 2400/2400 2401/2401
f 2400/2400 2398/2398 2402/2402
f 2403/2403 2401/2401 2400/2400
f 2400/2400 2402/2402 2403/2403
f 2403/2403 2404/2404 2401/2401
f 2405/2405 2401/2401 2404/2404
f 2404/2404 2406/2406 2405/2405
f 2407/2407 2405/2405 2406/2406
f 2406/2406 2408/2408 2407/2407
f 2409/2409 2407/2407 2408/2408
f 2409/2409 2408/2408 2410/2410
f 2408/2408 2406/2406 2411/2411
f 2406/2406 2404/2404 2412/2412
f 2412/2412 2411/2411 2406/2406
f 2413/2413 2412/2412 2404/2404
f 2404/2404 2403/2403 2413/2413
f 2411/2411 2412/2412 2414/2414
f 2412/2412 2413/2413 2415/2415
f 2415/2415 2414/2414 2412/2412
f 2411/2411 2416/2416 2408/2408
f 2411/2411 2414/2414 2416/2416
f 2417/2417 2413/2413 2403/2403
f 2418/2418 2408/2408 2416/2416
f 2418/2418 2410/2410 2408/2408
f 2419/2419 2416/2416 2414/2414
f 2417/2417 2403/2403 2402/2402
f 2418/2418 2420/2420 2410/2410
f 2420/2420 2421/2421 2410/2410
f 2416/2416 2422/2422 2418/2418
f 2416/2416 2419/2419 2422/2422
f 2418/2418 2423/2423 2420/2420
f 2423/2423 2418/2418 2422/2422
f 2420/2420 2424/2424 2421/2421
f 2420/2420 2423/2423 2424/2424
f 2425/2425 2421/2421 2424/2424
f 2424/2424 2426/2426 2425/2425
f 2427/2427 2425/2425 2426/2426
f 2424/2424 2428/2428 2426/2426
f 2428/2428 2424/2424 2423/2423
f 2429/2429 2426/2426 2428/2428
f 2422/2422 2430/2430 2423/2423
f 2428/2428 2423/2423 2430/2430
f 2422/2422 2431/2431 2430/2430
f 2431/2431 2422/2422 2419/2419
f 2430/2430 2432/2432 2428/2428
f 2429/2429 2428/2428 2432/2432
f 2433/2433 2430/2430 2431/2431
f 2430/2430 2433/2433 2432/2432
f 2419/2419 2434/2434 2431/2431
f 2431/2431 2434/2434 2433/2433
f 2414/2414 2434/2434 2419/2419
f 2415/2415 2434/2434 2414/2414
f 2432/2432 2435/2435 2429/2429
f 2436/2436 2429/2429 2435/2435
f 2436/2436 2435/2435 2437/2437
f 2433/2433 2438/2438 2432/2432
f 2432/2432 2438/2438 2435/2435
f 2433/2433 2434/2434 2438/2438
f 2439/2439 2437/2437 2435/2435
f 2435/2435 2438/2438 2439/2439
f 2437/2437 2439/2439 2440/2440
f 2437/2437 2440/2440 2441/2441
f 2439/2439 2438/2438 2442/2442
f 2438/2438 2434/2434 2442/2442
f 2443/2443 2440/2440 2439/2439
f 2439/2439 2442/2442 2443/2443
f 2442/2442 2444/2444 2443/2443
f 2442/2442 2434/2434 2444/2444
f 2446/2446 2441/2441 2445/2445
f 2447/2447 2445/2445 2441/2441
f 2447/2447 2441/2441 2440/2440
f 2445/2445 2447/2447 2448/2448
f 2440/2440 2443/2443 2449/2449
f 2440/2440 2449/2449 2447/2447
f 2450/2450 2448/2448 2447/2447
f 2450/2450 2447/2447 2449/2449
f 2448/2448 2450/2450 2397/2397
f 2450/2450 2451/2451 2397/2397
f 2450/2450 2449/2449 2451/2451
f 2451/2451 2395/2395 2397/2397
f 2452/2452 2449/2449 2443/2443
f 2449/2449 2452/2452 2451/2451
f 2452/2452 2443/2443 2444/2444
f 2451/2451 2453/2453 2395/2395
f 2453/2453 2451/2451 2452/2452
f 2444/2444 2454/2454 2452/2452
f 2453/2453 2452/2452 2454/2454
f 2444/2444 2434/2434 2454/2454
f 2455/2455 2395/2395 2453/2453
f 2454/2454 2456/2456 2453/2453
f 2455/2455 2453/2453 2456/2456
f 2454/2454 2434/2434 2456/2456
f 2455/2455 2457/2457 2395/2395
f 2455/2455 2456/2456 2457/2457
f 2398/2398 2395/2395 2457/2457
f 2457/2457 2402/2402 2398/2398
f 2458/2458 2457/2457 2456/2456
f 2457/2457 2458/2458 2402/2402
f 2456/2456 2434/2434 2458/2458
f 2459/2459 2402/2402 2458/2458
f 2458/2458 2434/2434 2459/2459
f 2402/2402 2459/2459 2417/2417
f 2459/2459 2434/2434 2460/2460
f 2460/2460 2417/2417 2459/2459
f 2460/2460 2434/2434 2461/2461
f 2460/2460 2461/2461 2417/2417
f 2461/2461 2434/2434 2415/2415
f 2413/2413 2417/2417 2461/2461
f 2461/2461 2415/2415 2413/2413
f 2464/2464 2463/2463 2462/2462
f 2463/2463 2464/2464 2465/2465
f 2466/2466 2465/2465 2464/2464
f 2467/2467 2462/2462 2463/2463
f 2465/2465 2466/2466 2468/2468
f 2469/2469 2468/2468 2466/2466
f 2463/2463 2465/2465 2470/2470
f 2467/2467 2471/2471 2462/2462
f 2472/2472 2462/2462 2471/2471
f 2463/2463 2473/2473 2467/2467
f 2473/2473 2463/2463 2470/2470
f 2472/2472 2471/2471 2474/2474
f 2475/2475 2470/2470 2465/2465
f 2475/2475 2465/2465 2468/2468
f 2476/2476 2474/2474 2471/2471
f 2474/2474 2476/2476 2477/2477
f 2467/2467 2478/2478 2471/2471
f 2478/2478 2467/2467 2473/2473
f 2471/2471 2479/2479 2476/2476
f 2479/2479 2471/2471 2478/2478
f 2480/2480 2477/2477 2476/2476
f 2477/2477 2480/2480 2481/2481
f 2479/2479 2482/2482 2476/2476
f 2480/2480 2476/2476 2482/2482
f 2479/2479 2478/2478 2483/2483
f 2479/2479 2483/2483 2482/2482
f 2484/2484 2478/2478 2473/2473
f 2484/2484 2483/2483 2478/2478
f 2485/2485 2481/2481 2480/2480
f 2481/2481 2485/2485 2486/2486
f 2482/2482 2487/2487 2480/2480
f 2485/2485 2480/2480 2487/2487
f 2488/2488 2486/2486 2485/2485
f 2485/2485 2487/2487 2488/2488
f 2486/2486 2488/2488 2489/2489
f 2482/2482 2490/2490 2487/2487
f 2490/2490 2482/2482 2483/2483
f 2491/2491 2489/2489 2488/2488
f 2489/2489 2491/2491 2492/2492
f 2493/2493 2488/2488 2487/2487
f 2488/2488 2493/2493 2491/2491
f 2494/2494 2487/2487 2490/2490
f 2487/2487 2494/2494 2493/2493
f 2495/2495 2492/2492 2491/2491
f 2492/2492 2495/2495 2496/2496
f 2497/2497 2491/2491 2493/2493
f 2491/2491 2497/2497 2495/2495
f 2498/2498 2496/2496 2495/2495
f 2499/2499 2496/2496 2498/2498
f 2495/2495 2500/2500 2498/2498
f 2500/2500 2495/2495 2497/2497
f 2501/2501 2498/2498 2500/2500
f 2501/2501 2500/2500 2502/2502
f 2493/2493 2503/2503 2497/2497
f 2503/2503 2493/2493 2494/2494
f 2497/2497 2504/2504 2500/2500
f 2504/2504 2497/2497 2503/2503
f 2505/2505 2502/2502 2500/2500
f 2505/2505 2500/2500 2504/2504
f 2505/2505 2506/2506 2502/2502
f 2507/2507 2502/2502 2506/2506
f 2504/2504 2508/2508 2505/2505
f 2506/2506 2505/2505 2508/2508
f 2503/2503 2509/2509 2504/2504
f 2508/2508 2504/2504 2509/2509
f 2509/2509 2503/2503 2510/2510
f 2494/2494 2510/2510 2503/2503
f 2506/2506 2511/2511 2507/2507
f 2512/2512 2507/2507 2511/2511
f 2512/2512 2511/2511 2513/2513
f 2511/2511 2506/2506 2514/2514
f 2508/2508 2514/2514 2506/2506
f 2515/2515 2513/2513 2511/2511
f 2511/2511 2514/2514 2515/2515
f 2513/2513 2515/2515 2516/2516
f 2514/2514 2508/2508 2517/2517
f 2509/2509 2517/2517 2508/2508
f 2518/2518 2516/2516 2515/2515
f 2518/2518 2519/2519 2516/2516
f 2520/2520 2516/2516 2519/2519
f 2518/2518 2515/2515 2521/2521
f 2518/2518 2521/2521 2519/2519
f 2522/2522 2515/2515 2514/2514
f 2522/2522 2521/2521 2515/2515
f 2519/2519 2523/2523 2520/2520
f 2524/2524 2520/2520 2523/2523
f 2524/2524 2523/2523 2525/2525
f 2522/2522 2514/2514 2526/2526
f 2517/2517 2526/2526 2514/2514
f 2521/2521 2522/2522 2527/2527
f 2526/2526 2527/2527 2522/2522
f 2528/2528 2519/2519 2521/2521
f 2521/2521 2527/2527 2528/2528
f 2523/2523 2519/2519 2529/2529
f 2528/2528 2529/2529 2519/2519
f 2530/2530 2528/2528 2527/2527
f 2529/2529 2528/2528 2531/2531
f 2530/2530 2531/2531 2528/2528
f 2530/2530 2527/2527 2532/2532
f 2530/2530 2532/2532 2531/2531
f 2533/2533 2532/2532 2527/2527
f 2527/2527 2526/2526 2533/2533
f 2534/2534 2531/2531 2532/2532
f 2532/2532 2533/2533 2534/2534
f 2535/2535 2533/2533 2526/2526
f 2526/2526 2517/2517 2535/2535
f 2533/2533 2535/2535 2536/2536
f 2536/2536 2534/2534 2533/2533
f 2537/2537 2535/2535 2517/2517
f 2517/2517 2509/2509 2537/2537
f 2510/2510 2537/2537 2509/2509
f 2535/2535 2537/2537 2538/2538
f 2538/2538 2536/2536 2535/2535
f 2537/2537 2510/2510 2539/2539
f 2539/2539 2538/2538 2537/2537
f 2540/2540 2539/2539 2510/2510
f 2510/2510 2494/2494 2540/2540
f 2490/2490 2540/2540 2494/2494
f 2538/2538 2539/2539 2541/2541
f 2536/2536 2538/2538 2541/2541
f 2539/2539 2540/2540 2542/2542
f 2542/2542 2541/2541 2539/2539
f 2540/2540 2490/2490 2543/2543
f 2543/2543 2542/2542 2540/2540
f 2483/2483 2543/2543 2490/2490
f 2543/2543 2483/2483 2544/2544
f 2484/2484 2544/2544 2483/2483
f 2542/2542 2543/2543 2545/2545
f 2544/2544 2545/2545 2543/2543
f 2541/2541 2542/2542 2546/2546
f 2545/2545 2546/2546 2542/2542
f 2541/2541 2547/2547 2536/2536
f 2541/2541 2546/2546 2547/2547
f 2548/2548 2536/2536 2547/2547
f 2546/2546 2549/2549 2547/2547
f 2547/2547 2549/2549 2548/2548
f 2536/2536 2548/2548 2534/2534
f 2549/2549 2546/2546 2550/2550
f 2546/2546 2545/2545 2551/2551
f 2551/2551 2550/2550 2546/2546
f 2552/2552 2551/2551 2545/2545
f 2545/2545 2544/2544 2552/2552
f 2550/2550 2551/2551 2553/2553
f 2554/2554 2553/2553 2551/2551
f 2554/2554 2551/2551 2552/2552
f 2550/2550 2553/2553 2555/2555
f 2556/2556 2552/2552 2544/2544
f 2544/2544 2484/2484 2556/2556
f 2473/2473 2556/2556 2484/2484
f 2553/2553 2554/2554 2557/2557
f 2557/2557 2555/2555 2553/2553
f 2554/2554 2552/2552 2558/2558
f 2558/2558 2557/2557 2554/2554
f 2552/2552 2556/2556 2559/2559
f 2559/2559 2558/2558 2552/2552
f 2556/2556 2473/2473 2560/2560
f 2560/2560 2559/2559 2556/2556
f 2470/2470 2560/2560 2473/2473
f 2560/2560 2470/2470 2561/2561
f 2475/2475 2561/2561 2470/2470
f 2559/2559 2560/2560 2562/2562
f 2561/2561 2562/2562 2560/2560
f 2558/2558 2559/2559 2563/2563
f 2562/2562 2563/2563 2559/2559
f 2563/2563 2564/2564 2558/2558
f 2557/2557 2558/2558 2564/2564
f 2561/2561 2475/2475 2565/2565
f 2468/2468 2565/2565 2475/2475
f 2562/2562 2561/2561 2566/2566
f 2565/2565 2566/2566 2561/2561
f 2563/2563 2562/2562 2567/2567
f 2566/2566 2567/2567 2562/2562
f 2564/2564 2563/2563 2568/2568
f 2567/2567 2568/2568 2563/2563
f 2564/2564 2569/2569 2557/2557
f 2555/2555 2557/2557 2569/2569
f 2569/2569 2564/2564 2570/2570
f 2568/2568 2570/2570 2564/2564
f 2569/2569 2571/2571 2555/2555
f 2569/2569 2570/2570 2571/2571
f 2567/2567 2572/2572 2568/2568
f 2570/2570 2568/2568 2573/2573
f 2573/2573 2571/2571 2570/2570
f 2574/2574 2568/2568 2572/2572
f 2574/2574 2573/2573 2568/2568
f 2572/2572 2567/2567 2575/2575
f 2572/2572 2575/2575 2574/2574
f 2574/2574 2576/2576 2573/2573
f 2576/2576 2574/2574 2575/2575
f 2571/2571 2573/2573 2577/2577
f 2578/2578 2575/2575 2567/2567
f 2578/2578 2567/2567 2566/2566
f 2576/2576 2575/2575 2579/2579
f 2580/2580 2573/2573 2576/2576
f 2580/2580 2577/2577 2573/2573
f 2576/2576 2581/2581 2580/2580
f 2579/2579 2581/2581 2576/2576
f 2580/2580 2582/2582 2577/2577
f 2582/2582 2580/2580 2581/2581
f 2575/2575 2578/2578 2583/2583
f 2583/2583 2579/2579 2575/2575
f 2581/2581 2579/2579 2584/2584
f 2585/2585 2584/2584 2579/2579
f 2585/2585 2579/2579 2586/2586
f 2583/2583 2586/2586 2579/2579
f 2584/2584 2587/2587 2581/2581
f 2583/2583 2588/2588 2586/2586
f 2588/2588 2583/2583 2578/2578
f 2578/2578 2566/2566 2588/2588
f 2589/2589 2586/2586 2588/2588
f 2590/2590 2588/2588 2566/2566
f 2588/2588 2590/2590 2589/2589
f 2566/2566 2565/2565 2590/2590
f 2591/2591 2589/2589 2590/2590
f 2592/2592 2590/2590 2565/2565
f 2590/2590 2592/2592 2591/2591
f 2565/2565 2468/2468 2592/2592
f 2593/2593 2591/2591 2592/2592
f 2594/2594 2592/2592 2468/2468
f 2592/2592 2594/2594 2593/2593
f 2468/2468 2469/2469 2594/2594
f 2595/2595 2593/2593 2594/2594
f 2596/2596 2594/2594 2469/2469
f 2594/2594 2596/2596 2595/2595
f 2597/2597 2595/2595 2596/2596
f 2599/2599 2598/2598 2555/2555
f 2550/2550 2555/2555 2598/2598
f 2598/2598 2549/2549 2550/2550
f 2599/2599 2555/2555 2571/2571
f 2571/2571 2600/2600 2599/2599
f 2577/2577 2600/2600 2571/2571
f 2549/2549 2598/2598 2601/2601
f 2601/2601 2548/2548 2549/2549
f 2598/2598 2599/2599 2602/2602
f 2602/2602 2601/2601 2598/2598
f 2603/2603 2602/2602 2599/2599
f 2603/2603 2599/2599 2600/2600
f 2602/2602 2604/2604 2601/2601
f 2602/2602 2603/2603 2604/2604
f 2601/2601 2605/2605 2548/2548
f 2605/2605 2601/2601 2604/2604
f 2606/2606 2548/2548 2605/2605
f 2606/2606 2534/2534 2548/2548
f 2603/2603 2600/2600 2607/2607
f 2607/2607 2604/2604 2603/2603
f 2608/2608 2607/2607 2600/2600
f 2608/2608 2600/2600 2609/2609
f 2577/2577 2609/2609 2600/2600
f 2609/2609 2577/2577 2582/2582
f 2609/2609 2610/2610 2608/2608
f 2582/2582 2611/2611 2609/2609
f 2610/2610 2609/2609 2611/2611
f 2608/2608 2612/2612 2607/2607
f 2612/2612 2608/2608 2610/2610
f 2613/2613 2607/2607 2612/2612
f 2607/2607 2613/2613 2604/2604
f 2610/2610 2614/2614 2612/2612
f 2615/2615 2604/2604 2613/2613
f 2604/2604 2615/2615 2605/2605
f 2612/2612 2616/2616 2613/2613
f 2616/2616 2612/2612 2614/2614
f 2613/2613 2617/2617 2615/2615
f 2617/2617 2613/2613 2616/2616
f 2618/2618 2605/2605 2615/2615
f 2605/2605 2618/2618 2606/2606
f 2619/2619 2615/2615 2617/2617
f 2615/2615 2619/2619 2618/2618
f 2616/2616 2620/2620 2617/2617
f 2617/2617 2620/2620 2619/2619
f 2621/2621 2606/2606 2618/2618
f 2606/2606 2621/2621 2534/2534
f 2622/2622 2618/2618 2619/2619
f 2618/2618 2622/2622 2621/2621
f 2623/2623 2619/2619 2620/2620
f 2619/2619 2623/2623 2622/2622
f 2624/2624 2534/2534 2621/2621
f 2534/2534 2624/2624 2531/2531
f 2625/2625 2621/2621 2622/2622
f 2621/2621 2625/2625 2624/2624
f 2622/2622 2626/2626 2625/2625
f 2626/2626 2622/2622 2623/2623
f 2627/2627 2624/2624 2625/2625
f 2628/2628 2531/2531 2624/2624
f 2624/2624 2627/2627 2628/2628
f 2531/2531 2628/2628 2529/2529
f 2625/2625 2629/2629 2627/2627
f 2629/2629 2625/2625 2626/2626
f 2630/2630 2529/2529 2628/2628
f 2529/2529 2630/2630 2523/2523
f 2631/2631 2628/2628 2627/2627
f 2628/2628 2631/2631 2630/2630
f 2632/2632 2627/2627 2629/2629
f 2627/2627 2632/2632 2631/2631
f 2626/2626 2633/2633 2629/2629
f 2626/2626 2623/2623 2633/2633
f 2634/2634 2629/2629 2633/2633
f 2629/2629 2634/2634 2632/2632
f 2635/2635 2633/2633 2623/2623
f 2636/2636 2630/2630 2631/2631
f 2637/2637 2631/2631 2632/2632
f 2631/2631 2637/2637 2636/2636
f 2638/2638 2523/2523 2630/2630
f 2630/2630 2636/2636 2638/2638
f 2638/2638 2525/2525 2523/2523
f 2638/2638 2639/2639 2525/2525
f 2639/2639 2638/2638 2636/2636
f 2640/2640 2525/2525 2639/2639
f 2639/2639 2641/2641 2640/2640
f 2639/2639 2636/2636 2641/2641
f 2642/2642 2640/2640 2641/2641
f 2641/2641 2643/2643 2642/2642
f 2644/2644 2642/2642 2643/2643
f 2643/2643 2641/2641 2645/2645
f 2646/2646 2641/2641 2636/2636
f 2646/2646 2645/2645 2641/2641
f 2646/2646 2636/2636 2637/2637
f 2646/2646 2647/2647 2645/2645
f 2637/2637 2647/2647 2646/2646
f 2648/2648 2645/2645 2647/2647
f 2637/2637 2632/2632 2647/2647
f 2647/2647 2649/2649 2648/2648
f 2649/2649 2647/2647 2632/2632
f 2650/2650 2648/2648 2649/2649
f 2650/2650 2649/2649 2651/2651
f 2649/2649 2632/2632 2634/2634
f 2634/2634 2651/2651 2649/2649
f 2651/2651 2634/2634 2652/2652
f 2653/2653 2652/2652 2634/2634
f 2633/2633 2653/2653 2634/2634
f 2652/2652 2653/2653 2654/2654
f 2633/2633 2635/2635 2653/2653
f 2655/2655 2654/2654 2653/2653
f 2655/2655 2653/2653 2635/2635
f 2654/2654 2655/2655 2656/2656
f 2655/2655 2635/2635 2657/2657
f 2635/2635 2623/2623 2657/2657
f 2620/2620 2657/2657 2623/2623
f 2655/2655 2657/2657 2658/2658
f 2658/2658 2656/2656 2655/2655
f 2657/2657 2620/2620 2659/2659
f 2659/2659 2658/2658 2657/2657
f 2616/2616 2659/2659 2620/2620
f 2659/2659 2616/2616 2660/2660
f 2659/2659 2660/2660 2658/2658
f 2614/2614 2660/2660 2616/2616
f 2658/2658 2661/2661 2656/2656
f 2658/2658 2660/2660 2661/2661
f 2662/2662 2656/2656 2661/2661
f 2660/2660 2614/2614 2663/2663
f 2663/2663 2661/2661 2660/2660
f 2664/2664 2662/2662 2661/2661
f 2661/2661 2663/2663 2664/2664
f 2662/2662 2664/2664 2665/2665
f 2614/2614 2666/2666 2663/2663
f 2614/2614 2610/2610 2666/2666
f 2667/2667 2664/2664 2663/2663
f 2667/2667 2663/2663 2666/2666
f 2611/2611 2666/2666 2610/2610
f 2667/2667 2668/2668 2664/2664
f 2667/2667 2666/2666 2668/2668
f 2669/2669 2665/2665 2664/2664
f 2669/2669 2664/2664 2668/2668
f 2665/2665 2669/2669 2670/2670
f 2671/2671 2670/2670 2669/2669
f 2670/2670 2671/2671 2672/2672
f 2671/2671 2669/2669 2673/2673
f 2668/2668 2673/2673 2669/2669
f 2674/2674 2668/2668 2666/2666
f 2668/2668 2674/2674 2673/2673
f 2666/2666 2611/2611 2674/2674
f 2675/2675 2673/2673 2674/2674
f 2675/2675 2674/2674 2676/2676
f 2677/2677 2674/2674 2611/2611
f 2677/2677 2676/2676 2674/2674
f 2677/2677 2611/2611 2678/2678
f 2677/2677 2678/2678 2676/2676
f 2582/2582 2678/2678 2611/2611
f 2587/2587 2676/2676 2678/2678
f 2581/2581 2678/2678 2582/2582
f 2678/2678 2581/2581 2587/2587
f 2681/2681 2680/2680 2679/2679
f 2680/2680 2681/2681 2682/2682
f 2683/2683 2682/2682 2681/2681
f 2682/2682 2684/2684 2680/2680
f 2681/2681 2685/2685 2683/2683
f 2686/2686 2683/2683 2685/2685
f 2687/2687 2686/2686 2685/2685
f 2687/2687 2685/2685 2688/2688
f 2685/2685 2681/2681 2689/2689
f 2689/2689 2688/2688 2685/2685
f 2679/2679 2689/2689 2681/2681
f 2688/2688 2689/2689 2690/2690
f 2691/2691 2690/2690 2689/2689
f 2689/2689 2679/2679 2691/2691
f 2690/2690 2691/2691 2692/2692
f 2693/2693 2692/2692 2691/2691
f 2691/2691 2694/2694 2693/2693
f 2694/2694 2691/2691 2679/2679
f 2695/2695 2693/2693 2694/2694
f 2679/2679 2696/2696 2694/2694
f 2696/2696 2679/2679 2680/2680
f 2694/2694 2697/2697 2695/2695
f 2697/2697 2694/2694 2696/2696
f 2698/2698 2695/2695 2697/2697
f 2698/2698 2697/2697 2699/2699
f 2680/2680 2700/2700 2696/2696
f 2700/2700 2680/2680 2684/2684
f 2684/2684 2701/2701 2700/2700
f 2702/2702 2696/2696 2700/2700
f 2696/2696 2702/2702 2697/2697
f 2703/2703 2700/2700 2701/2701
f 2700/2700 2703/2703 2702/2702
f 2701/2701 2704/2704 2703/2703
f 2705/2705 2699/2699 2697/2697
f 2705/2705 2697/2697 2702/2702
f 2699/2699 2705/2705 2706/2706
f 2705/2705 2702/2702 2707/2707
f 2707/2707 2706/2706 2705/2705
f 2708/2708 2702/2702 2703/2703
f 2708/2708 2707/2707 2702/2702
f 2709/2709 2703/2703 2704/2704
f 2703/2703 2709/2709 2708/2708
f 2709/2709 2704/2704 2710/2710
f 2711/2711 2708/2708 2709/2709
f 2708/2708 2711/2711 2707/2707
f 2709/2709 2710/2710 2711/2711
f 2712/2712 2710/2710 2704/2704
f 2713/2713 2707/2707 2711/2711
f 2707/2707 2713/2713 2706/2706
f 2714/2714 2706/2706 2713/2713
f 2711/2711 2715/2715 2713/2713
f 2715/2715 2711/2711 2710/2710
f 2713/2713 2716/2716 2714/2714
f 2716/2716 2713/2713 2715/2715
f 2717/2717 2714/2714 2716/2716
f 2710/2710 2718/2718 2715/2715
f 2710/2710 2712/2712 2718/2718
f 2719/2719 2718/2718 2712/2712
f 2719/2719 2720/2720 2718/2718
f 2716/2716 2721/2721 2717/2717
f 2722/2722 2717/2717 2721/2721
f 2722/2722 2721/2721 2723/2723
f 2715/2715 2724/2724 2716/2716
f 2724/2724 2715/2715 2718/2718
f 2721/2721 2716/2716 2724/2724
f 2725/2725 2723/2723 2721/2721
f 2721/2721 2724/2724 2725/2725
f 2723/2723 2725/2725 2726/2726
f 2724/2724 2718/2718 2727/2727
f 2727/2727 2725/2725 2724/2724
f 2728/2728 2726/2726 2725/2725
f 2725/2725 2727/2727 2728/2728
f 2726/2726 2728/2728 2729/2729
f 2730/2730 2727/2727 2718/2718
f 2730/2730 2718/2718 2720/2720
f 2731/2731 2728/2728 2727/2727
f 2727/2727 2730/2730 2731/2731
f 2730/2730 2720/2720 2732/2732
f 2732/2732 2731/2731 2730/2730
f 2733/2733 2732/2732 2720/2720
f 2733/2733 2734/2734 2732/2732
f 2735/2735 2729/2729 2728/2728
f 2728/2728 2731/2731 2735/2735
f 2731/2731 2732/2732 2736/2736
f 2736/2736 2735/2735 2731/2731
f 2737/2737 2732/2732 2734/2734
f 2737/2737 2736/2736 2732/2732
f 2734/2734 2738/2738 2737/2737
f 2729/2729 2735/2735 2739/2739
f 2729/2729 2739/2739 2740/2740
f 2741/2741 2740/2740 2739/2739
f 2737/2737 2742/2742 2736/2736
f 2742/2742 2737/2737 2738/2738
f 2736/2736 2743/2743 2735/2735
f 2743/2743 2736/2736 2742/2742
f 2742/2742 2738/2738 2744/2744
f 2742/2742 2744/2744 2743/2743
f 2745/2745 2744/2744 2738/2738
f 2745/2745 2746/2746 2744/2744
f 2747/2747 2744/2744 2746/2746
f 2747/2747 2743/2743 2744/2744
f 2746/2746 2748/2748 2747/2747
f 2749/2749 2735/2735 2743/2743
f 2743/2743 2747/2747 2749/2749
f 2749/2749 2739/2739 2735/2735
f 2750/2750 2749/2749 2747/2747
f 2749/2749 2750/2750 2739/2739
f 2750/2750 2747/2747 2748/2748
f 2751/2751 2739/2739 2750/2750
f 2750/2750 2748/2748 2751/2751
f 2739/2739 2751/2751 2741/2741
f 2752/2752 2751/2751 2748/2748
f 2752/2752 2741/2741 2751/2751
f 2755/2755 2754/2754 2753/2753
f 2756/2756 2753/2753 2754/2754
f 2754/2754 2755/2755 2757/2757
f 2758/2758 2757/2757 2755/2755
f 2757/2757 2759/2759 2754/2754
f 2754/2754 2760/2760 2756/2756
f 2760/2760 2754/2754 2759/2759
f 2759/2759 2761/2761 2760/2760
f 2762/2762 2756/2756 2760/2760
f 2763/2763 2760/2760 2761/2761
f 2760/2760 2763/2763 2762/2762
f 2764/2764 2762/2762 2763/2763
f 2767/2767 2766/2766 2765/2765
f 2768/2768 2765/2765 2766/2766
f 2766/2766 2769/2769 2768/2768
f 2769/2769 2770/2770 2768/2768
f 2765/2765 2771/2771 2767/2767
f 2772/2772 2767/2767 2771/2771
f 2771/2771 2773/2773 2772/2772
f 2773/2773 2774/2774 2772/2772
f 2775/2775 2772/2772 2774/2774
f 2774/2774 2776/2776 2775/2775
f 2775/2775 2776/2776 2777/2777
f 2778/2778 2777/2777 2776/2776
f 2777/2777 2778/2778 2779/2779
f 2780/2780 2779/2779 2778/2778
f 2780/2780 2781/2781 2779/2779
f 2784/2784 2783/2783 2782/2782
f 2784/2784 2782/2782 2785/2785
f 2786/2786 2782/2782 2783/2783
f 2787/2787 2785/2785 2782/2782
f 2783/2783 2788/2788 2786/2786
f 2785/2785 2787/2787 2789/2789
f 2790/2790 2789/2789 2787/2787
f 2790/2790 2787/2787 2791/2791
f 2787/2787 2782/2782 2792/2792
f 2792/2792 2782/2782 2786/2786
f 2793/2793 2791/2791 2787/2787
f 2787/2787 2792/2792 2793/2793
f 2791/2791 2793/2793 2794/2794
f 2795/2795 2794/2794 2793/2793
f 2794/2794 2795/2795 2796/2796
f 2797/2797 2793/2793 2792/2792
f 2797/2797 2795/2795 2793/2793
f 2798/2798 2796/2796 2795/2795
f 2796/2796 2798/2798 2799/2799
f 2795/2795 2797/2797 2800/2800
f 2795/2795 2800/2800 2798/2798
f 2801/2801 2799/2799 2798/2798
f 2799/2799 2801/2801 2802/2802
f 2798/2798 2803/2803 2801/2801
f 2803/2803 2798/2798 2800/2800
f 2804/2804 2802/2802 2801/2801
f 2802/2802 2804/2804 2805/2805
f 2806/2806 2801/2801 2803/2803
f 2801/2801 2806/2806 2804/2804
f 2807/2807 2805/2805 2804/2804
f 2805/2805 2807/2807 2808/2808
f 2809/2809 2804/2804 2806/2806
f 2804/2804 2809/2809 2807/2807
f 2810/2810 2808/2808 2807/2807
f 2807/2807 2809/2809 2810/2810
f 2811/2811 2810/2810 2809/2809
f 2810/2810 2812/2812 2808/2808
f 2813/2813 2808/2808 2812/2812
f 2811/2811 2814/2814 2810/2810
f 2812/2812 2810/2810 2814/2814
f 2811/2811 2809/2809 2815/2815
f 2806/2806 2815/2815 2809/2809
f 2811/2811 2815/2815 2814/2814
f 2812/2812 2816/2816 2813/2813
f 2812/2812 2814/2814 2816/2816
f 2817/2817 2813/2813 2816/2816
f 2817/2817 2816/2816 2818/2818
f 2815/2815 2806/2806 2819/2819
f 2803/2803 2819/2819 2806/2806
f 2819/2819 2803/2803 2820/2820
f 2819/2819 2821/2821 2815/2815
f 2819/2819 2820/2820 2821/2821
f 2800/2800 2820/2820 2803/2803
f 2822/2822 2815/2815 2821/2821
f 2822/2822 2814/2814 2815/2815
f 2823/2823 2816/2816 2814/2814
f 2814/2814 2822/2822 2823/2823
f 2816/2816 2823/2823 2824/2824
f 2824/2824 2818/2818 2816/2816
f 2825/2825 2823/2823 2822/2822
f 2822/2822 2821/2821 2825/2825
f 2825/2825 2824/2824 2823/2823
f 2826/2826 2825/2825 2821/2821
f 2825/2825 2826/2826 2824/2824
f 2824/2824 2827/2827 2818/2818
f 2827/2827 2824/2824 2826/2826
f 2828/2828 2818/2818 2827/2827
f 2821/2821 2829/2829 2826/2826
f 2829/2829 2821/2821 2820/2820
f 2826/2826 2830/2830 2827/2827
f 2830/2830 2826/2826 2829/2829
f 2827/2827 2831/2831 2828/2828
f 2831/2831 2827/2827 2830/2830
f 2832/2832 2828/2828 2831/2831
f 2830/2830 2829/2829 2833/2833
f 2830/2830 2833/2833 2831/2831
f 2829/2829 2820/2820 2834/2834
f 2834/2834 2833/2833 2829/2829
f 2831/2831 2835/2835 2832/2832
f 2835/2835 2831/2831 2833/2833
f 2836/2836 2832/2832 2835/2835
f 2837/2837 2834/2834 2820/2820
f 2820/2820 2800/2800 2837/2837
f 2834/2834 2838/2838 2833/2833
f 2834/2834 2837/2837 2838/2838
f 2833/2833 2839/2839 2835/2835
f 2839/2839 2833/2833 2838/2838
f 2835/2835 2840/2840 2836/2836
f 2840/2840 2835/2835 2839/2839
f 2841/2841 2836/2836 2840/2840
f 2842/2842 2837/2837 2800/2800
f 2842/2842 2800/2800 2797/2797
f 2837/2837 2842/2842 2843/2843
f 2843/2843 2838/2838 2837/2837
f 2842/2842 2797/2797 2844/2844
f 2844/2844 2843/2843 2842/2842
f 2792/2792 2844/2844 2797/2797
f 2840/2840 2845/2845 2841/2841
f 2846/2846 2841/2841 2845/2845
f 2847/2847 2845/2845 2840/2840
f 2839/2839 2847/2847 2840/2840
f 2848/2848 2846/2846 2845/2845
f 2846/2846 2848/2848 2849/2849
f 2850/2850 2845/2845 2847/2847
f 2845/2845 2850/2850 2848/2848
f 2839/2839 2851/2851 2847/2847
f 2839/2839 2838/2838 2851/2851
f 2850/2850 2847/2847 2852/2852
f 2851/2851 2852/2852 2847/2847
f 2853/2853 2849/2849 2848/2848
f 2849/2849 2853/2853 2854/2854
f 2855/2855 2848/2848 2850/2850
f 2848/2848 2855/2855 2853/2853
f 2852/2852 2856/2856 2850/2850
f 2855/2855 2850/2850 2856/2856
f 2853/2853 2855/2855 2857/2857
f 2856/2856 2857/2857 2855/2855
f 2858/2858 2854/2854 2853/2853
f 2853/2853 2857/2857 2858/2858
f 2854/2854 2858/2858 2859/2859
f 2852/2852 2860/2860 2856/2856
f 2852/2852 2851/2851 2860/2860
f 2857/2857 2856/2856 2861/2861
f 2861/2861 2856/2856 2860/2860
f 2862/2862 2858/2858 2857/2857
f 2861/2861 2863/2863 2857/2857
f 2862/2862 2857/2857 2863/2863
f 2858/2858 2862/2862 2864/2864
f 2864/2864 2859/2859 2858/2858
f 2865/2865 2864/2864 2862/2862
f 2862/2862 2863/2863 2865/2865
f 2864/2864 2866/2866 2859/2859
f 2867/2867 2859/2859 2866/2866
f 2864/2864 2865/2865 2868/2868
f 2866/2866 2864/2864 2868/2868
f 2866/2866 2869/2869 2867/2867
f 2870/2870 2867/2867 2869/2869
f 2869/2869 2866/2866 2871/2871
f 2868/2868 2871/2871 2866/2866
f 2868/2868 2872/2872 2871/2871
f 2872/2872 2868/2868 2865/2865
f 2873/2873 2871/2871 2872/2872
f 2865/2865 2874/2874 2872/2872
f 2874/2874 2865/2865 2863/2863
f 2872/2872 2875/2875 2873/2873
f 2875/2875 2872/2872 2874/2874
f 2876/2876 2873/2873 2875/2875
f 2875/2875 2877/2877 2876/2876
f 2878/2878 2876/2876 2877/2877
f 2874/2874 2879/2879 2875/2875
f 2877/2877 2875/2875 2879/2879
f 2863/2863 2880/2880 2874/2874
f 2879/2879 2874/2874 2880/2880
f 2880/2880 2863/2863 2881/2881
f 2861/2861 2881/2881 2863/2863
f 2877/2877 2882/2882 2878/2878
f 2883/2883 2878/2878 2882/2882
f 2879/2879 2884/2884 2877/2877
f 2882/2882 2877/2877 2884/2884
f 2880/2880 2885/2885 2879/2879
f 2884/2884 2879/2879 2885/2885
f 2881/2881 2886/2886 2880/2880
f 2885/2885 2880/2880 2886/2886
f 2882/2882 2887/2887 2883/2883
f 2888/2888 2883/2883 2887/2887
f 2884/2884 2889/2889 2882/2882
f 2887/2887 2882/2882 2889/2889
f 2885/2885 2890/2890 2884/2884
f 2889/2889 2884/2884 2890/2890
f 2886/2886 2891/2891 2885/2885
f 2890/2890 2885/2885 2891/2891
f 2887/2887 2892/2892 2888/2888
f 2893/2893 2888/2888 2892/2892
f 2892/2892 2894/2894 2893/2893
f 2895/2895 2893/2893 2894/2894
f 2894/2894 2892/2892 2896/2896
f 2892/2892 2887/2887 2897/2897
f 2897/2897 2896/2896 2892/2892
f 2889/2889 2897/2897 2887/2887
f 2896/2896 2897/2897 2898/2898
f 2897/2897 2889/2889 2899/2899
f 2899/2899 2898/2898 2897/2897
f 2890/2890 2899/2899 2889/2889
f 2898/2898 2899/2899 2900/2900
f 2899/2899 2890/2890 2901/2901
f 2901/2901 2900/2900 2899/2899
f 2891/2891 2901/2901 2890/2890
f 2900/2900 2901/2901 2902/2902
f 2891/2891 2903/2903 2901/2901
f 2891/2891 2886/2886 2903/2903
f 2904/2904 2902/2902 2901/2901
f 2904/2904 2901/2901 2903/2903
f 2904/2904 2905/2905 2902/2902
f 2906/2906 2902/2902 2905/2905
f 2903/2903 2907/2907 2904/2904
f 2905/2905 2904/2904 2907/2907
f 2908/2908 2903/2903 2886/2886
f 2903/2903 2908/2908 2907/2907
f 2886/2886 2881/2881 2908/2908
f 2905/2905 2909/2909 2906/2906
f 2910/2910 2906/2906 2909/2909
f 2907/2907 2911/2911 2905/2905
f 2909/2909 2905/2905 2911/2911
f 2912/2912 2907/2907 2908/2908
f 2912/2912 2911/2911 2907/2907
f 2913/2913 2908/2908 2881/2881
f 2908/2908 2913/2913 2912/2912
f 2881/2881 2861/2861 2913/2913
f 2860/2860 2913/2913 2861/2861
f 2911/2911 2914/2914 2909/2909
f 2911/2911 2912/2912 2914/2914
f 2909/2909 2915/2915 2910/2910
f 2915/2915 2909/2909 2914/2914
f 2916/2916 2910/2910 2915/2915
f 2913/2913 2860/2860 2917/2917
f 2917/2917 2912/2912 2913/2913
f 2918/2918 2917/2917 2860/2860
f 2918/2918 2860/2860 2851/2851
f 2912/2912 2917/2917 2919/2919
f 2919/2919 2914/2914 2912/2912
f 2917/2917 2918/2918 2920/2920
f 2920/2920 2919/2919 2917/2917
f 2918/2918 2851/2851 2921/2921
f 2921/2921 2920/2920 2918/2918
f 2922/2922 2921/2921 2851/2851
f 2922/2922 2851/2851 2838/2838
f 2914/2914 2919/2919 2923/2923
f 2914/2914 2923/2923 2915/2915
f 2922/2922 2838/2838 2924/2924
f 2922/2922 2924/2924 2921/2921
f 2843/2843 2924/2924 2838/2838
f 2843/2843 2844/2844 2924/2924
f 2924/2924 2925/2925 2921/2921
f 2920/2920 2921/2921 2925/2925
f 2926/2926 2924/2924 2844/2844
f 2844/2844 2792/2792 2926/2926
f 2786/2786 2926/2926 2792/2792
f 2926/2926 2927/2927 2924/2924
f 2925/2925 2924/2924 2927/2927
f 2786/2786 2928/2928 2926/2926
f 2927/2927 2926/2926 2928/2928
f 2928/2928 2786/2786 2788/2788
f 2788/2788 2929/2929 2928/2928
f 2930/2930 2928/2928 2929/2929
f 2928/2928 2930/2930 2927/2927
f 2929/2929 2931/2931 2930/2930
f 2927/2927 2932/2932 2925/2925
f 2932/2932 2927/2927 2930/2930
f 2933/2933 2930/2930 2931/2931
f 2930/2930 2933/2933 2932/2932
f 2931/2931 2934/2934 2933/2933
f 2935/2935 2925/2925 2932/2932
f 2925/2925 2935/2935 2920/2920
f 2919/2919 2920/2920 2935/2935
f 2935/2935 2923/2923 2919/2919
f 2932/2932 2936/2936 2935/2935
f 2936/2936 2932/2932 2933/2933
f 2923/2923 2935/2935 2936/2936
f 2937/2937 2933/2933 2934/2934
f 2933/2933 2937/2937 2936/2936
f 2934/2934 2938/2938 2937/2937
f 2936/2936 2939/2939 2923/2923
f 2939/2939 2936/2936 2937/2937
f 2940/2940 2923/2923 2939/2939
f 2940/2940 2915/2915 2923/2923
f 2915/2915 2940/2940 2916/2916
f 2941/2941 2916/2916 2940/2940
f 2941/2941 2940/2940 2942/2942
f 2939/2939 2942/2942 2940/2940
f 2942/2942 2939/2939 2943/2943
f 2937/2937 2943/2943 2939/2939
f 2944/2944 2943/2943 2937/2937
f 2944/2944 2937/2937 2938/2938
f 2945/2945 2943/2943 2944/2944
f 2938/2938 2946/2946 2944/2944
f 2945/2945 2944/2944 2946/2946
f 2949/2949 2948/2948 2947/2947
f 2949/2949 2947/2947 2950/2950
f 2951/2951 2950/2950 2947/2947
f 2950/2950 2952/2952 2949/2949
f 2951/2951 2947/2947 2953/2953
f 2954/2954 2949/2949 2952/2952
f 2952/2952 2955/2955 2954/2954
f 2956/2956 2953/2953 2947/2947
f 2956/2956 2947/2947 2948/2948
f 2953/2953 2956/2956 2957/2957
f 2948/2948 2949/2949 2958/2958
f 2954/2954 2958/2958 2949/2949
f 2959/2959 2954/2954 2955/2955
f 2954/2954 2959/2959 2958/2958
f 2955/2955 2960/2960 2959/2959
f 2948/2948 2958/2958 2961/2961
f 2948/2948 2961/2961 2956/2956
f 2958/2958 2959/2959 2962/2962
f 2962/2962 2961/2961 2958/2958
f 2963/2963 2959/2959 2960/2960
f 2963/2963 2962/2962 2959/2959
f 2960/2960 2964/2964 2963/2963
f 2965/2965 2957/2957 2956/2956
f 2965/2965 2956/2956 2961/2961
f 2957/2957 2965/2965 2966/2966
f 2961/2961 2962/2962 2967/2967
f 2961/2961 2967/2967 2965/2965
f 2963/2963 2968/2968 2962/2962
f 2968/2968 2963/2963 2964/2964
f 2969/2969 2966/2966 2965/2965
f 2969/2969 2965/2965 2967/2967
f 2969/2969 2970/2970 2966/2966
f 2971/2971 2966/2966 2970/2970
f 2967/2967 2972/2972 2969/2969
f 2970/2970 2969/2969 2972/2972
f 2973/2973 2967/2967 2962/2962
f 2973/2973 2962/2962 2968/2968
f 2967/2967 2973/2973 2972/2972
f 2970/2970 2974/2974 2971/2971
f 2970/2970 2972/2972 2974/2974
f 2975/2975 2971/2971 2974/2974
f 2968/2968 2964/2964 2976/2976
f 2968/2968 2976/2976 2973/2973
f 2977/2977 2976/2976 2964/2964
f 2978/2978 2972/2972 2973/2973
f 2978/2978 2973/2973 2976/2976
f 2979/2979 2974/2974 2972/2972
f 2972/2972 2978/2978 2979/2979
f 2976/2976 2977/2977 2980/2980
f 2976/2976 2980/2980 2978/2978
f 2981/2981 2980/2980 2977/2977
f 2982/2982 2979/2979 2978/2978
f 2982/2982 2978/2978 2980/2980
f 2974/2974 2979/2979 2983/2983
f 2974/2974 2983/2983 2975/2975
f 2984/2984 2975/2975 2983/2983
f 2985/2985 2983/2983 2979/2979
f 2979/2979 2982/2982 2985/2985
f 2983/2983 2986/2986 2984/2984
f 2983/2983 2985/2985 2986/2986
f 2984/2984 2986/2986 2987/2987
f 2980/2980 2981/2981 2988/2988
f 2980/2980 2988/2988 2982/2982
f 2989/2989 2988/2988 2981/2981
f 2990/2990 2985/2985 2982/2982
f 2990/2990 2982/2982 2988/2988
f 2988/2988 2989/2989 2991/2991
f 2988/2988 2991/2991 2990/2990
f 2989/2989 2992/2992 2991/2991
f 2990/2990 2993/2993 2985/2985
f 2993/2993 2990/2990 2991/2991
f 2994/2994 2985/2985 2993/2993
f 2994/2994 2986/2986 2985/2985
f 2993/2993 2991/2991 2995/2995
f 2993/2993 2995/2995 2994/2994
f 2996/2996 2991/2991 2992/2992
f 2996/2996 2995/2995 2991/2991
f 2992/2992 2997/2997 2996/2996
f 2998/2998 2996/2996 2997/2997
f 2996/2996 2998/2998 2995/2995
f 2997/2997 2999/2999 2998/2998
f 3000/3000 2994/2994 2995/2995
f 2994/2994 3000/3000 2986/2986
f 3001/3001 2998/2998 2999/2999
f 3002/3002 2986/2986 3000/3000
f 3002/3002 2987/2987 2986/2986
f 2987/2987 3002/3002 3003/3003
f 3004/3004 3003/3003 3002/3002
f 3002/3002 3000/3000 3004/3004
f 3003/3003 3004/3004 3005/3005
f 3005/3005 3006/3006 2999/2999
f 3006/3006 3005/3005 3004/3004
f 3001/3001 2999/2999 3006/3006
f 3007/3007 3004/3004 3000/3000
f 3007/3007 3006/3006 3004/3004
f 3000/3000 2995/2995 3007/3007
f 3001/3001 3006/3006 3008/3008
f 3007/3007 3008/3008 3006/3006
f 3008/3008 3007/3007 2995/2995
f 3001/3001 3008/3008 2998/2998
f 3008/3008 2995/2995 2998/2998
f 3011/3011 3010/3010 3009/3009
f 3012/3012 3009/3009 3010/3010
f 3012/3012 3013/3013 3009/3009
f 3009/3009 3014/3014 3011/3011
f 3015/3015 3011/3011 3014/3014
f 3016/3016 3009/3009 3013/3013
f 3009/3009 3016/3016 3014/3014
f 3013/3013 3017/3017 3016/3016
f 3015/3015 3014/3014 3018/3018
f 3019/3019 3016/3016 3017/3017
f 3020/3020 3014/3014 3016/3016
f 3016/3016 3019/3019 3020/3020
f 3019/3019 3017/3017 3021/3021
f 3022/3022 3021/3021 3017/3017
f 3023/3023 3020/3020 3019/3019
f 3021/3021 3024/3024 3019/3019
f 3023/3023 3019/3019 3024/3024
f 3021/3021 3022/3022 3025/3025
f 3026/3026 3025/3025 3022/3022
f 3024/3024 3021/3021 3027/3027
f 3025/3025 3027/3027 3021/3021
f 3024/3024 3028/3028 3023/3023
f 3024/3024 3027/3027 3028/3028
f 3023/3023 3029/3029 3020/3020
f 3029/3029 3023/3023 3028/3028
f 3030/3030 3020/3020 3029/3029
f 3020/3020 3030/3030 3014/3014
f 3028/3028 3031/3031 3029/3029
f 3032/3032 3014/3014 3030/3030
f 3032/3032 3018/3018 3014/3014
f 3029/3029 3033/3033 3030/3030
f 3033/3033 3029/3029 3031/3031
f 3030/3030 3034/3034 3032/3032
f 3034/3034 3030/3030 3033/3033
f 3032/3032 3035/3035 3018/3018
f 3035/3035 3032/3032 3034/3034
f 3036/3036 3018/3018 3035/3035
f 3033/3033 3037/3037 3034/3034
f 3033/3033 3031/3031 3037/3037
f 3034/3034 3038/3038 3035/3035
f 3035/3035 3039/3039 3036/3036
f 3039/3039 3035/3035 3038/3038
f 3040/3040 3036/3036 3039/3039
f 3041/3041 3038/3038 3034/3034
f 3041/3041 3034/3034 3037/3037
f 3038/3038 3042/3042 3039/3039
f 3038/3038 3041/3041 3042/3042
f 3039/3039 3043/3043 3040/3040
f 3043/3043 3039/3039 3042/3042
f 3044/3044 3040/3040 3043/3043
f 3043/3043 3045/3045 3044/3044
f 3046/3046 3044/3044 3045/3045
f 3042/3042 3047/3047 3043/3043
f 3045/3045 3043/3043 3047/3047
f 3046/3046 3045/3045 3048/3048
f 3045/3045 3047/3047 3048/3048
f 3046/3046 3048/3048 3049/3049
f 3047/3047 3042/3042 3050/3050
f 3051/3051 3049/3049 3048/3048
f 3049/3049 3051/3051 3052/3052
f 3053/3053 3048/3048 3047/3047
f 3047/3047 3050/3050 3053/3053
f 3051/3051 3048/3048 3054/3054
f 3053/3053 3054/3054 3048/3048
f 3055/3055 3052/3052 3051/3051
f 3054/3054 3056/3056 3051/3051
f 3055/3055 3051/3051 3056/3056
f 3053/3053 3057/3057 3054/3054
f 3057/3057 3053/3053 3050/3050
f 3058/3058 3054/3054 3057/3057
f 3054/3054 3058/3058 3056/3056
f 3057/3057 3050/3050 3059/3059
f 3057/3057 3059/3059 3058/3058
f 3055/3055 3060/3060 3052/3052
f 3061/3061 3052/3052 3060/3060
f 3056/3056 3062/3062 3055/3055
f 3060/3060 3055/3055 3062/3062
f 3062/3062 3056/3056 3063/3063
f 3062/3062 3064/3064 3060/3060
f 3062/3062 3063/3063 3064/3064
f 3060/3060 3065/3065 3061/3061
f 3065/3065 3060/3060 3064/3064
f 3066/3066 3061/3061 3065/3065
f 3061/3061 3066/3066 3067/3067
f 3064/3064 3068/3068 3065/3065
f 3066/3066 3065/3065 3068/3068
f 3069/3069 3067/3067 3066/3066
f 3067/3067 3069/3069 3070/3070
f 3068/3068 3071/3071 3066/3066
f 3069/3069 3066/3066 3071/3071
f 3068/3068 3064/3064 3072/3072
f 3068/3068 3072/3072 3071/3071
f 3073/3073 3072/3072 3064/3064
f 3073/3073 3064/3064 3063/3063
f 3074/3074 3071/3071 3072/3072
f 3075/3075 3073/3073 3063/3063
f 3073/3073 3075/3075 3072/3072
f 3074/3074 3072/3072 3076/3076
f 3075/3075 3076/3076 3072/3072
f 3074/3074 3077/3077 3071/3071
f 3074/3074 3076/3076 3077/3077
f 3078/3078 3071/3071 3077/3077
f 3071/3071 3078/3078 3069/3069
f 3076/3076 3075/3075 3079/3079
f 3080/3080 3079/3079 3075/3075
f 3079/3079 3081/3081 3076/3076
f 3075/3075 3082/3082 3080/3080
f 3075/3075 3063/3063 3082/3082
f 3083/3083 3080/3080 3082/3082
f 3083/3083 3082/3082 3084/3084
f 3085/3085 3076/3076 3081/3081
f 3085/3085 3077/3077 3076/3076
f 3081/3081 3086/3086 3085/3085
f 3087/3087 3082/3082 3063/3063
f 3087/3087 3063/3063 3056/3056
f 3087/3087 3056/3056 3058/3058
f 3082/3082 3087/3087 3088/3088
f 3058/3058 3088/3088 3087/3087
f 3088/3088 3084/3084 3082/3082
f 3084/3084 3088/3088 3089/3089
f 3088/3088 3058/3058 3059/3059
f 3059/3059 3089/3089 3088/3088
f 3089/3089 3059/3059 3090/3090
f 3091/3091 3090/3090 3059/3059
f 3059/3059 3050/3050 3091/3091
f 3091/3091 3092/3092 3090/3090
f 3093/3093 3091/3091 3050/3050
f 3091/3091 3093/3093 3092/3092
f 3093/3093 3050/3050 3042/3042
f 3093/3093 3042/3042 3041/3041
f 3041/3041 3092/3092 3093/3093
f 3094/3094 3090/3090 3092/3092
f 3041/3041 3037/3037 3092/3092
f 3095/3095 3094/3094 3092/3092
f 3095/3095 3092/3092 3037/3037
f 3094/3094 3095/3095 3096/3096
f 3037/3037 3097/3097 3095/3095
f 3097/3097 3037/3037 3031/3031
f 3098/3098 3096/3096 3095/3095
f 3096/3096 3098/3098 3099/3099
f 3100/3100 3098/3098 3095/3095
f 3101/3101 3099/3099 3098/3098
f 3098/3098 3100/3100 3101/3101
f 3099/3099 3101/3101 3102/3102
f 3103/3103 3100/3100 3095/3095
f 3103/3103 3095/3095 3097/3097
f 3104/3104 3101/3101 3100/3100
f 3105/3105 3102/3102 3101/3101
f 3101/3101 3104/3104 3105/3105
f 3105/3105 3106/3106 3102/3102
f 3107/3107 3102/3102 3106/3106
f 3107/3107 3106/3106 3108/3108
f 3106/3106 3105/3105 3109/3109
f 3110/3110 3105/3105 3104/3104
f 3110/3110 3109/3109 3105/3105
f 3110/3110 3104/3104 3111/3111
f 3109/3109 3110/3110 3112/3112
f 3111/3111 3112/3112 3110/3110
f 3109/3109 3113/3113 3106/3106
f 3114/3114 3108/3108 3106/3106
f 3114/3114 3106/3106 3113/3113
f 3114/3114 3115/3115 3108/3108
f 3116/3116 3108/3108 3115/3115
f 3116/3116 3115/3115 3117/3117
f 3115/3115 3114/3114 3118/3118
f 3113/3113 3118/3118 3114/3114
f 3119/3119 3117/3117 3115/3115
f 3115/3115 3118/3118 3119/3119
f 3117/3117 3119/3119 3120/3120
f 3113/3113 3109/3109 3121/3121
f 3113/3113 3121/3121 3118/3118
f 3112/3112 3121/3121 3109/3109
f 3121/3121 3112/3112 3122/3122
f 3123/3123 3122/3122 3112/3112
f 3123/3123 3112/3112 3124/3124
f 3121/3121 3122/3122 3125/3125
f 3125/3125 3118/3118 3121/3121
f 3126/3126 3125/3125 3122/3122
f 3111/3111 3124/3124 3112/3112
f 3124/3124 3111/3111 3127/3127
f 3125/3125 3126/3126 3128/3128
f 3125/3125 3128/3128 3118/3118
f 3129/3129 3128/3128 3126/3126
f 3129/3129 3130/3130 3128/3128
f 3131/3131 3118/3118 3128/3128
f 3131/3131 3119/3119 3118/3118
f 3132/3132 3128/3128 3130/3130
f 3128/3128 3132/3132 3131/3131
f 3132/3132 3130/3130 3133/3133
f 3134/3134 3133/3133 3130/3130
f 3135/3135 3131/3131 3132/3132
f 3132/3132 3133/3133 3135/3135
f 3119/3119 3131/3131 3136/3136
f 3135/3135 3136/3136 3131/3131
f 3136/3136 3120/3120 3119/3119
f 3120/3120 3136/3136 3137/3137
f 3133/3133 3134/3134 3138/3138
f 3139/3139 3138/3138 3134/3134
f 3140/3140 3135/3135 3133/3133
f 3136/3136 3135/3135 3141/3141
f 3141/3141 3137/3137 3136/3136
f 3140/3140 3141/3141 3135/3135
f 3140/3140 3133/3133 3142/3142
f 3138/3138 3142/3142 3133/3133
f 3140/3140 3142/3142 3141/3141
f 3141/3141 3143/3143 3137/3137
f 3143/3143 3141/3141 3142/3142
f 3144/3144 3137/3137 3143/3143
f 3144/3144 3143/3143 3145/3145
f 3146/3146 3145/3145 3143/3143
f 3143/3143 3142/3142 3146/3146
f 3145/3145 3146/3146 3147/3147
f 3138/3138 3148/3148 3142/3142
f 3139/3139 3148/3148 3138/3138
f 3149/3149 3148/3148 3139/3139
f 3150/3150 3142/3142 3148/3148
f 3150/3150 3146/3146 3142/3142
f 3148/3148 3149/3149 3151/3151
f 3151/3151 3150/3150 3148/3148
f 3152/3152 3151/3151 3149/3149
f 3153/3153 3147/3147 3146/3146
f 3150/3150 3153/3153 3146/3146
f 3147/3147 3153/3153 3154/3154
f 3151/3151 3152/3152 3155/3155
f 3154/3154 3155/3155 3152/3152
f 3155/3155 3150/3150 3151/3151
f 3155/3155 3154/3154 3153/3153
f 3155/3155 3153/3153 3150/3150
f 3158/3158 3157/3157 3156/3156
f 3159/3159 3156/3156 3157/3157
f 3159/3159 3157/3157 3160/3160
f 3156/3156 3161/3161 3158/3158
f 3162/3162 3160/3160 3157/3157
f 3160/3160 3162/3162 3163/3163
f 3157/3157 3158/3158 3164/3164
f 3157/3157 3164/3164 3162/3162
f 3165/3165 3158/3158 3161/3161
f 3161/3161 3166/3166 3165/3165
f 3167/3167 3165/3165 3166/3166
f 3158/3158 3165/3165 3168/3168
f 3168/3168 3164/3164 3158/3158
f 3165/3165 3167/3167 3169/3169
f 3169/3169 3168/3168 3165/3165
f 3170/3170 3169/3169 3167/3167
f 3170/3170 3171/3171 3169/3169
f 3172/3172 3169/3169 3171/3171
f 3171/3171 3173/3173 3172/3172
f 3168/3168 3169/3169 3174/3174
f 3175/3175 3169/3169 3172/3172
f 3175/3175 3174/3174 3169/3169
f 3176/3176 3172/3172 3173/3173
f 3173/3173 3177/3177 3176/3176
f 3175/3175 3172/3172 3178/3178
f 3176/3176 3178/3178 3172/3172
f 3179/3179 3175/3175 3178/3178
f 3175/3175 3179/3179 3174/3174
f 3176/3176 3180/3180 3178/3178
f 3181/3181 3176/3176 3177/3177
f 3176/3176 3181/3181 3180/3180
f 3177/3177 3182/3182 3181/3181
f 3183/3183 3181/3181 3182/3182
f 3182/3182 3184/3184 3183/3183
f 3185/3185 3180/3180 3181/3181
f 3183/3183 3185/3185 3181/3181
f 3180/3180 3186/3186 3178/3178
f 3178/3178 3186/3186 3179/3179
f 3187/3187 3183/3183 3184/3184
f 3184/3184 3188/3188 3187/3187
f 3189/3189 3187/3187 3188/3188
f 3188/3188 3190/3190 3189/3189
f 3183/3183 3187/3187 3191/3191
f 3192/3192 3189/3189 3190/3190
f 3190/3190 3193/3193 3192/3192
f 3187/3187 3189/3189 3194/3194
f 3194/3194 3191/3191 3187/3187
f 3192/3192 3195/3195 3189/3189
f 3194/3194 3196/3196 3191/3191
f 3196/3196 3194/3194 3197/3197
f 3198/3198 3191/3191 3196/3196
f 3199/3199 3197/3197 3194/3194
f 3199/3199 3194/3194 3189/3189
f 3199/3199 3189/3189 3195/3195
f 3197/3197 3199/3199 3200/3200
f 3195/3195 3200/3200 3199/3199
f 3200/3200 3195/3195 3201/3201
f 3191/3191 3198/3198 3202/3202
f 3191/3191 3202/3202 3183/3183
f 3203/3203 3202/3202 3198/3198
f 3185/3185 3183/3183 3202/3202
f 3204/3204 3201/3201 3195/3195
f 3201/3201 3204/3204 3205/3205
f 3204/3204 3195/3195 3206/3206
f 3192/3192 3206/3206 3195/3195
f 3206/3206 3192/3192 3193/3193
f 3204/3204 3206/3206 3207/3207
f 3207/3207 3205/3205 3204/3204
f 3206/3206 3193/3193 3208/3208
f 3208/3208 3207/3207 3206/3206
f 3209/3209 3208/3208 3193/3193
f 3207/3207 3210/3210 3205/3205
f 3211/3211 3205/3205 3210/3210
f 3212/3212 3207/3207 3208/3208
f 3210/3210 3207/3207 3212/3212
f 3208/3208 3209/3209 3213/3213
f 3213/3213 3212/3212 3208/3208
f 3214/3214 3213/3213 3209/3209
f 3212/3212 3215/3215 3210/3210
f 3212/3212 3213/3213 3215/3215
f 3210/3210 3216/3216 3211/3211
f 3216/3216 3210/3210 3215/3215
f 3217/3217 3211/3211 3216/3216
f 3213/3213 3214/3214 3218/3218
f 3218/3218 3215/3215 3213/3213
f 3219/3219 3218/3218 3214/3214
f 3218/3218 3219/3219 3220/3220
f 3218/3218 3220/3220 3215/3215
f 3221/3221 3220/3220 3219/3219
f 3221/3221 3222/3222 3220/3220
f 3223/3223 3215/3215 3220/3220
f 3223/3223 3220/3220 3222/3222
f 3215/3215 3223/3223 3216/3216
f 3222/3222 3224/3224 3223/3223
f 3225/3225 3216/3216 3223/3223
f 3223/3223 3224/3224 3225/3225
f 3216/3216 3225/3225 3217/3217
f 3226/3226 3225/3225 3224/3224
f 3226/3226 3217/3217 3225/3225
f 3202/3202 3203/3203 3227/3227
f 3228/3228 3227/3227 3203/3203
f 3227/3227 3228/3228 3229/3229
f 3230/3230 3229/3229 3228/3228
f 3229/3229 3230/3230 3231/3231
f 3232/3232 3231/3231 3230/3230
f 3232/3232 3233/3233 3231/3231
f 3227/3227 3234/3234 3202/3202
f 3229/3229 3235/3235 3227/3227
f 3234/3234 3227/3227 3235/3235
f 3236/3236 3202/3202 3234/3234
f 3202/3202 3236/3236 3185/3185
f 3180/3180 3185/3185 3236/3236
f 3234/3234 3237/3237 3236/3236
f 3234/3234 3235/3235 3237/3237
f 3236/3236 3238/3238 3180/3180
f 3238/3238 3236/3236 3237/3237
f 3186/3186 3180/3180 3238/3238
f 3239/3239 3237/3237 3235/3235
f 3235/3235 3229/3229 3240/3240
f 3231/3231 3240/3240 3229/3229
f 3235/3235 3240/3240 3239/3239
f 3238/3238 3241/3241 3186/3186
f 3237/3237 3242/3242 3238/3238
f 3241/3241 3238/3238 3242/3242
f 3242/3242 3237/3237 3243/3243
f 3239/3239 3243/3243 3237/3237
f 3242/3242 3244/3244 3241/3241
f 3242/3242 3243/3243 3244/3244
f 3245/3245 3186/3186 3241/3241
f 3245/3245 3179/3179 3186/3186
f 3241/3241 3246/3246 3245/3245
f 3246/3246 3241/3241 3244/3244
f 3245/3245 3247/3247 3179/3179
f 3247/3247 3245/3245 3246/3246
f 3179/3179 3247/3247 3248/3248
f 3248/3248 3174/3174 3179/3179
f 3246/3246 3249/3249 3247/3247
f 3244/3244 3250/3250 3246/3246
f 3249/3249 3246/3246 3250/3250
f 3251/3251 3248/3248 3247/3247
f 3251/3251 3247/3247 3249/3249
f 3248/3248 3252/3252 3174/3174
f 3248/3248 3251/3251 3252/3252
f 3251/3251 3249/3249 3253/3253
f 3253/3253 3252/3252 3251/3251
f 3254/3254 3253/3253 3249/3249
f 3249/3249 3250/3250 3254/3254
f 3252/3252 3253/3253 3255/3255
f 3256/3256 3174/3174 3252/3252
f 3256/3256 3168/3168 3174/3174
f 3168/3168 3256/3256 3164/3164
f 3256/3256 3252/3252 3257/3257
f 3257/3257 3164/3164 3256/3256
f 3255/3255 3257/3257 3252/3252
f 3164/3164 3257/3257 3258/3258
f 3258/3258 3162/3162 3164/3164
f 3259/3259 3258/3258 3257/3257
f 3257/3257 3255/3255 3259/3259
f 3162/3162 3258/3258 3260/3260
f 3260/3260 3163/3163 3162/3162
f 3163/3163 3260/3260 3261/3261
f 3262/3262 3260/3260 3258/3258
f 3258/3258 3259/3259 3262/3262
f 3263/3263 3261/3261 3260/3260
f 3260/3260 3262/3262 3263/3263
f 3261/3261 3263/3263 3026/3026
f 3025/3025 3026/3026 3263/3263
f 3263/3263 3264/3264 3025/3025
f 3264/3264 3263/3263 3262/3262
f 3027/3027 3025/3025 3264/3264
f 3265/3265 3262/3262 3259/3259
f 3262/3262 3265/3265 3264/3264
f 3027/3027 3264/3264 3266/3266
f 3266/3266 3028/3028 3027/3027
f 3028/3028 3266/3266 3031/3031
f 3267/3267 3266/3266 3264/3264
f 3267/3267 3264/3264 3265/3265
f 3268/3268 3031/3031 3266/3266
f 3266/3266 3267/3267 3268/3268
f 3031/3031 3268/3268 3097/3097
f 3267/3267 3265/3265 3269/3269
f 3269/3269 3268/3268 3267/3267
f 3270/3270 3097/3097 3268/3268
f 3268/3268 3269/3269 3270/3270
f 3270/3270 3271/3271 3097/3097
f 3272/3272 3270/3270 3269/3269
f 3270/3270 3272/3272 3271/3271
f 3273/3273 3269/3269 3265/3265
f 3269/3269 3273/3273 3272/3272
f 3265/3265 3259/3259 3273/3273
f 3103/3103 3097/3097 3271/3271
f 3274/3274 3273/3273 3259/3259
f 3274/3274 3259/3259 3255/3255
f 3275/3275 3272/3272 3273/3273
f 3273/3273 3274/3274 3275/3275
f 3274/3274 3255/3255 3276/3276
f 3276/3276 3275/3275 3274/3274
f 3277/3277 3276/3276 3255/3255
f 3277/3277 3255/3255 3253/3253
f 3253/3253 3254/3254 3277/3277
f 3275/3275 3278/3278 3272/3272
f 3275/3275 3276/3276 3278/3278
f 3279/3279 3277/3277 3254/3254
f 3276/3276 3277/3277 3280/3280
f 3279/3279 3280/3280 3277/3277
f 3280/3280 3278/3278 3276/3276
f 3279/3279 3254/3254 3281/3281
f 3279/3279 3281/3281 3280/3280
f 3282/3282 3281/3281 3254/3254
f 3282/3282 3254/3254 3250/3250
f 3283/3283 3280/3280 3281/3281
f 3280/3280 3283/3283 3278/3278
f 3281/3281 3282/3282 3284/3284
f 3281/3281 3284/3284 3283/3283
f 3282/3282 3250/3250 3285/3285
f 3286/3286 3284/3284 3282/3282
f 3282/3282 3285/3285 3286/3286
f 3284/3284 3286/3286 3287/3287
f 3288/3288 3283/3283 3284/3284
f 3284/3284 3287/3287 3288/3288
f 3289/3289 3278/3278 3283/3283
f 3283/3283 3288/3288 3289/3289
f 3278/3278 3289/3289 3290/3290
f 3291/3291 3289/3289 3288/3288
f 3289/3289 3291/3291 3290/3290
f 3288/3288 3292/3292 3291/3291
f 3292/3292 3288/3288 3287/3287
f 3293/3293 3291/3291 3292/3292
f 3294/3294 3287/3287 3286/3286
f 3294/3294 3286/3286 3295/3295
f 3285/3285 3295/3295 3286/3286
f 3294/3294 3296/3296 3287/3287
f 3295/3295 3297/3297 3294/3294
f 3296/3296 3294/3294 3297/3297
f 3285/3285 3298/3298 3295/3295
f 3299/3299 3295/3295 3298/3298
f 3295/3295 3299/3299 3297/3297
f 3300/3300 3297/3297 3299/3299
f 3285/3285 3301/3301 3298/3298
f 3302/3302 3298/3298 3301/3301
f 3297/3297 3300/3300 3303/3303
f 3304/3304 3303/3303 3300/3300
f 3304/3304 3305/3305 3303/3303
f 3303/3303 3306/3306 3297/3297
f 3296/3296 3297/3297 3306/3306
f 3307/3307 3303/3303 3305/3305
f 3307/3307 3305/3305 3308/3308
f 3309/3309 3308/3308 3305/3305
f 3307/3307 3310/3310 3303/3303
f 3306/3306 3303/3303 3310/3310
f 3308/3308 3311/3311 3307/3307
f 3310/3310 3307/3307 3311/3311
f 3308/3308 3309/3309 3312/3312
f 3308/3308 3312/3312 3311/3311
f 3313/3313 3312/3312 3309/3309
f 3313/3313 3314/3314 3312/3312
f 3315/3315 3311/3311 3312/3312
f 3316/3316 3312/3312 3314/3314
f 3312/3312 3316/3316 3315/3315
f 3314/3314 3317/3317 3316/3316
f 3318/3318 3316/3316 3317/3317
f 3317/3317 3319/3319 3318/3318
f 3311/3311 3320/3320 3310/3310
f 3311/3311 3315/3315 3320/3320
f 3321/3321 3315/3315 3316/3316
f 3316/3316 3318/3318 3321/3321
f 3321/3321 3322/3322 3315/3315
f 3323/3323 3318/3318 3319/3319
f 3323/3323 3319/3319 3324/3324
f 3325/3325 3324/3324 3319/3319
f 3325/3325 3326/3326 3324/3324
f 3324/3324 3327/3327 3323/3323
f 3327/3327 3324/3324 3326/3326
f 3327/3327 3326/3326 3328/3328
f 3329/3329 3328/3328 3326/3326
f 3328/3328 3330/3330 3327/3327
f 3328/3328 3329/3329 3330/3330
f 3331/3331 3323/3323 3327/3327
f 3323/3323 3331/3331 3318/3318
f 3331/3331 3327/3327 3330/3330
f 3332/3332 3318/3318 3331/3331
f 3331/3331 3330/3330 3332/3332
f 3332/3332 3321/3321 3318/3318
f 3332/3332 3333/3333 3321/3321
f 3333/3333 3332/3332 3330/3330
f 3322/3322 3321/3321 3333/3333
f 3334/3334 3330/3330 3329/3329
f 3330/3330 3334/3334 3333/3333
f 3329/3329 3335/3335 3334/3334
f 3329/3329 3336/3336 3335/3335
f 3337/3337 3333/3333 3334/3334
f 3333/3333 3337/3337 3322/3322
f 3338/3338 3334/3334 3335/3335
f 3334/3334 3338/3338 3337/3337
f 3339/3339 3335/3335 3336/3336
f 3336/3336 3340/3340 3339/3339
f 3335/3335 3341/3341 3338/3338
f 3339/3339 3341/3341 3335/3335
f 3342/3342 3339/3339 3340/3340
f 3339/3339 3342/3342 3341/3341
f 3340/3340 3343/3343 3342/3342
f 3344/3344 3342/3342 3343/3343
f 3341/3341 3342/3342 3344/3344
f 3343/3343 3345/3345 3344/3344
f 3341/3341 3346/3346 3338/3338
f 3341/3341 3344/3344 3346/3346
f 3347/3347 3344/3344 3345/3345
f 3347/3347 3346/3346 3344/3344
f 3345/3345 3348/3348 3347/3347
f 3349/3349 3347/3347 3348/3348
f 3347/3347 3349/3349 3346/3346
f 3348/3348 3350/3350 3349/3349
f 3351/3351 3338/3338 3346/3346
f 3337/3337 3338/3338 3351/3351
f 3352/3352 3346/3346 3349/3349
f 3346/3346 3352/3352 3351/3351
f 3353/3353 3349/3349 3350/3350
f 3349/3349 3353/3353 3352/3352
f 3350/3350 3354/3354 3353/3353
f 3337/3337 3351/3351 3355/3355
f 3355/3355 3322/3322 3337/3337
f 3356/3356 3351/3351 3352/3352
f 3356/3356 3355/3355 3351/3351
f 3357/3357 3352/3352 3353/3353
f 3352/3352 3357/3357 3356/3356
f 3358/3358 3353/3353 3354/3354
f 3353/3353 3358/3358 3357/3357
f 3358/3358 3354/3354 3359/3359
f 3360/3360 3359/3359 3354/3354
f 3361/3361 3357/3357 3358/3358
f 3358/3358 3359/3359 3361/3361
f 3360/3360 3362/3362 3359/3359
f 3357/3357 3361/3361 3363/3363
f 3363/3363 3356/3356 3357/3357
f 3356/3356 3363/3363 3355/3355
f 3364/3364 3363/3363 3361/3361
f 3365/3365 3355/3355 3363/3363
f 3363/3363 3364/3364 3365/3365
f 3365/3365 3366/3366 3355/3355
f 3322/3322 3355/3355 3366/3366
f 3366/3366 3315/3315 3322/3322
f 3366/3366 3320/3320 3315/3315
f 3365/3365 3367/3367 3366/3366
f 3320/3320 3366/3366 3367/3367
f 3367/3367 3365/3365 3364/3364
f 3367/3367 3368/3368 3320/3320
f 3367/3367 3364/3364 3368/3368
f 3361/3361 3369/3369 3364/3364
f 3369/3369 3361/3361 3359/3359
f 3370/3370 3364/3364 3369/3369
f 3370/3370 3368/3368 3364/3364
f 3359/3359 3371/3371 3369/3369
f 3371/3371 3359/3359 3362/3362
f 3362/3362 3372/3372 3371/3371
f 3373/3373 3369/3369 3371/3371
f 3369/3369 3373/3373 3370/3370
f 3374/3374 3371/3371 3372/3372
f 3371/3371 3374/3374 3373/3373
f 3374/3374 3372/3372 3375/3375
f 3376/3376 3375/3375 3372/3372
f 3376/3376 3377/3377 3375/3375
f 3378/3378 3375/3375 3377/3377
f 3377/3377 3379/3379 3378/3378
f 3375/3375 3380/3380 3374/3374
f 3381/3381 3373/3373 3374/3374
f 3381/3381 3374/3374 3380/3380
f 3373/3373 3381/3381 3382/3382
f 3382/3382 3370/3370 3373/3373
f 3381/3381 3380/3380 3383/3383
f 3383/3383 3382/3382 3381/3381
f 3382/3382 3384/3384 3370/3370
f 3382/3382 3383/3383 3384/3384
f 3368/3368 3370/3370 3384/3384
f 3380/3380 3375/3375 3385/3385
f 3378/3378 3385/3385 3375/3375
f 3293/3293 3383/3383 3380/3380
f 3380/3380 3385/3385 3293/3293
f 3291/3291 3293/3293 3385/3385
f 3385/3385 3290/3290 3291/3291
f 3385/3385 3378/3378 3290/3290
f 3383/3383 3293/3293 3386/3386
f 3386/3386 3384/3384 3383/3383
f 3292/3292 3386/3386 3293/3293
f 3384/3384 3386/3386 3387/3387
f 3384/3384 3387/3387 3368/3368
f 3386/3386 3292/3292 3388/3388
f 3388/3388 3387/3387 3386/3386
f 3287/3287 3388/3388 3292/3292
f 3388/3388 3287/3287 3296/3296
f 3296/3296 3306/3306 3388/3388
f 3387/3387 3388/3388 3306/3306
f 3389/3389 3368/3368 3387/3387
f 3387/3387 3306/3306 3389/3389
f 3389/3389 3320/3320 3368/3368
f 3310/3310 3389/3389 3306/3306
f 3389/3389 3310/3310 3320/3320
f 3278/3278 3290/3290 3390/3390
f 3390/3390 3272/3272 3278/3278
f 3390/3390 3271/3271 3272/3272
f 3290/3290 3391/3391 3390/3390
f 3391/3391 3290/3290 3378/3378
f 3391/3391 3392/3392 3390/3390
f 3378/3378 3393/3393 3391/3391
f 3392/3392 3391/3391 3393/3393
f 3378/3378 3394/3394 3393/3393
f 3394/3394 3378/3378 3379/3379
f 3379/3379 3395/3395 3394/3394
f 3392/3392 3396/3396 3390/3390
f 3396/3396 3271/3271 3390/3390
f 3393/3393 3397/3397 3392/3392
f 3396/3396 3392/3392 3397/3397
f 3394/3394 3398/3398 3393/3393
f 3397/3397 3393/3393 3398/3398
f 3399/3399 3394/3394 3395/3395
f 3400/3400 3271/3271 3396/3396
f 3396/3396 3397/3397 3400/3400
f 3399/3399 3395/3395 3401/3401
f 3402/3402 3400/3400 3397/3397
f 3397/3397 3398/3398 3402/3402
f 3399/3399 3403/3403 3394/3394
f 3398/3398 3394/3394 3403/3403
f 3399/3399 3401/3401 3403/3403
f 3404/3404 3401/3401 3395/3395
f 3403/3403 3405/3405 3398/3398
f 3406/3406 3403/3403 3401/3401
f 3403/3403 3406/3406 3405/3405
f 3401/3401 3404/3404 3407/3407
f 3408/3408 3407/3407 3404/3404
f 3406/3406 3401/3401 3409/3409
f 3407/3407 3409/3409 3401/3401
f 3406/3406 3409/3409 3410/3410
f 3410/3410 3405/3405 3406/3406
f 3411/3411 3398/3398 3405/3405
f 3411/3411 3402/3402 3398/3398
f 3410/3410 3412/3412 3405/3405
f 3413/3413 3405/3405 3412/3412
f 3405/3405 3413/3413 3411/3411
f 3414/3414 3411/3411 3413/3413
f 3414/3414 3415/3415 3411/3411
f 3410/3410 3416/3416 3412/3412
f 3416/3416 3410/3410 3409/3409
f 3417/3417 3412/3412 3416/3416
f 3417/3417 3416/3416 3418/3418
f 3419/3419 3411/3411 3415/3415
f 3419/3419 3402/3402 3411/3411
f 3415/3415 3420/3420 3419/3419
f 3409/3409 3421/3421 3416/3416
f 3409/3409 3407/3407 3421/3421
f 3422/3422 3418/3418 3416/3416
f 3422/3422 3416/3416 3421/3421
f 3422/3422 3423/3423 3418/3418
f 3424/3424 3418/3418 3423/3423
f 3421/3421 3425/3425 3422/3422
f 3423/3423 3422/3422 3425/3425
f 3426/3426 3421/3421 3407/3407
f 3421/3421 3426/3426 3425/3425
f 3407/3407 3408/3408 3426/3426
f 3427/3427 3426/3426 3408/3408
f 3426/3426 3427/3427 3428/3428
f 3428/3428 3425/3425 3426/3426
f 3429/3429 3428/3428 3427/3427
f 3425/3425 3430/3430 3423/3423
f 3425/3425 3428/3428 3430/3430
f 3423/3423 3431/3431 3424/3424
f 3431/3431 3423/3423 3430/3430
f 3432/3432 3424/3424 3431/3431
f 3428/3428 3429/3429 3433/3433
f 3433/3433 3430/3430 3428/3428
f 3434/3434 3433/3433 3429/3429
f 3430/3430 3435/3435 3431/3431
f 3430/3430 3433/3433 3435/3435
f 3431/3431 3436/3436 3432/3432
f 3436/3436 3431/3431 3435/3435
f 3437/3437 3432/3432 3436/3436
f 3433/3433 3434/3434 3438/3438
f 3438/3438 3435/3435 3433/3433
f 3439/3439 3438/3438 3434/3434
f 3435/3435 3440/3440 3436/3436
f 3435/3435 3438/3438 3440/3440
f 3436/3436 3441/3441 3437/3437
f 3441/3441 3436/3436 3440/3440
f 3442/3442 3437/3437 3441/3441
f 3438/3438 3439/3439 3443/3443
f 3443/3443 3440/3440 3438/3438
f 3444/3444 3443/3443 3439/3439
f 3443/3443 3444/3444 3445/3445
f 3445/3445 3440/3440 3443/3443
f 3446/3446 3445/3445 3444/3444
f 3441/3441 3447/3447 3442/3442
f 3440/3440 3447/3447 3441/3441
f 3448/3448 3442/3442 3447/3447
f 3448/3448 3447/3447 3449/3449
f 3445/3445 3446/3446 3450/3450
f 3449/3449 3450/3450 3446/3446
f 3450/3450 3440/3440 3445/3445
f 3450/3450 3449/3449 3447/3447
f 3450/3450 3447/3447 3440/3440
f 3452/3452 3451/3451 3103/3103
f 3451/3451 3453/3453 3103/3103
f 3453/3453 3100/3100 3103/3103
f 3271/3271 3452/3452 3103/3103
f 3451/3451 3454/3454 3453/3453
f 3451/3451 3452/3452 3454/3454
f 3453/3453 3455/3455 3100/3100
f 3455/3455 3453/3453 3454/3454
f 3104/3104 3100/3100 3455/3455
f 3455/3455 3111/3111 3104/3104
f 3456/3456 3111/3111 3455/3455
f 3456/3456 3455/3455 3454/3454
f 3456/3456 3127/3127 3111/3111
f 3127/3127 3456/3456 3457/3457
f 3458/3458 3457/3457 3456/3456
f 3456/3456 3454/3454 3458/3458
f 3457/3457 3458/3458 3459/3459
f 3458/3458 3454/3454 3460/3460
f 3461/3461 3459/3459 3458/3458
f 3458/3458 3460/3460 3461/3461
f 3459/3459 3461/3461 3462/3462
f 3463/3463 3460/3460 3454/3454
f 3463/3463 3454/3454 3452/3452
f 3464/3464 3461/3461 3460/3460
f 3452/3452 3465/3465 3463/3463
f 3465/3465 3452/3452 3271/3271
f 3400/3400 3465/3465 3271/3271
f 3400/3400 3402/3402 3465/3465
f 3466/3466 3463/3463 3465/3465
f 3466/3466 3465/3465 3402/3402
f 3463/3463 3466/3466 3460/3460
f 3419/3419 3466/3466 3402/3402
f 3467/3467 3460/3460 3466/3466
f 3419/3419 3467/3467 3466/3466
f 3460/3460 3467/3467 3464/3464
f 3467/3467 3419/3419 3420/3420
f 3467/3467 3420/3420 3468/3468
f 3468/3468 3464/3464 3467/3467
f 3469/3469 3468/3468 3420/3420
f 3469/3469 3470/3470 3468/3468
f 3468/3468 3471/3471 3464/3464
f 3471/3471 3468/3468 3470/3470
f 3471/3471 3470/3470 3472/3472
f 3473/3473 3472/3472 3470/3470
f 3474/3474 3464/3464 3471/3471
f 3471/3471 3472/3472 3474/3474
f 3473/3473 3475/3475 3472/3472
f 3474/3474 3476/3476 3464/3464
f 3461/3461 3464/3464 3476/3476
f 3476/3476 3462/3462 3461/3461
f 3474/3474 3477/3477 3476/3476
f 3477/3477 3474/3474 3472/3472
f 3476/3476 3478/3478 3462/3462
f 3478/3478 3476/3476 3477/3477
f 3479/3479 3462/3462 3478/3478
f 3479/3479 3478/3478 3480/3480
f 3481/3481 3480/3480 3478/3478
f 3478/3478 3477/3477 3481/3481
f 3480/3480 3481/3481 3482/3482
f 3477/3477 3472/3472 3483/3483
f 3483/3483 3481/3481 3477/3477
f 3484/3484 3472/3472 3475/3475
f 3484/3484 3483/3483 3472/3472
f 3475/3475 3485/3485 3484/3484
f 3483/3483 3486/3486 3481/3481
f 3483/3483 3484/3484 3486/3486
f 3487/3487 3482/3482 3481/3481
f 3487/3487 3481/3481 3486/3486
f 3482/3482 3487/3487 3488/3488
f 3489/3489 3486/3486 3484/3484
f 3489/3489 3484/3484 3485/3485
f 3489/3489 3485/3485 3490/3490
f 3489/3489 3490/3490 3486/3486
f 3491/3491 3490/3490 3485/3485
f 3486/3486 3492/3492 3487/3487
f 3492/3492 3486/3486 3490/3490
f 3493/3493 3488/3488 3487/3487
f 3493/3493 3487/3487 3492/3492
f 3493/3493 3494/3494 3488/3488
f 3493/3493 3492/3492 3494/3494
f 3495/3495 3488/3488 3494/3494
f 3490/3490 3491/3491 3496/3496
f 3490/3490 3496/3496 3492/3492
f 3497/3497 3496/3496 3491/3491
f 3498/3498 3494/3494 3492/3492
f 3498/3498 3492/3492 3496/3496
f 3494/3494 3499/3499 3495/3495
f 3494/3494 3498/3498 3499/3499
f 3500/3500 3495/3495 3499/3499
f 3497/3497 3501/3501 3496/3496
f 3496/3496 3501/3501 3498/3498
f 3502/3502 3501/3501 3497/3497
f 3503/3503 3499/3499 3498/3498
f 3503/3503 3498/3498 3501/3501
f 3499/3499 3504/3504 3500/3500
f 3503/3503 3504/3504 3499/3499
f 3505/3505 3500/3500 3504/3504
f 3504/3504 3506/3506 3505/3505
f 3506/3506 3504/3504 3503/3503
f 3507/3507 3505/3505 3506/3506
f 3508/3508 3503/3503 3501/3501
f 3506/3506 3503/3503 3508/3508
f 3501/3501 3502/3502 3508/3508
f 3506/3506 3508/3508 3507/3507
f 3509/3509 3508/3508 3502/3502
f 3509/3509 3507/3507 3508/3508
f 3510/3510 3285/3285 3250/3250
f 3250/3250 3244/3244 3510/3510
f 3285/3285 3510/3510 3301/3301
f 3511/3511 3510/3510 3244/3244
f 3512/3512 3301/3301 3510/3510
f 3511/3511 3244/3244 3243/3243
f 3512/3512 3510/3510 3513/3513
f 3511/3511 3513/3513 3510/3510
f 3512/3512 3514/3514 3301/3301
f 3512/3512 3513/3513 3514/3514
f 3511/3511 3515/3515 3513/3513
f 3516/3516 3513/3513 3515/3515
f 3513/3513 3516/3516 3517/3517
f 3517/3517 3514/3514 3513/3513
f 3518/3518 3517/3517 3516/3516
f 3517/3517 3518/3518 3519/3519
f 3517/3517 3519/3519 3514/3514
f 3520/3520 3519/3519 3518/3518
f 3520/3520 3521/3521 3519/3519
f 3511/3511 3522/3522 3515/3515
f 3523/3523 3515/3515 3522/3522
f 3522/3522 3511/3511 3524/3524
f 3243/3243 3524/3524 3511/3511
f 3522/3522 3525/3525 3523/3523
f 3526/3526 3523/3523 3525/3525
f 3524/3524 3527/3527 3522/3522
f 3525/3525 3522/3522 3527/3527
f 3524/3524 3243/3243 3528/3528
f 3524/3524 3528/3528 3527/3527
f 3239/3239 3528/3528 3243/3243
f 3525/3525 3529/3529 3526/3526
f 3530/3530 3526/3526 3529/3529
f 3527/3527 3531/3531 3525/3525
f 3529/3529 3525/3525 3531/3531
f 3530/3530 3529/3529 3532/3532
f 3239/3239 3533/3533 3528/3528
f 3534/3534 3528/3528 3533/3533
f 3239/3239 3535/3535 3533/3533
f 3528/3528 3534/3534 3536/3536
f 3536/3536 3527/3527 3528/3528
f 3527/3527 3536/3536 3531/3531
f 3537/3537 3536/3536 3534/3534
f 3535/3535 3239/3239 3240/3240
f 3538/3538 3533/3533 3535/3535
f 3536/3536 3537/3537 3539/3539
f 3539/3539 3531/3531 3536/3536
f 3540/3540 3539/3539 3537/3537
f 3540/3540 3541/3541 3539/3539
f 3542/3542 3539/3539 3541/3541
f 3539/3539 3542/3542 3531/3531
f 3541/3541 3543/3543 3542/3542
f 3544/3544 3531/3531 3542/3542
f 3531/3531 3544/3544 3529/3529
f 3545/3545 3542/3542 3543/3543
f 3542/3542 3545/3545 3544/3544
f 3546/3546 3529/3529 3544/3544
f 3546/3546 3532/3532 3529/3529
f 3547/3547 3544/3544 3545/3545
f 3544/3544 3547/3547 3546/3546
f 3546/3546 3548/3548 3532/3532
f 3548/3548 3546/3546 3547/3547
f 3549/3549 3532/3532 3548/3548
f 3547/3547 3545/3545 3550/3550
f 3547/3547 3550/3550 3548/3548
f 3545/3545 3543/3543 3551/3551
f 3551/3551 3550/3550 3545/3545
f 3552/3552 3551/3551 3543/3543
f 3552/3552 3553/3553 3551/3551
f 3548/3548 3554/3554 3549/3549
f 3554/3554 3548/3548 3550/3550
f 3555/3555 3549/3549 3554/3554
f 3555/3555 3554/3554 3556/3556
f 3557/3557 3551/3551 3553/3553
f 3551/3551 3557/3557 3550/3550
f 3553/3553 3558/3558 3557/3557
f 3559/3559 3556/3556 3554/3554
f 3554/3554 3550/3550 3559/3559
f 3556/3556 3559/3559 3560/3560
f 3561/3561 3550/3550 3557/3557
f 3561/3561 3559/3559 3550/3550
f 3562/3562 3560/3560 3559/3559
f 3559/3559 3561/3561 3562/3562
f 3560/3560 3562/3562 3563/3563
f 3561/3561 3557/3557 3564/3564
f 3564/3564 3562/3562 3561/3561
f 3565/3565 3564/3564 3557/3557
f 3565/3565 3557/3557 3558/3558
f 3562/3562 3564/3564 3566/3566
f 3566/3566 3563/3563 3562/3562
f 3564/3564 3565/3565 3567/3567
f 3567/3567 3566/3566 3564/3564
f 3565/3565 3558/3558 3568/3568
f 3568/3568 3567/3567 3565/3565
f 3569/3569 3568/3568 3558/3558
f 3568/3568 3569/3569 3570/3570
f 3568/3568 3570/3570 3567/3567
f 3571/3571 3570/3570 3569/3569
f 3571/3571 3572/3572 3570/3570
f 3573/3573 3567/3567 3570/3570
f 3573/3573 3570/3570 3572/3572
f 3567/3567 3573/3573 3566/3566
f 3573/3573 3572/3572 3574/3574
f 3574/3574 3566/3566 3573/3573
f 3566/3566 3574/3574 3563/3563
f 3575/3575 3574/3574 3572/3572
f 3575/3575 3563/3563 3574/3574
f 3576/3576 3301/3301 3514/3514
f 3301/3301 3576/3576 3302/3302
f 3577/3577 3302/3302 3576/3576
f 3514/3514 3578/3578 3576/3576
f 3576/3576 3579/3579 3577/3577
f 3579/3579 3576/3576 3578/3578
f 3580/3580 3577/3577 3579/3579
f 3580/3580 3579/3579 3581/3581
f 3578/3578 3514/3514 3519/3519
f 3582/3582 3581/3581 3579/3579
f 3579/3579 3578/3578 3582/3582
f 3582/3582 3583/3583 3581/3581
f 3584/3584 3581/3581 3583/3583
f 3585/3585 3582/3582 3578/3578
f 3582/3582 3585/3585 3583/3583
f 3519/3519 3586/3586 3578/3578
f 3585/3585 3578/3578 3586/3586
f 3586/3586 3519/3519 3521/3521
f 3587/3587 3583/3583 3585/3585
f 3585/3585 3586/3586 3587/3587
f 3586/3586 3521/3521 3588/3588
f 3588/3588 3587/3587 3586/3586
f 3589/3589 3588/3588 3521/3521
f 3587/3587 3590/3590 3583/3583
f 3587/3587 3588/3588 3590/3590
f 3588/3588 3589/3589 3591/3591
f 3591/3591 3590/3590 3588/3588
f 3592/3592 3591/3591 3589/3589
f 3592/3592 3593/3593 3591/3591
f 3594/3594 3591/3591 3593/3593
f 3593/3593 3595/3595 3594/3594
f 3590/3590 3591/3591 3596/3596
f 3594/3594 3596/3596 3591/3591
f 3597/3597 3594/3594 3595/3595
f 3594/3594 3597/3597 3596/3596
f 3595/3595 3598/3598 3597/3597
f 3599/3599 3597/3597 3598/3598
f 3598/3598 3600/3600 3599/3599
f 3601/3601 3599/3599 3600/3600
f 3599/3599 3602/3602 3597/3597
f 3599/3599 3601/3601 3602/3602
f 3601/3601 3600/3600 3603/3603
f 3603/3603 3602/3602 3601/3601
f 3604/3604 3603/3603 3600/3600
f 3603/3603 3604/3604 3605/3605
f 3603/3603 3605/3605 3602/3602
f 3606/3606 3605/3605 3604/3604
f 3607/3607 3597/3597 3602/3602
f 3607/3607 3596/3596 3597/3597
f 3608/3608 3602/3602 3605/3605
f 3605/3605 3606/3606 3608/3608
f 3602/3602 3608/3608 3607/3607
f 3609/3609 3608/3608 3606/3606
f 3610/3610 3607/3607 3608/3608
f 3608/3608 3609/3609 3610/3610
f 3607/3607 3610/3610 3596/3596
f 3611/3611 3610/3610 3609/3609
f 3612/3612 3596/3596 3610/3610
f 3610/3610 3611/3611 3612/3612
f 3596/3596 3612/3612 3590/3590
f 3613/3613 3612/3612 3611/3611
f 3614/3614 3590/3590 3612/3612
f 3612/3612 3613/3613 3614/3614
f 3614/3614 3583/3583 3590/3590
f 3615/3615 3614/3614 3613/3613
f 3583/3583 3614/3614 3584/3584
f 3615/3615 3584/3584 3614/3614
f 3618/3618 3617/3617 3616/3616
f 3619/3619 3616/3616 3617/3617
f 3619/3619 3620/3620 3616/3616
f 3618/3618 3621/3621 3617/3617
f 3622/3622 3617/3617 3621/3621
f 3622/3622 3621/3621 3623/3623
f 3618/3618 3624/3624 3621/3621
f 3618/3618 3616/3616 3624/3624
f 3625/3625 3623/3623 3621/3621
f 3625/3625 3621/3621 3624/3624
f 3626/3626 3616/3616 3620/3620
f 3626/3626 3624/3624 3616/3616
f 3620/3620 3627/3627 3626/3626
f 3625/3625 3628/3628 3623/3623
f 3624/3624 3629/3629 3625/3625
f 3624/3624 3626/3626 3629/3629
f 3628/3628 3625/3625 3629/3629
f 3630/3630 3623/3623 3628/3628
f 3631/3631 3629/3629 3626/3626
f 3631/3631 3626/3626 3627/3627
f 3629/3629 3632/3632 3628/3628
f 3629/3629 3631/3631 3632/3632
f 3628/3628 3633/3633 3630/3630
f 3633/3633 3628/3628 3632/3632
f 3634/3634 3630/3630 3633/3633
f 3631/3631 3627/3627 3635/3635
f 3635/3635 3632/3632 3631/3631
f 3636/3636 3635/3635 3627/3627
f 3632/3632 3637/3637 3633/3633
f 3632/3632 3635/3635 3637/3637
f 3633/3633 3638/3638 3634/3634
f 3638/3638 3633/3633 3637/3637
f 3639/3639 3634/3634 3638/3638
f 3639/3639 3638/3638 3640/3640
f 3635/3635 3636/3636 3641/3641
f 3641/3641 3637/3637 3635/3635
f 3642/3642 3641/3641 3636/3636
f 3642/3642 3643/3643 3641/3641
f 3641/3641 3644/3644 3637/3637
f 3644/3644 3641/3641 3643/3643
f 3637/3637 3645/3645 3638/3638
f 3645/3645 3637/3637 3644/3644
f 3646/3646 3640/3640 3638/3638
f 3646/3646 3638/3638 3645/3645
f 3646/3646 3647/3647 3640/3640
f 3645/3645 3648/3648 3646/3646
f 3645/3645 3644/3644 3648/3648
f 3647/3647 3646/3646 3648/3648
f 3649/3649 3640/3640 3647/3647
f 3650/3650 3648/3648 3644/3644
f 3644/3644 3643/3643 3650/3650
f 3651/3651 3650/3650 3643/3643
f 3648/3648 3650/3650 3652/3652
f 3648/3648 3652/3652 3647/3647
f 3650/3650 3651/3651 3653/3653
f 3653/3653 3652/3652 3650/3650
f 3654/3654 3653/3653 3651/3651
f 3654/3654 3655/3655 3653/3653
f 3656/3656 3653/3653 3655/3655
f 3653/3653 3656/3656 3652/3652
f 3655/3655 3538/3538 3656/3656
f 3535/3535 3656/3656 3538/3538
f 3656/3656 3535/3535 3657/3657
f 3657/3657 3652/3652 3656/3656
f 3240/3240 3657/3657 3535/3535
f 3240/3240 3231/3231 3657/3657
f 3658/3658 3657/3657 3231/3231
f 3657/3657 3658/3658 3652/3652
f 3658/3658 3231/3231 3233/3233
f 3659/3659 3652/3652 3658/3658
f 3658/3658 3233/3233 3659/3659
f 3659/3659 3647/3647 3652/3652
f 3660/3660 3659/3659 3233/3233
f 3647/3647 3659/3659 3649/3649
f 3660/3660 3649/3649 3659/3659
f 3661/3661 3069/3069 3078/3078
f 3661/3661 3070/3070 3069/3069
f 3070/3070 3661/3661 3662/3662
f 3663/3663 3662/3662 3661/3661
f 3078/3078 3664/3664 3661/3661
f 3663/3663 3661/3661 3664/3664
f 3663/3663 3665/3665 3662/3662
f 3663/3663 3664/3664 3665/3665
f 3665/3665 3666/3666 3662/3662
f 3664/3664 3078/3078 3667/3667
f 3077/3077 3667/3667 3078/3078
f 3077/3077 3085/3085 3667/3667
f 3668/3668 3667/3667 3085/3085
f 3668/3668 3085/3085 3086/3086
f 3086/3086 3669/3669 3668/3668
f 3668/3668 3669/3669 3667/3667
f 3670/3670 3669/3669 3086/3086
f 3670/3670 3671/3671 3669/3669
f 3672/3672 3667/3667 3669/3669
f 3667/3667 3672/3672 3664/3664
f 3673/3673 3669/3669 3671/3671
f 3673/3673 3672/3672 3669/3669
f 3671/3671 3674/3674 3673/3673
f 3675/3675 3664/3664 3672/3672
f 3672/3672 3673/3673 3675/3675
f 3675/3675 3665/3665 3664/3664
f 3676/3676 3673/3673 3674/3674
f 3676/3676 3675/3675 3673/3673
f 3665/3665 3675/3675 3676/3676
f 3674/3674 3666/3666 3676/3676
f 3665/3665 3676/3676 3666/3666
g soviet_gunner_officer_1_1
usemtl 031fc55a-68f8-493e-8211-cac5829bc33a
f 3679/3679 3678/3678 3677/3677
f 3680/3680 3677/3677 3678/3678
f 3680/3680 3681/3681 3677/3677
f 3682/3682 3677/3677 3681/3681
f 3685/3685 3684/3684 3683/3683
f 3684/3684 3685/3685 3686/3686
f 3687/3687 3686/3686 3685/3685
f 3687/3687 3685/3685 3688/3688
f 3683/3683 3688/3688 3685/3685
f 3689/3689 3684/3684 3686/3686
f 3688/3688 3683/3683 3690/3690
f 3691/3691 3683/3683 3684/3684
f 3691/3691 3690/3690 3683/3683
f 3684/3684 3689/3689 3691/3691
f 3692/3692 3690/3690 3691/3691
f 3692/3692 3691/3691 3689/3689
f 3695/3695 3694/3694 3693/3693
f 3696/3696 3693/3693 3694/3694
f 3696/3696 3697/3697 3693/3693
f 3698/3698 3693/3693 3697/3697
f 3701/3701 3700/3700 3699/3699
f 3700/3700 3701/3701 3702/3702
f 3703/3703 3702/3702 3701/3701
f 3703/3703 3701/3701 3704/3704
f 3699/3699 3704/3704 3701/3701
f 3705/3705 3700/3700 3702/3702
f 3704/3704 3699/3699 3706/3706
f 3707/3707 3699/3699 3700/3700
f 3707/3707 3706/3706 3699/3699
f 3700/3700 3705/3705 3707/3707
f 3708/3708 3706/3706 3707/3707
f 3708/3708 3707/3707 3705/3705
f 3711/3711 3710/3710 3709/3709
f 3712/3712 3709/3709 3710/3710
f 3711/3711 3713/3713 3710/3710
f 3714/3714 3710/3710 3713/3713
f 3714/3714 3713/3713 3715/3715
f 3716/3716 3715/3715 3713/3713
f 3716/3716 3717/3717 3715/3715
f 3718/3718 3715/3715 3717/3717
f 3718/3718 3717/3717 3719/3719
f 3720/3720 3719/3719 3717/3717
f 3719/3719 3720/3720 3721/3721
f 3722/3722 3721/3721 3720/3720
f 3725/3725 3724/3724 3723/3723
f 3726/3726 3723/3723 3724/3724
f 3724/3724 3727/3727 3726/3726
f 3724/3724 3725/3725 3727/3727
f 3728/3728 3726/3726 3727/3727
f 3726/3726 3728/3728 3723/3723
f 3729/3729 3727/3727 3725/3725
f 3730/3730 3723/3723 3728/3728
f 3729/3729 3725/3725 3731/3731
f 3730/3730 3732/3732 3723/3723
f 3733/3733 3731/3731 3725/3725
f 3725/3725 3723/3723 3733/3733
f 3734/3734 3723/3723 3732/3732
f 3734/3734 3733/3733 3723/3723
f 3734/3734 3732/3732 3735/3735
f 3734/3734 3735/3735 3733/3733
f 3736/3736 3735/3735 3732/3732
f 3733/3733 3737/3737 3731/3731
f 3737/3737 3733/3733 3735/3735
f 3738/3738 3731/3731 3737/3737
f 3737/3737 3739/3739 3738/3738
f 3737/3737 3735/3735 3739/3739
f 3740/3740 3738/3738 3739/3739
f 3735/3735 3736/3736 3741/3741
f 3741/3741 3739/3739 3735/3735
f 3742/3742 3741/3741 3736/3736
f 3741/3741 3742/3742 3743/3743
f 3741/3741 3743/3743 3739/3739
f 3744/3744 3743/3743 3742/3742
f 3739/3739 3745/3745 3740/3740
f 3745/3745 3739/3739 3743/3743
f 3746/3746 3740/3740 3745/3745
f 3744/3744 3747/3747 3743/3743
f 3746/3746 3745/3745 3748/3748
f 3749/3749 3743/3743 3747/3747
f 3747/3747 3748/3748 3749/3749
f 3743/3743 3749/3749 3745/3745
f 3750/3750 3749/3749 3748/3748
f 3750/3750 3745/3745 3749/3749
f 3750/3750 3748/3748 3745/3745
f 3753/3753 3752/3752 3751/3751
f 3753/3753 3754/3754 3752/3752
f 3755/3755 3751/3751 3752/3752
f 3756/3756 3752/3752 3754/3754
f 3751/3751 3755/3755 3757/3757
f 3754/3754 3758/3758 3756/3756
f 3759/3759 3757/3757 3755/3755
f 3760/3760 3756/3756 3758/3758
f 3759/3759 3761/3761 3757/3757
f 3758/3758 3762/3762 3760/3760
f 3763/3763 3757/3757 3761/3761
f 3764/3764 3760/3760 3762/3762
f 3761/3761 3765/3765 3763/3763
f 3764/3764 3762/3762 3766/3766
f 3767/3767 3763/3763 3765/3765
f 3768/3768 3766/3766 3762/3762
f 3765/3765 3769/3769 3767/3767
f 3766/3766 3768/3768 3770/3770
f 3771/3771 3767/3767 3769/3769
f 3772/3772 3770/3770 3768/3768
f 3769/3769 3773/3773 3771/3771
f 3770/3770 3772/3772 3774/3774
f 3775/3775 3771/3771 3773/3773
f 3776/3776 3774/3774 3772/3772
f 3773/3773 3777/3777 3775/3775
f 3776/3776 3778/3778 3774/3774
f 3779/3779 3775/3775 3777/3777
f 3780/3780 3774/3774 3778/3778
f 3778/3778 3781/3781 3780/3780
f 3782/3782 3780/3780 3781/3781
f 3781/3781 3783/3783 3782/3782
f 3784/3784 3782/3782 3783/3783
f 3783/3783 3785/3785 3784/3784
f 3786/3786 3784/3784 3785/3785
f 3786/3786 3785/3785 3787/3787
f 3788/3788 3787/3787 3785/3785
f 3777/3777 3789/3789 3779/3779
f 3790/3790 3779/3779 3789/3789
f 3790/3790 3789/3789 3791/3791
f 3792/3792 3791/3791 3789/3789
f 3793/3793 3792/3792 3789/3789
f 3791/3791 3792/3792 3794/3794
f 3793/3793 3795/3795 3792/3792
f 3794/3794 3792/3792 3795/3795
f 3794/3794 3795/3795 3796/3796
f 3797/3797 3796/3796 3795/3795
f 3796/3796 3797/3797 3798/3798
f 3799/3799 3798/3798 3797/3797
f 3798/3798 3799/3799 3800/3800
f 3801/3801 3800/3800 3799/3799
f 3800/3800 3801/3801 3802/3802
f 3803/3803 3802/3802 3801/3801
f 3806/3806 3805/3805 3804/3804
f 3804/3804 3807/3807 3806/3806
f 3808/3808 3806/3806 3807/3807
f 3807/3807 3804/3804 3809/3809
f 3806/3806 3808/3808 3810/3810
f 3806/3806 3810/3810 3805/3805
f 3811/3811 3810/3810 3808/3808
f 3812/3812 3809/3809 3804/3804
f 3809/3809 3812/3812 3813/3813
f 3810/3810 3811/3811 3814/3814
f 3815/3815 3814/3814 3811/3811
f 3814/3814 3815/3815 3816/3816
f 3817/3817 3816/3816 3815/3815
f 3816/3816 3817/3817 3818/3818
f 3816/3816 3818/3818 3814/3814
f 3819/3819 3818/3818 3817/3817
f 3819/3819 3820/3820 3818/3818
f 3821/3821 3814/3814 3818/3818
f 3821/3821 3818/3818 3820/3820
f 3814/3814 3821/3821 3810/3810
f 3820/3820 3822/3822 3821/3821
f 3823/3823 3810/3810 3821/3821
f 3823/3823 3821/3821 3822/3822
f 3822/3822 3824/3824 3823/3823
f 3823/3823 3805/3805 3810/3810
f 3805/3805 3823/3823 3824/3824
f 3824/3824 3825/3825 3805/3805
f 3826/3826 3805/3805 3825/3825
f 3826/3826 3804/3804 3805/3805
f 3825/3825 3827/3827 3826/3826
f 3804/3804 3826/3826 3812/3812
f 3828/3828 3826/3826 3827/3827
f 3828/3828 3812/3812 3826/3826
f 3827/3827 3829/3829 3828/3828
f 3830/3830 3828/3828 3829/3829
f 3828/3828 3830/3830 3812/3812
f 3829/3829 3831/3831 3830/3830
f 3832/3832 3812/3812 3830/3830
f 3832/3832 3813/3813 3812/3812
f 3813/3813 3832/3832 3833/3833
f 3834/3834 3830/3830 3831/3831
f 3830/3830 3834/3834 3832/3832
f 3831/3831 3835/3835 3834/3834
f 3836/3836 3833/3833 3832/3832
f 3836/3836 3832/3832 3834/3834
f 3833/3833 3836/3836 3837/3837
f 3838/3838 3834/3834 3835/3835
f 3834/3834 3838/3838 3836/3836
f 3839/3839 3837/3837 3836/3836
f 3839/3839 3836/3836 3838/3838
f 3839/3839 3840/3840 3837/3837
f 3839/3839 3838/3838 3840/3840
f 3841/3841 3837/3837 3840/3840
f 3838/3838 3835/3835 3842/3842
f 3842/3842 3840/3840 3838/3838
f 3843/3843 3842/3842 3835/3835
f 3840/3840 3844/3844 3841/3841
f 3840/3840 3842/3842 3844/3844
f 3845/3845 3841/3841 3844/3844
f 3842/3842 3843/3843 3846/3846
f 3846/3846 3844/3844 3842/3842
f 3847/3847 3846/3846 3843/3843
f 3844/3844 3848/3848 3845/3845
f 3844/3844 3846/3846 3848/3848
f 3849/3849 3845/3845 3848/3848
f 3846/3846 3847/3847 3850/3850
f 3850/3850 3848/3848 3846/3846
f 3851/3851 3850/3850 3847/3847
f 3850/3850 3851/3851 3852/3852
f 3850/3850 3852/3852 3848/3848
f 3853/3853 3852/3852 3851/3851
f 3848/3848 3854/3854 3849/3849
f 3854/3854 3848/3848 3852/3852
f 3855/3855 3849/3849 3854/3854
f 3852/3852 3853/3853 3856/3856
f 3852/3852 3856/3856 3854/3854
f 3857/3857 3856/3856 3853/3853
f 3854/3854 3858/3858 3855/3855
f 3858/3858 3854/3854 3856/3856
f 3859/3859 3855/3855 3858/3858
f 3858/3858 3860/3860 3859/3859
f 3858/3858 3856/3856 3860/3860
f 3861/3861 3859/3859 3860/3860
f 3856/3856 3857/3857 3862/3862
f 3862/3862 3860/3860 3856/3856
f 3863/3863 3862/3862 3857/3857
f 3860/3860 3864/3864 3861/3861
f 3860/3860 3862/3862 3864/3864
f 3865/3865 3861/3861 3864/3864
f 3862/3862 3863/3863 3866/3866
f 3866/3866 3864/3864 3862/3862
f 3867/3867 3866/3866 3863/3863
f 3864/3864 3868/3868 3865/3865
f 3864/3864 3866/3866 3868/3868
f 3869/3869 3865/3865 3868/3868
f 3866/3866 3867/3867 3870/3870
f 3870/3870 3868/3868 3866/3866
f 3871/3871 3870/3870 3867/3867
f 3868/3868 3872/3872 3869/3869
f 3868/3868 3870/3870 3872/3872
f 3873/3873 3869/3869 3872/3872
f 3870/3870 3871/3871 3874/3874
f 3874/3874 3872/3872 3870/3870
f 3875/3875 3874/3874 3871/3871
f 3873/3873 3872/3872 3876/3876
f 3875/3875 3877/3877 3874/3874
f 3878/3878 3876/3876 3872/3872
f 3872/3872 3874/3874 3878/3878
f 3878/3878 3879/3879 3876/3876
f 3880/3880 3878/3878 3874/3874
f 3880/3880 3874/3874 3877/3877
f 3878/3878 3880/3880 3879/3879
f 3880/3880 3877/3877 3881/3881
f 3881/3881 3879/3879 3880/3880
f 3882/3882 3881/3881 3877/3877
f 3883/3883 3876/3876 3879/3879
f 3881/3881 3882/3882 3884/3884
f 3881/3881 3884/3884 3879/3879
f 3885/3885 3884/3884 3882/3882
f 3886/3886 3885/3885 3882/3882
f 3885/3885 3886/3886 3887/3887
f 3884/3884 3885/3885 3887/3887
f 3888/3888 3887/3887 3886/3886
f 3889/3889 3879/3879 3884/3884
f 3887/3887 3889/3889 3884/3884
f 3879/3879 3889/3889 3890/3890
f 3879/3879 3890/3890 3883/3883
f 3891/3891 3883/3883 3890/3890
f 3883/3883 3891/3891 3892/3892
f 3890/3890 3889/3889 3893/3893
f 3893/3893 3891/3891 3890/3890
f 3891/3891 3893/3893 3892/3892
f 3887/3887 3893/3893 3889/3889
f 3894/3894 3892/3892 3893/3893
f 3887/3887 3888/3888 3895/3895
f 3887/3887 3895/3895 3893/3893
f 3896/3896 3895/3895 3888/3888
f 3893/3893 3897/3897 3894/3894
f 3897/3897 3893/3893 3895/3895
f 3898/3898 3894/3894 3897/3897
f 3895/3895 3896/3896 3899/3899
f 3895/3895 3899/3899 3897/3897
f 3900/3900 3899/3899 3896/3896
f 3897/3897 3901/3901 3898/3898
f 3901/3901 3897/3897 3899/3899
f 3902/3902 3898/3898 3901/3901
f 3902/3902 3901/3901 3903/3903
f 3899/3899 3900/3900 3904/3904
f 3899/3899 3904/3904 3901/3901
f 3905/3905 3904/3904 3900/3900
f 3905/3905 3906/3906 3904/3904
f 3907/3907 3904/3904 3906/3906
f 3908/3908 3901/3901 3904/3904
f 3908/3908 3903/3903 3901/3901
f 3904/3904 3907/3907 3908/3908
f 3903/3903 3908/3908 3909/3909
f 3910/3910 3908/3908 3907/3907
f 3910/3910 3909/3909 3908/3908
f 3913/3913 3912/3912 3911/3911
f 3913/3913 3911/3911 3914/3914
f 3915/3915 3911/3911 3912/3912
f 3916/3916 3914/3914 3911/3911
f 3912/3912 3917/3917 3915/3915
f 3914/3914 3916/3916 3918/3918
f 3919/3919 3915/3915 3917/3917
f 3920/3920 3918/3918 3916/3916
f 3919/3919 3917/3917 3921/3921
f 3918/3918 3920/3920 3922/3922
f 3923/3923 3921/3921 3917/3917
f 3924/3924 3922/3922 3920/3920
f 3921/3921 3923/3923 3925/3925
f 3924/3924 3926/3926 3922/3922
f 3927/3927 3925/3925 3923/3923
f 3928/3928 3922/3922 3926/3926
f 3926/3926 3929/3929 3928/3928
f 3930/3930 3928/3928 3929/3929
f 3929/3929 3931/3931 3930/3930
f 3932/3932 3930/3930 3931/3931
f 3932/3932 3931/3931 3933/3933
f 3934/3934 3933/3933 3931/3931
f 3933/3933 3934/3934 3935/3935
f 3936/3936 3935/3935 3934/3934
f 3935/3935 3936/3936 3937/3937
f 3938/3938 3937/3937 3936/3936
f 3937/3937 3938/3938 3939/3939
f 3940/3940 3939/3939 3938/3938
f 3939/3939 3940/3940 3941/3941
f 3942/3942 3941/3941 3940/3940
f 3942/3942 3943/3943 3941/3941
f 3944/3944 3941/3941 3943/3943
f 3947/3947 3946/3946 3945/3945
f 3946/3946 3947/3947 3948/3948
f 3949/3949 3948/3948 3947/3947
f 3948/3948 3949/3949 3950/3950
f 3948/3948 3950/3950 3946/3946
f 3951/3951 3950/3950 3949/3949
f 3951/3951 3952/3952 3950/3950
f 3953/3953 3950/3950 3952/3952
f 3953/3953 3946/3946 3950/3950
f 3952/3952 3954/3954 3953/3953
f 3955/3955 3953/3953 3954/3954
f 3953/3953 3955/3955 3946/3946
f 3954/3954 3956/3956 3955/3955
f 3957/3957 3945/3945 3946/3946
f 3957/3957 3946/3946 3955/3955
f 3945/3945 3957/3957 3958/3958
f 3959/3959 3955/3955 3956/3956
f 3955/3955 3959/3959 3957/3957
f 3956/3956 3960/3960 3959/3959
f 3961/3961 3958/3958 3957/3957
f 3961/3961 3957/3957 3959/3959
f 3958/3958 3961/3961 3962/3962
f 3963/3963 3959/3959 3960/3960
f 3959/3959 3963/3963 3961/3961
f 3960/3960 3964/3964 3963/3963
f 3965/3965 3962/3962 3961/3961
f 3965/3965 3961/3961 3963/3963
f 3962/3962 3965/3965 3966/3966
f 3967/3967 3963/3963 3964/3964
f 3963/3963 3967/3967 3965/3965
f 3964/3964 3968/3968 3967/3967
f 3969/3969 3966/3966 3965/3965
f 3969/3969 3965/3965 3967/3967
f 3966/3966 3969/3969 3970/3970
f 3971/3971 3967/3967 3968/3968
f 3967/3967 3971/3971 3969/3969
f 3968/3968 3972/3972 3971/3971
f 3973/3973 3970/3970 3969/3969
f 3973/3973 3969/3969 3971/3971
f 3970/3970 3973/3973 3974/3974
f 3975/3975 3974/3974 3973/3973
f 3973/3973 3971/3971 3975/3975
f 3974/3974 3975/3975 3976/3976
f 3977/3977 3971/3971 3972/3972
f 3977/3977 3975/3975 3971/3971
f 3972/3972 3978/3978 3977/3977
f 3979/3979 3976/3976 3975/3975
f 3975/3975 3977/3977 3979/3979
f 3979/3979 3980/3980 3976/3976
f 3981/3981 3979/3979 3977/3977
f 3981/3981 3977/3977 3978/3978
f 3979/3979 3981/3981 3980/3980
f 3981/3981 3978/3978 3982/3982
f 3982/3982 3980/3980 3981/3981
f 3983/3983 3982/3982 3978/3978
f 3984/3984 3976/3976 3980/3980
f 3982/3982 3983/3983 3985/3985
f 3982/3982 3985/3985 3980/3980
f 3986/3986 3985/3985 3983/3983
f 3980/3980 3987/3987 3984/3984
f 3987/3987 3980/3980 3985/3985
f 3988/3988 3984/3984 3987/3987
f 3985/3985 3986/3986 3989/3989
f 3985/3985 3989/3989 3987/3987
f 3990/3990 3989/3989 3986/3986
f 3987/3987 3991/3991 3988/3988
f 3991/3991 3987/3987 3989/3989
f 3992/3992 3988/3988 3991/3991
f 3989/3989 3990/3990 3993/3993
f 3989/3989 3993/3993 3991/3991
f 3994/3994 3993/3993 3990/3990
f 3991/3991 3995/3995 3992/3992
f 3995/3995 3991/3991 3993/3993
f 3996/3996 3992/3992 3995/3995
f 3995/3995 3997/3997 3996/3996
f 3995/3995 3993/3993 3997/3997
f 3998/3998 3996/3996 3997/3997
f 3993/3993 3994/3994 3999/3999
f 3999/3999 3997/3997 3993/3993
f 4000/4000 3999/3999 3994/3994
f 3997/3997 4001/4001 3998/3998
f 3997/3997 3999/3999 4001/4001
f 4002/4002 3998/3998 4001/4001
f 3999/3999 4000/4000 4003/4003
f 4003/4003 4001/4001 3999/3999
f 4004/4004 4003/4003 4000/4000
f 4003/4003 4004/4004 4005/4005
f 4003/4003 4005/4005 4001/4001
f 4006/4006 4005/4005 4004/4004
f 4001/4001 4007/4007 4002/4002
f 4007/4007 4001/4001 4005/4005
f 4008/4008 4002/4002 4007/4007
f 4005/4005 4006/4006 4009/4009
f 4005/4005 4009/4009 4007/4007
f 4010/4010 4009/4009 4006/4006
f 4007/4007 4011/4011 4008/4008
f 4011/4011 4007/4007 4009/4009
f 4012/4012 4008/4008 4011/4011
f 4009/4009 4010/4010 4013/4013
f 4014/4014 4013/4013 4010/4010
f 4015/4015 4014/4014 4010/4010
f 4013/4013 4016/4016 4009/4009
f 4011/4011 4009/4009 4016/4016
f 4013/4013 4014/4014 4017/4017
f 4014/4014 4015/4015 4017/4017
f 4017/4017 4016/4016 4013/4013
f 4018/4018 4017/4017 4015/4015
f 4011/4011 4016/4016 4019/4019
f 4016/4016 4017/4017 4019/4019
f 4011/4011 4019/4019 4012/4012
f 4017/4017 4018/4018 4020/4020
f 4021/4021 4012/4012 4019/4019
f 4012/4012 4021/4021 4022/4022
f 4023/4023 4019/4019 4017/4017
f 4023/4023 4021/4021 4019/4019
f 4021/4021 4023/4023 4022/4022
f 4017/4017 4020/4020 4023/4023
f 4024/4024 4022/4022 4023/4023
f 4025/4025 4020/4020 4018/4018
f 4023/4023 4026/4026 4024/4024
f 4026/4026 4023/4023 4020/4020
f 4027/4027 4024/4024 4026/4026
f 4026/4026 4028/4028 4027/4027
f 4026/4026 4020/4020 4028/4028
f 4029/4029 4027/4027 4028/4028
f 4020/4020 4025/4025 4030/4030
f 4030/4030 4028/4028 4020/4020
f 4031/4031 4030/4030 4025/4025
f 4028/4028 4032/4032 4029/4029
f 4028/4028 4030/4030 4032/4032
f 4033/4033 4029/4029 4032/4032
f 4030/4030 4031/4031 4034/4034
f 4034/4034 4032/4032 4030/4030
f 4035/4035 4034/4034 4031/4031
f 4032/4032 4036/4036 4033/4033
f 4032/4032 4034/4034 4036/4036
f 4037/4037 4033/4033 4036/4036
f 4037/4037 4036/4036 4038/4038
f 4034/4034 4035/4035 4039/4039
f 4039/4039 4036/4036 4034/4034
f 4040/4040 4039/4039 4035/4035
f 4041/4041 4038/4038 4036/4036
f 4036/4036 4039/4039 4041/4041
f 4038/4038 4041/4041 4042/4042
f 4043/4043 4042/4042 4041/4041
f 4044/4044 4041/4041 4039/4039
f 4039/4039 4040/4040 4044/4044
f 4041/4041 4044/4044 4043/4043
f 4045/4045 4044/4044 4040/4040
f 4046/4046 4043/4043 4044/4044
f 4045/4045 4047/4047 4044/4044
f 4046/4046 4044/4044 4047/4047
f 4050/4050 4049/4049 4048/4048
f 4051/4051 4048/4048 4049/4049
f 4051/4051 4052/4052 4048/4048
f 4049/4049 4050/4050 4053/4053
f 4054/4054 4048/4048 4052/4052
f 4052/4052 4055/4055 4054/4054
f 4056/4056 4054/4054 4055/4055
f 4055/4055 4057/4057 4056/4056
f 4058/4058 4056/4056 4057/4057
f 4057/4057 4059/4059 4058/4058
f 4060/4060 4058/4058 4059/4059
f 4059/4059 4061/4061 4060/4060
f 4062/4062 4060/4060 4061/4061
f 4063/4063 4053/4053 4050/4050
f 4053/4053 4063/4063 3927/3927
f 4064/4064 4063/4063 4050/4050
f 4063/4063 4064/4064 3927/3927
f 3925/3925 3927/3927 4064/4064
f 4067/4067 4066/4066 4065/4065
f 4067/4067 4068/4068 4066/4066
f 4065/4065 4069/4069 4067/4067
f 4069/4069 4070/4070 4067/4067
f 4068/4068 4067/4067 4070/4070
f 4069/4069 4065/4065 4071/4071
f 4069/4069 4071/4071 4070/4070
f 4068/4068 4070/4070 4072/4072
f 4073/4073 4072/4072 4070/4070
f 4072/4072 4074/4074 4068/4068
f 4070/4070 4075/4075 4073/4073
f 4075/4075 4070/4070 4071/4071
f 4076/4076 4073/4073 4075/4075
f 4076/4076 4075/4075 4077/4077
f 4078/4078 4077/4077 4075/4075
f 4075/4075 4071/4071 4078/4078
f 4077/4077 4078/4078 4079/4079
f 4080/4080 4078/4078 4071/4071
f 4071/4071 4065/4065 4080/4080
f 4081/4081 4079/4079 4078/4078
f 4078/4078 4080/4080 4081/4081
f 4079/4079 4081/4081 4082/4082
f 4083/4083 4081/4081 4080/4080
f 4083/4083 4080/4080 4065/4065
f 4083/4083 4084/4084 4081/4081
f 4083/4083 4065/4065 4084/4084
f 4085/4085 4081/4081 4084/4084
f 4085/4085 4082/4082 4081/4081
f 4086/4086 4084/4084 4065/4065
f 4084/4084 4086/4086 4085/4085
f 4085/4085 4087/4087 4082/4082
f 4087/4087 4085/4085 4086/4086
f 4088/4088 4082/4082 4087/4087
f 4086/4086 4065/4065 4089/4089
f 4086/4086 4089/4089 4087/4087
f 4087/4087 4090/4090 4088/4088
f 4090/4090 4087/4087 4089/4089
f 4091/4091 4088/4088 4090/4090
f 4090/4090 4092/4092 4091/4091
f 4090/4090 4089/4089 4092/4092
f 4093/4093 4091/4091 4092/4092
f 4093/4093 4092/4092 4074/4074
f 4094/4094 4089/4089 4065/4065
f 4094/4094 4092/4092 4089/4089
f 4094/4094 4065/4065 4066/4066
f 4095/4095 4074/4074 4092/4092
f 4092/4092 4094/4094 4095/4095
f 4066/4066 4095/4095 4094/4094
f 4095/4095 4068/4068 4074/4074
f 4095/4095 4066/4066 4068/4068
f 4098/4098 4097/4097 4096/4096
f 4099/4099 4096/4096 4097/4097
f 4098/4098 4096/4096 4100/4100
f 4101/4101 4100/4100 4096/4096
f 4098/4098 4102/4102 4097/4097
f 4097/4097 4103/4103 4099/4099
f 4104/4104 4099/4099 4103/4103
f 4104/4104 4103/4103 4105/4105
f 4100/4100 4101/4101 4106/4106
f 4107/4107 4106/4106 4101/4101
f 4100/4100 4108/4108 4098/4098
f 4102/4102 4098/4098 4108/4108
f 4106/4106 4109/4109 4100/4100
f 4108/4108 4100/4100 4109/4109
f 4106/4106 4107/4107 4110/4110
f 4111/4111 4110/4110 4107/4107
f 4109/4109 4106/4106 4112/4112
f 4110/4110 4112/4112 4106/4106
f 4110/4110 4111/4111 4113/4113
f 4114/4114 4113/4113 4111/4111
f 4110/4110 4113/4113 4112/4112
f 4115/4115 4112/4112 4113/4113
f 4115/4115 4116/4116 4112/4112
f 4117/4117 4112/4112 4116/4116
f 4112/4112 4117/4117 4109/4109
f 4116/4116 4118/4118 4117/4117
f 4119/4119 4117/4117 4118/4118
f 4120/4120 4109/4109 4117/4117
f 4117/4117 4119/4119 4120/4120
f 4109/4109 4120/4120 4108/4108
f 4121/4121 4120/4120 4119/4119
f 4122/4122 4108/4108 4120/4120
f 4120/4120 4121/4121 4122/4122
f 4108/4108 4122/4122 4102/4102
f 4123/4123 4122/4122 4121/4121
f 4122/4122 4123/4123 4124/4124
f 4124/4124 4102/4102 4122/4122
f 4125/4125 4124/4124 4123/4123
f 4125/4125 4126/4126 4124/4124
f 4102/4102 4124/4124 4127/4127
f 4127/4127 4097/4097 4102/4102
f 4128/4128 4124/4124 4126/4126
f 4128/4128 4127/4127 4124/4124
f 4126/4126 4129/4129 4128/4128
f 4097/4097 4127/4127 4103/4103
f 4130/4130 4128/4128 4129/4129
f 4128/4128 4130/4130 4127/4127
f 4131/4131 4103/4103 4127/4127
f 4131/4131 4127/4127 4130/4130
f 4131/4131 4132/4132 4103/4103
f 4131/4131 4130/4130 4132/4132
f 4130/4130 4129/4129 4133/4133
f 4133/4133 4132/4132 4130/4130
f 4134/4134 4133/4133 4129/4129
f 4135/4135 4103/4103 4132/4132
f 4135/4135 4105/4105 4103/4103
f 4105/4105 4135/4135 4136/4136
f 4137/4137 4136/4136 4135/4135
f 4135/4135 4132/4132 4137/4137
f 4136/4136 4137/4137 4138/4138
f 4132/4132 4133/4133 4139/4139
f 4139/4139 4137/4137 4132/4132
f 4140/4140 4138/4138 4137/4137
f 4137/4137 4139/4139 4140/4140
f 4138/4138 4140/4140 4141/4141
f 4142/4142 4141/4141 4140/4140
f 4142/4142 4140/4140 4143/4143
f 4133/4133 4134/4134 4144/4144
f 4144/4144 4139/4139 4133/4133
f 4145/4145 4144/4144 4134/4134
f 4146/4146 4140/4140 4139/4139
f 4146/4146 4143/4143 4140/4140
f 4139/4139 4144/4144 4146/4146
f 4144/4144 4145/4145 4147/4147
f 4147/4147 4146/4146 4144/4144
f 4146/4146 4147/4147 4143/4143
f 4148/4148 4147/4147 4145/4145
f 4149/4149 4143/4143 4147/4147
f 4147/4147 4148/4148 4149/4149
f 4150/4150 4149/4149 4148/4148
f 4153/4153 4152/4152 4151/4151
f 4152/4152 4153/4153 4154/4154
f 4155/4155 4154/4154 4153/4153
f 4156/4156 4151/4151 4152/4152
f 4151/4151 4156/4156 4157/4157
f 4158/4158 4157/4157 4156/4156
f 4157/4157 4158/4158 4159/4159
f 4160/4160 4159/4159 4158/4158
f 4159/4159 4160/4160 4161/4161
f 4162/4162 4161/4161 4160/4160
f 4165/4165 4164/4164 4163/4163
f 4166/4166 4164/4164 4165/4165
f 4163/4163 4164/4164 4167/4167
f 4168/4168 4164/4164 4166/4166
f 4167/4167 4164/4164 4169/4169
f 4170/4170 4164/4164 4168/4168
f 4169/4169 4164/4164 4171/4171
f 4172/4172 4164/4164 4170/4170
f 4171/4171 4164/4164 4173/4173
f 4174/4174 4164/4164 4172/4172
f 4173/4173 4164/4164 4175/4175
f 4176/4176 4164/4164 4174/4174
f 4175/4175 4164/4164 4177/4177
f 4178/4178 4164/4164 4176/4176
f 4177/4177 4164/4164 4179/4179
f 4180/4180 4164/4164 4178/4178
f 4179/4179 4164/4164 4181/4181
f 4182/4182 4164/4164 4180/4180
f 4181/4181 4164/4164 4183/4183
f 4183/4183 4164/4164 4182/4182
f 4186/4186 4185/4185 4184/4184
f 4187/4187 4184/4184 4185/4185
f 4184/4184 4188/4188 4186/4186
f 4185/4185 4189/4189 4187/4187
f 4190/4190 4186/4186 4188/4188
f 4191/4191 4187/4187 4189/4189
f 4188/4188 4192/4192 4190/4190
f 4189/4189 4193/4193 4191/4191
f 4194/4194 4190/4190 4192/4192
f 4195/4195 4191/4191 4193/4193
f 4192/4192 4196/4196 4194/4194
f 4193/4193 4197/4197 4195/4195
f 4198/4198 4194/4194 4196/4196
f 4199/4199 4195/4195 4197/4197
f 4196/4196 4200/4200 4198/4198
f 4197/4197 4201/4201 4199/4199
f 4202/4202 4198/4198 4200/4200
f 4200/4200 4203/4203 4202/4202
f 4204/4204 4202/4202 4203/4203
f 4205/4205 4199/4199 4201/4201
f 4201/4201 4206/4206 4205/4205
f 4207/4207 4205/4205 4206/4206
f 4206/4206 4208/4208 4207/4207
f 4209/4209 4207/4207 4208/4208
f 4208/4208 4210/4210 4209/4209
f 4211/4211 4209/4209 4210/4210
f 4210/4210 4212/4212 4211/4211
f 4213/4213 4211/4211 4212/4212
f 4212/4212 4214/4214 4213/4213
f 4215/4215 4213/4213 4214/4214
f 4214/4214 4216/4216 4215/4215
f 4217/4217 4215/4215 4216/4216
f 4216/4216 4218/4218 4217/4217
f 4219/4219 4217/4217 4218/4218
f 4218/4218 4220/4220 4219/4219
f 4221/4221 4219/4219 4220/4220
f 4220/4220 4222/4222 4221/4221
f 4223/4223 4221/4221 4222/4222
f 4222/4222 4224/4224 4223/4223
f 4225/4225 4223/4223 4224/4224
f 4228/4228 4227/4227 4226/4226
f 4229/4229 4226/4226 4227/4227
f 4226/4226 4230/4230 4228/4228
f 4227/4227 4231/4231 4229/4229
f 4232/4232 4228/4228 4230/4230
f 4233/4233 4229/4229 4231/4231
f 4230/4230 4234/4234 4232/4232
f 4235/4235 4233/4233 4231/4231
f 4236/4236 4232/4232 4234/4234
f 4235/4235 4237/4237 4233/4233
f 4234/4234 4238/4238 4236/4236
f 4239/4239 4236/4236 4238/4238
f 4238/4238 4240/4240 4239/4239
f 4241/4241 4239/4239 4240/4240
f 4240/4240 4242/4242 4241/4241
f 4243/4243 4241/4241 4242/4242
f 4243/4243 4242/4242 4244/4244
f 4242/4242 4245/4245 4244/4244
f 4244/4244 4245/4245 4246/4246
f 4245/4245 4247/4247 4246/4246
f 4246/4246 4247/4247 4248/4248
f 4249/4249 4248/4248 4247/4247
f 4248/4248 4249/4249 4250/4250
f 4251/4251 4250/4250 4249/4249
f 4250/4250 4251/4251 4252/4252
f 4253/4253 4252/4252 4251/4251
f 4253/4253 4254/4254 4252/4252
f 4255/4255 4252/4252 4254/4254
f 4254/4254 4256/4256 4255/4255
f 4257/4257 4255/4255 4256/4256
f 4256/4256 4258/4258 4257/4257
f 4259/4259 4257/4257 4258/4258
f 4258/4258 4260/4260 4259/4259
f 4261/4261 4259/4259 4260/4260
f 4260/4260 4262/4262 4261/4261
f 4263/4263 4261/4261 4262/4262
f 4262/4262 4264/4264 4263/4263
f 4265/4265 4263/4263 4264/4264
f 4265/4265 4264/4264 4266/4266
f 4265/4265 4266/4266 4267/4267
f 4237/4237 4265/4265 4267/4267
f 4265/4265 4237/4237 4235/4235
f 4270/4270 4269/4269 4268/4268
f 4269/4269 4270/4270 4271/4271
f 4272/4272 4268/4268 4269/4269
f 4273/4273 4271/4271 4270/4270
f 4272/4272 4274/4274 4268/4268
f 4271/4271 4273/4273 4275/4275
f 4276/4276 4268/4268 4274/4274
f 4277/4277 4275/4275 4273/4273
f 4274/4274 4278/4278 4276/4276
f 4275/4275 4277/4277 4279/4279
f 4280/4280 4276/4276 4278/4278
f 4281/4281 4279/4279 4277/4277
f 4280/4280 4278/4278 4282/4282
f 4279/4279 4281/4281 4283/4283
f 4284/4284 4282/4282 4278/4278
f 4285/4285 4283/4283 4281/4281
f 4282/4282 4284/4284 4286/4286
f 4283/4283 4285/4285 4287/4287
f 4288/4288 4286/4286 4284/4284
f 4289/4289 4287/4287 4285/4285
f 4288/4288 4290/4290 4286/4286
f 4287/4287 4289/4289 4291/4291
f 4292/4292 4286/4286 4290/4290
f 4293/4293 4291/4291 4289/4289
f 4291/4291 4293/4293 4294/4294
f 4295/4295 4294/4294 4293/4293
f 4294/4294 4295/4295 4296/4296
f 4297/4297 4296/4296 4295/4295
f 4296/4296 4297/4297 4298/4298
f 4299/4299 4298/4298 4297/4297
f 4290/4290 4300/4300 4292/4292
f 4301/4301 4292/4292 4300/4300
f 4300/4300 4302/4302 4301/4301
f 4300/4300 4303/4303 4302/4302
f 4304/4304 4303/4303 4300/4300
f 4304/4304 4305/4305 4303/4303
f 4306/4306 4303/4303 4305/4305
f 4307/4307 4306/4306 4305/4305
f 4306/4306 4307/4307 4308/4308
f 4309/4309 4301/4301 4302/4302
f 4310/4310 4301/4301 4309/4309
f 4309/4309 4302/4302 4311/4311
f 4308/4308 4311/4311 4302/4302
f 4301/4301 4310/4310 4312/4312
f 4310/4310 4313/4313 4312/4312
f 4314/4314 4312/4312 4313/4313
f 4315/4315 4314/4314 4313/4313
f 4315/4315 4313/4313 4311/4311
f 4311/4311 4308/4308 4315/4315
f 4307/4307 4315/4315 4308/4308
f 4315/4315 4307/4307 4316/4316
f 4317/4317 4316/4316 4307/4307
f 4316/4316 4317/4317 4318/4318
f 4319/4319 4318/4318 4317/4317
f 4318/4318 4319/4319 4320/4320
f 4321/4321 4320/4320 4319/4319
f 4324/4324 4323/4323 4322/4322
f 4324/4324 4325/4325 4323/4323
f 4326/4326 4322/4322 4323/4323
f 4327/4327 4323/4323 4325/4325
f 4322/4322 4326/4326 4328/4328
f 4327/4327 4325/4325 4329/4329
f 4330/4330 4328/4328 4326/4326
f 4331/4331 4329/4329 4325/4325
f 4328/4328 4330/4330 4332/4332
f 4329/4329 4331/4331 4333/4333
f 4330/4330 4334/4334 4332/4332
f 4335/4335 4333/4333 4331/4331
f 4336/4336 4332/4332 4334/4334
f 4336/4336 4334/4334 4337/4337
f 4338/4338 4337/4337 4334/4334
f 4333/4333 4335/4335 4339/4339
f 4340/4340 4337/4337 4338/4338
f 4341/4341 4339/4339 4335/4335
f 4342/4342 4340/4340 4338/4338
f 4343/4343 4342/4342 4338/4338
f 4343/4343 4338/4338 4344/4344
f 4338/4338 4345/4345 4344/4344
f 4338/4338 4346/4346 4345/4345
f 4347/4347 4345/4345 4346/4346
f 4346/4346 4348/4348 4347/4347
f 4346/4346 4339/4339 4348/4348
f 4349/4349 4348/4348 4339/4339
f 4350/4350 4349/4349 4339/4339
f 4339/4339 4351/4351 4350/4350
f 4352/4352 4351/4351 4339/4339
f 4353/4353 4352/4352 4339/4339
f 4341/4341 4353/4353 4339/4339
f 4356/4356 4355/4355 4354/4354
f 4355/4355 4356/4356 4357/4357
f 4358/4358 4357/4357 4356/4356
f 4359/4359 4354/4354 4355/4355
f 4354/4354 4359/4359 4360/4360
f 4361/4361 4360/4360 4359/4359
f 4360/4360 4361/4361 4362/4362
f 4363/4363 4362/4362 4361/4361
f 4362/4362 4363/4363 4364/4364
f 4365/4365 4364/4364 4363/4363
f 4365/4365 4366/4366 4364/4364
f 4367/4367 4364/4364 4366/4366
f 4370/4370 4369/4369 4368/4368
f 4371/4371 4368/4368 4369/4369
f 4370/4370 4372/4372 4369/4369
f 4373/4373 4369/4369 4372/4372
f 4373/4373 4372/4372 4374/4374
f 4375/4375 4374/4374 4372/4372
f 4374/4374 4375/4375 4376/4376
f 4377/4377 4376/4376 4375/4375
f 4377/4377 4378/4378 4376/4376
f 4379/4379 4376/4376 4378/4378
f 4382/4382 4381/4381 4380/4380
f 4383/4383 4380/4380 4381/4381
f 4380/4380 4383/4383 4384/4384
f 4385/4385 4381/4381 4382/4382
f 4386/4386 4384/4384 4383/4383
f 4386/4386 4387/4387 4384/4384
f 4388/4388 4384/4384 4387/4387
f 4388/4388 4387/4387 4389/4389
f 4389/4389 4390/4390 4388/4388
f 4389/4389 4391/4391 4390/4390
f 4392/4392 4385/4385 4382/4382
f 4393/4393 4385/4385 4392/4392
f 4382/4382 4394/4394 4392/4392
f 4393/4393 4392/4392 4395/4395
f 4396/4396 4392/4392 4394/4394
f 4397/4397 4395/4395 4392/4392
f 4396/4396 4394/4394 4398/4398
f 4399/4399 4398/4398 4394/4394
f 4399/4399 4400/4400 4398/4398
f 4401/4401 4398/4398 4400/4400
f 4401/4401 4400/4400 4402/4402
f 4403/4403 4402/4402 4400/4400
f 4397/4397 4404/4404 4395/4395
f 4405/4405 4395/4395 4404/4404
f 4391/4391 4405/4405 4404/4404
f 4391/4391 4404/4404 4390/4390
f 4390/4390 4404/4404 4406/4406
f 4407/4407 4406/4406 4404/4404
f 4407/4407 4408/4408 4406/4406
f 4409/4409 4406/4406 4408/4408
f 4409/4409 4408/4408 4410/4410
f 4411/4411 4410/4410 4408/4408
f 4411/4411 4412/4412 4410/4410
f 4413/4413 4410/4410 4412/4412
f 4416/4416 4415/4415 4414/4414
f 4416/4416 4414/4414 4417/4417
f 4418/4418 4416/4416 4417/4417
f 4419/4419 4416/4416 4418/4418
f 4420/4420 4415/4415 4416/4416
f 4415/4415 4420/4420 4421/4421
f 4416/4416 4422/4422 4420/4420
f 4423/4423 4421/4421 4420/4420
f 4422/4422 4416/4416 4424/4424
f 4419/4419 4424/4424 4416/4416
f 4419/4419 4425/4425 4424/4424
f 4423/4423 4426/4426 4421/4421
f 4427/4427 4424/4424 4425/4425
f 4428/4428 4421/4421 4426/4426
f 4427/4427 4425/4425 4429/4429
f 4428/4428 4426/4426 4430/4430
f 4431/4431 4429/4429 4425/4425
f 4432/4432 4430/4430 4426/4426
f 4432/4432 4433/4433 4430/4430
f 4434/4434 4430/4430 4433/4433
f 4431/4431 4435/4435 4429/4429
f 4436/4436 4429/4429 4435/4435
f 4436/4436 4435/4435 4437/4437
f 4438/4438 4437/4437 4435/4435
f 4441/4441 4440/4440 4439/4439
f 4440/4440 4441/4441 4442/4442
f 4443/4443 4442/4442 4441/4441
f 4444/4444 4439/4439 4440/4440
f 4444/4444 4445/4445 4439/4439
f 4446/4446 4439/4439 4445/4445
f 4446/4446 4445/4445 4447/4447
f 4448/4448 4447/4447 4445/4445
f 4447/4447 4448/4448 4449/4449
f 4450/4450 4449/4449 4448/4448
f 4450/4450 4451/4451 4449/4449
f 4452/4452 4449/4449 4451/4451
f 4455/4455 4454/4454 4453/4453
f 4456/4456 4453/4453 4454/4454
f 4454/4454 4455/4455 4457/4457
f 4458/4458 4457/4457 4455/4455
f 4457/4457 4458/4458 4459/4459
f 4460/4460 4459/4459 4458/4458
f 4459/4459 4460/4460 4461/4461
f 4462/4462 4461/4461 4460/4460
f 4462/4462 4463/4463 4461/4461
f 4464/4464 4461/4461 4463/4463
f 4467/4467 4466/4466 4465/4465
f 4467/4467 4468/4468 4466/4466
f 4468/4468 4467/4467 4469/4469
f 4469/4469 4467/4467 4470/4470
f 4471/4471 4467/4467 4465/4465
f 4465/4465 4472/4472 4471/4471
f 4467/4467 4471/4471 4473/4473
f 4474/4474 4471/4471 4472/4472
f 4475/4475 4467/4467 4473/4473
f 4467/4467 4475/4475 4470/4470
f 4472/4472 4476/4476 4474/4474
f 4470/4470 4475/4475 4477/4477
f 4478/4478 4474/4474 4476/4476
f 4479/4479 4477/4477 4475/4475
f 4476/4476 4480/4480 4478/4478
f 4477/4477 4479/4479 4481/4481
f 4482/4482 4478/4478 4480/4480
f 4482/4482 4480/4480 4483/4483
f 4484/4484 4483/4483 4480/4480
f 4485/4485 4481/4481 4479/4479
f 4481/4481 4485/4485 4486/4486
f 4487/4487 4486/4486 4485/4485
f 4487/4487 4488/4488 4486/4486
f 4489/4489 4486/4486 4488/4488
f 4492/4492 4491/4491 4490/4490
f 4492/4492 4490/4490 4493/4493
f 4494/4494 4490/4490 4491/4491
f 4495/4495 4493/4493 4490/4490
f 4496/4496 4494/4494 4491/4491
f 4495/4495 4497/4497 4493/4493
f 4498/4498 4496/4496 4491/4491
f 4499/4499 4496/4496 4498/4498
f 4499/4499 4498/4498 4500/4500
f 4498/4498 4491/4491 4501/4501
f 4502/4502 4500/4500 4498/4498
f 4503/4503 4501/4501 4491/4491
f 4502/4502 4504/4504 4500/4500
f 4503/4503 4505/4505 4501/4501
f 4506/4506 4500/4500 4504/4504
f 4507/4507 4501/4501 4505/4505
f 4506/4506 4504/4504 4508/4508
f 4507/4507 4505/4505 4509/4509
f 4510/4510 4508/4508 4504/4504
f 4511/4511 4509/4509 4505/4505
f 4509/4509 4511/4511 4512/4512
f 4513/4513 4512/4512 4511/4511
f 4510/4510 4514/4514 4508/4508
f 4515/4515 4508/4508 4514/4514
f 4497/4497 4515/4515 4514/4514
f 4497/4497 4514/4514 4493/4493
f 4514/4514 4516/4516 4493/4493
f 4517/4517 4493/4493 4516/4516
f 4517/4517 4516/4516 4518/4518
f 4519/4519 4518/4518 4516/4516
f 4519/4519 4520/4520 4518/4518
f 4521/4521 4518/4518 4520/4520
f 4520/4520 4522/4522 4521/4521
f 4523/4523 4521/4521 4522/4522
f 4526/4526 4525/4525 4524/4524
f 4524/4524 4527/4527 4526/4526
f 4528/4528 4526/4526 4527/4527
f 4529/4529 4524/4524 4525/4525
f 4525/4525 4530/4530 4529/4529
f 4531/4531 4529/4529 4530/4530
f 4530/4530 4532/4532 4531/4531
f 4533/4533 4531/4531 4532/4532
f 4532/4532 4534/4534 4533/4533
f 4535/4535 4533/4533 4534/4534
f 4538/4538 4537/4537 4536/4536
f 4538/4538 4539/4539 4537/4537
f 4538/4538 4536/4536 4540/4540
f 4538/4538 4541/4541 4539/4539
f 4538/4538 4540/4540 4542/4542
f 4538/4538 4543/4543 4541/4541
f 4538/4538 4542/4542 4544/4544
f 4538/4538 4545/4545 4543/4543
f 4538/4538 4544/4544 4546/4546
f 4538/4538 4547/4547 4545/4545
f 4538/4538 4546/4546 4548/4548
f 4538/4538 4549/4549 4547/4547
f 4538/4538 4548/4548 4550/4550
f 4538/4538 4551/4551 4549/4549
f 4538/4538 4550/4550 4552/4552
f 4538/4538 4553/4553 4551/4551
f 4538/4538 4552/4552 4554/4554
f 4538/4538 4555/4555 4553/4553
f 4538/4538 4554/4554 4556/4556
f 4538/4538 4556/4556 4555/4555
f 4559/4559 4558/4558 4557/4557
f 4558/4558 4559/4559 4560/4560
f 4561/4561 4557/4557 4558/4558
f 4562/4562 4560/4560 4559/4559
f 4557/4557 4561/4561 4563/4563
f 4560/4560 4562/4562 4564/4564
f 4565/4565 4563/4563 4561/4561
f 4566/4566 4564/4564 4562/4562
f 4563/4563 4565/4565 4567/4567
f 4564/4564 4566/4566 4568/4568
f 4569/4569 4567/4567 4565/4565
f 4570/4570 4568/4568 4566/4566
f 4567/4567 4569/4569 4571/4571
f 4568/4568 4570/4570 4572/4572
f 4573/4573 4571/4571 4569/4569
f 4574/4574 4572/4572 4570/4570
f 4572/4572 4574/4574 4575/4575
f 4576/4576 4575/4575 4574/4574
f 4571/4571 4573/4573 4577/4577
f 4578/4578 4577/4577 4573/4573
f 4577/4577 4578/4578 4579/4579
f 4580/4580 4579/4579 4578/4578
f 4579/4579 4580/4580 4581/4581
f 4582/4582 4581/4581 4580/4580
f 4581/4581 4582/4582 4583/4583
f 4584/4584 4583/4583 4582/4582
f 4583/4583 4584/4584 4585/4585
f 4586/4586 4585/4585 4584/4584
f 4585/4585 4586/4586 4587/4587
f 4588/4588 4587/4587 4586/4586
f 4587/4587 4588/4588 4589/4589
f 4590/4590 4589/4589 4588/4588
f 4589/4589 4590/4590 4591/4591
f 4592/4592 4591/4591 4590/4590
f 4591/4591 4592/4592 4593/4593
f 4594/4594 4593/4593 4592/4592
f 4593/4593 4594/4594 4595/4595
f 4596/4596 4595/4595 4594/4594
f 4595/4595 4596/4596 4597/4597
f 4598/4598 4597/4597 4596/4596
f 4601/4601 4600/4600 4599/4599
f 4600/4600 4601/4601 4602/4602
f 4603/4603 4599/4599 4600/4600
f 4604/4604 4602/4602 4601/4601
f 4599/4599 4603/4603 4605/4605
f 4602/4602 4604/4604 4606/4606
f 4607/4607 4605/4605 4603/4603
f 4608/4608 4606/4606 4604/4604
f 4607/4607 4609/4609 4605/4605
f 4606/4606 4608/4608 4610/4610
f 4611/4611 4609/4609 4607/4607
f 4612/4612 4610/4610 4608/4608
f 4610/4610 4612/4612 4613/4613
f 4614/4614 4613/4613 4612/4612
f 4613/4613 4614/4614 4615/4615
f 4616/4616 4615/4615 4614/4614
f 4615/4615 4616/4616 4617/4617
f 4618/4618 4615/4615 4617/4617
f 4618/4618 4617/4617 4619/4619
f 4620/4620 4618/4618 4619/4619
f 4619/4619 4621/4621 4620/4620
f 4622/4622 4620/4620 4621/4621
f 4621/4621 4623/4623 4622/4622
f 4624/4624 4622/4622 4623/4623
f 4623/4623 4625/4625 4624/4624
f 4626/4626 4624/4624 4625/4625
f 4626/4626 4625/4625 4627/4627
f 4628/4628 4627/4627 4625/4625
f 4627/4627 4628/4628 4629/4629
f 4630/4630 4629/4629 4628/4628
f 4629/4629 4630/4630 4631/4631
f 4632/4632 4631/4631 4630/4630
f 4631/4631 4632/4632 4633/4633
f 4634/4634 4633/4633 4632/4632
f 4633/4633 4634/4634 4635/4635
f 4636/4636 4635/4635 4634/4634
f 4635/4635 4636/4636 4637/4637
f 4638/4638 4637/4637 4636/4636
f 4637/4637 4638/4638 4639/4639
f 4639/4639 4638/4638 4640/4640
f 4638/4638 4611/4611 4640/4640
f 4611/4611 4638/4638 4609/4609
f 4643/4643 4642/4642 4641/4641
f 4644/4644 4641/4641 4642/4642
f 4641/4641 4645/4645 4643/4643
f 4644/4644 4642/4642 4646/4646
f 4647/4647 4643/4643 4645/4645
f 4648/4648 4646/4646 4642/4642
f 4645/4645 4649/4649 4647/4647
f 4646/4646 4648/4648 4650/4650
f 4651/4651 4647/4647 4649/4649
f 4652/4652 4650/4650 4648/4648
f 4649/4649 4653/4653 4651/4651
f 4652/4652 4654/4654 4650/4650
f 4655/4655 4651/4651 4653/4653
f 4656/4656 4650/4650 4654/4654
f 4653/4653 4657/4657 4655/4655
f 4654/4654 4658/4658 4656/4656
f 4659/4659 4655/4655 4657/4657
f 4660/4660 4656/4656 4658/4658
f 4657/4657 4661/4661 4659/4659
f 4660/4660 4658/4658 4662/4662
f 4663/4663 4659/4659 4661/4661
f 4664/4664 4662/4662 4658/4658
f 4661/4661 4665/4665 4663/4663
f 4666/4666 4663/4663 4665/4665
f 4665/4665 4667/4667 4666/4666
f 4668/4668 4666/4666 4667/4667
f 4667/4667 4669/4669 4668/4668
f 4670/4670 4668/4668 4669/4669
f 4669/4669 4671/4671 4670/4670
f 4672/4672 4670/4670 4671/4671
f 4662/4662 4664/4664 4673/4673
f 4674/4674 4673/4673 4664/4664
f 4673/4673 4674/4674 4675/4675
f 4676/4676 4673/4673 4675/4675
f 4676/4676 4677/4677 4673/4673
f 4677/4677 4676/4676 4678/4678
f 4679/4679 4678/4678 4676/4676
f 4679/4679 4680/4680 4678/4678
f 4680/4680 4679/4679 4681/4681
f 4682/4682 4675/4675 4674/4674
f 4674/4674 4683/4683 4682/4682
f 4682/4682 4684/4684 4675/4675
f 4681/4681 4675/4675 4684/4684
f 4683/4683 4674/4674 4685/4685
f 4683/4683 4685/4685 4686/4686
f 4687/4687 4686/4686 4685/4685
f 4687/4687 4688/4688 4686/4686
f 4686/4686 4688/4688 4684/4684
f 4684/4684 4688/4688 4681/4681
f 4680/4680 4681/4681 4688/4688
f 4688/4688 4689/4689 4680/4680
f 4690/4690 4680/4680 4689/4689
f 4689/4689 4691/4691 4690/4690
f 4692/4692 4690/4690 4691/4691
f 4691/4691 4693/4693 4692/4692
f 4694/4694 4692/4692 4693/4693
f 4697/4697 4696/4696 4695/4695
f 4696/4696 4697/4697 4698/4698
f 4699/4699 4695/4695 4696/4696
f 4699/4699 4696/4696 4700/4700
f 4698/4698 4700/4700 4696/4696
f 4695/4695 4699/4699 4701/4701
f 4699/4699 4700/4700 4701/4701
f 4698/4698 4702/4702 4700/4700
f 4703/4703 4700/4700 4702/4702
f 4702/4702 4698/4698 4704/4704
f 4700/4700 4703/4703 4705/4705
f 4705/4705 4701/4701 4700/4700
f 4706/4706 4705/4705 4703/4703
f 4706/4706 4707/4707 4705/4705
f 4708/4708 4705/4705 4707/4707
f 4705/4705 4708/4708 4701/4701
f 4707/4707 4709/4709 4708/4708
f 4710/4710 4701/4701 4708/4708
f 4695/4695 4701/4701 4710/4710
f 4711/4711 4708/4708 4709/4709
f 4708/4708 4711/4711 4710/4710
f 4709/4709 4712/4712 4711/4711
f 4713/4713 4710/4710 4711/4711
f 4710/4710 4713/4713 4695/4695
f 4713/4713 4711/4711 4714/4714
f 4695/4695 4713/4713 4714/4714
f 4715/4715 4714/4714 4711/4711
f 4715/4715 4711/4711 4712/4712
f 4714/4714 4716/4716 4695/4695
f 4714/4714 4715/4715 4716/4716
f 4715/4715 4712/4712 4717/4717
f 4717/4717 4716/4716 4715/4715
f 4718/4718 4717/4717 4712/4712
f 4695/4695 4716/4716 4719/4719
f 4716/4716 4717/4717 4719/4719
f 4717/4717 4718/4718 4720/4720
f 4720/4720 4719/4719 4717/4717
f 4721/4721 4720/4720 4718/4718
f 4720/4720 4721/4721 4722/4722
f 4720/4720 4722/4722 4719/4719
f 4723/4723 4722/4722 4721/4721
f 4723/4723 4704/4704 4722/4722
f 4719/4719 4724/4724 4695/4695
f 4724/4724 4719/4719 4722/4722
f 4695/4695 4724/4724 4697/4697
f 4725/4725 4722/4722 4704/4704
f 4722/4722 4725/4725 4724/4724
f 4697/4697 4724/4724 4725/4725
f 4725/4725 4704/4704 4698/4698
f 4725/4725 4698/4698 4697/4697
f 4728/4728 4727/4727 4726/4726
f 4727/4727 4728/4728 4729/4729
f 4730/4730 4729/4729 4728/4728
f 4730/4730 4731/4731 4729/4729
f 4732/4732 4726/4726 4727/4727
f 4732/4732 4733/4733 4726/4726
f 4734/4734 4726/4726 4733/4733
f 4732/4732 4727/4727 4735/4735
f 4733/4733 4736/4736 4734/4734
f 4737/4737 4734/4734 4736/4736
f 4733/4733 4732/4732 4738/4738
f 4735/4735 4738/4738 4732/4732
f 4736/4736 4733/4733 4739/4739
f 4738/4738 4739/4739 4733/4733
f 4736/4736 4740/4740 4737/4737
f 4741/4741 4737/4737 4740/4740
f 4740/4740 4742/4742 4741/4741
f 4743/4743 4741/4741 4742/4742
f 4740/4740 4736/4736 4744/4744
f 4740/4740 4744/4744 4742/4742
f 4739/4739 4744/4744 4736/4736
f 4745/4745 4742/4742 4744/4744
f 4745/4745 4744/4744 4746/4746
f 4747/4747 4746/4746 4744/4744
f 4744/4744 4739/4739 4747/4747
f 4746/4746 4747/4747 4748/4748
f 4749/4749 4748/4748 4747/4747
f 4750/4750 4747/4747 4739/4739
f 4747/4747 4750/4750 4749/4749
f 4739/4739 4738/4738 4750/4750
f 4751/4751 4749/4749 4750/4750
f 4752/4752 4750/4750 4738/4738
f 4750/4750 4752/4752 4751/4751
f 4738/4738 4735/4735 4752/4752
f 4753/4753 4751/4751 4752/4752
f 4752/4752 4754/4754 4753/4753
f 4754/4754 4752/4752 4735/4735
f 4755/4755 4753/4753 4754/4754
f 4755/4755 4754/4754 4756/4756
f 4735/4735 4757/4757 4754/4754
f 4757/4757 4735/4735 4727/4727
f 4758/4758 4756/4756 4754/4754
f 4758/4758 4754/4754 4757/4757
f 4756/4756 4758/4758 4759/4759
f 4727/4727 4729/4729 4757/4757
f 4760/4760 4759/4759 4758/4758
f 4758/4758 4757/4757 4760/4760
f 4761/4761 4757/4757 4729/4729
f 4761/4761 4760/4760 4757/4757
f 4761/4761 4729/4729 4762/4762
f 4761/4761 4762/4762 4760/4760
f 4760/4760 4763/4763 4759/4759
f 4763/4763 4760/4760 4762/4762
f 4764/4764 4759/4759 4763/4763
f 4765/4765 4762/4762 4729/4729
f 4765/4765 4729/4729 4731/4731
f 4731/4731 4766/4766 4765/4765
f 4767/4767 4765/4765 4766/4766
f 4765/4765 4767/4767 4762/4762
f 4766/4766 4768/4768 4767/4767
f 4762/4762 4769/4769 4763/4763
f 4769/4769 4762/4762 4767/4767
f 4770/4770 4767/4767 4768/4768
f 4767/4767 4770/4770 4769/4769
f 4768/4768 4771/4771 4770/4770
f 4772/4772 4770/4770 4771/4771
f 4772/4772 4773/4773 4770/4770
f 4763/4763 4774/4774 4764/4764
f 4774/4774 4763/4763 4769/4769
f 4775/4775 4764/4764 4774/4774
f 4776/4776 4769/4769 4770/4770
f 4769/4769 4776/4776 4774/4774
f 4776/4776 4770/4770 4773/4773
f 4774/4774 4777/4777 4775/4775
f 4777/4777 4774/4774 4776/4776
f 4776/4776 4773/4773 4777/4777
f 4778/4778 4775/4775 4777/4777
f 4779/4779 4777/4777 4773/4773
f 4777/4777 4779/4779 4778/4778
f 4780/4780 4778/4778 4779/4779
f 4783/4783 4782/4782 4781/4781
f 4784/4784 4781/4781 4782/4782
f 4781/4781 4785/4785 4783/4783
f 4784/4784 4782/4782 4786/4786
f 4787/4787 4783/4783 4785/4785
f 4788/4788 4786/4786 4782/4782
f 4787/4787 4785/4785 4789/4789
f 4788/4788 4790/4790 4786/4786
f 4787/4787 4789/4789 4791/4791
f 4792/4792 4786/4786 4790/4790
f 4793/4793 4791/4791 4789/4789
f 4790/4790 4794/4794 4792/4792
f 4793/4793 4795/4795 4791/4791
f 4796/4796 4792/4792 4794/4794
f 4797/4797 4791/4791 4795/4795
f 4794/4794 4798/4798 4796/4796
f 4795/4795 4799/4799 4797/4797
f 4800/4800 4796/4796 4798/4798
f 4799/4799 4801/4801 4797/4797
f 4801/4801 4802/4802 4797/4797
f 4797/4797 4802/4802 4803/4803
f 4804/4804 4797/4797 4803/4803
f 4797/4797 4804/4804 4805/4805
f 4806/4806 4805/4805 4804/4804
f 4807/4807 4805/4805 4806/4806
f 4805/4805 4807/4807 4798/4798
f 4808/4808 4798/4798 4807/4807
f 4808/4808 4809/4809 4798/4798
f 4810/4810 4798/4798 4809/4809
f 4810/4810 4811/4811 4798/4798
f 4811/4811 4812/4812 4798/4798
f 4812/4812 4800/4800 4798/4798
f 4815/4815 4814/4814 4813/4813
f 4813/4813 4816/4816 4815/4815
f 4817/4817 4815/4815 4816/4816
f 4818/4818 4813/4813 4814/4814
f 4814/4814 4819/4819 4818/4818
f 4820/4820 4818/4818 4819/4819
f 4819/4819 4821/4821 4820/4820
f 4822/4822 4820/4820 4821/4821
f 4821/4821 4823/4823 4822/4822
f 4824/4824 4822/4822 4823/4823
f 4824/4824 4823/4823 4825/4825
f 4826/4826 4825/4825 4823/4823
f 4829/4829 4828/4828 4827/4827
f 4830/4830 4827/4827 4828/4828
f 4829/4829 4827/4827 4831/4831
f 4832/4832 4831/4831 4827/4827
f 4832/4832 4833/4833 4831/4831
f 4834/4834 4831/4831 4833/4833
f 4833/4833 4835/4835 4834/4834
f 4836/4836 4834/4834 4835/4835
f 4836/4836 4835/4835 4837/4837
f 4838/4838 4837/4837 4835/4835
f 4841/4841 4840/4840 4839/4839
f 4839/4839 4842/4842 4841/4841
f 4843/4843 4841/4841 4842/4842
f 4844/4844 4839/4839 4840/4840
f 4844/4844 4840/4840 4845/4845
f 4846/4846 4845/4845 4840/4840
f 4846/4846 4847/4847 4845/4845
f 4848/4848 4845/4845 4847/4847
f 4847/4847 4849/4849 4848/4848
f 4850/4850 4848/4848 4849/4849
f 4850/4850 4849/4849 4851/4851
f 4852/4852 4851/4851 4849/4849
f 4855/4855 4854/4854 4853/4853
f 4856/4856 4853/4853 4854/4854
f 4853/4853 4857/4857 4855/4855
f 4858/4858 4855/4855 4857/4857
f 4857/4857 4859/4859 4858/4858
f 4860/4860 4858/4858 4859/4859
f 4859/4859 4861/4861 4860/4860
f 4862/4862 4860/4860 4861/4861
f 4862/4862 4861/4861 4863/4863
f 4864/4864 4863/4863 4861/4861
f 4867/4867 4866/4866 4865/4865
f 4868/4868 4865/4865 4866/4866
f 4866/4866 4869/4869 4868/4868
f 4865/4865 4870/4870 4867/4867
f 4871/4871 4867/4867 4870/4870
f 4872/4872 4868/4868 4869/4869
f 4869/4869 4873/4873 4872/4872
f 4870/4870 4874/4874 4871/4871
f 4875/4875 4871/4871 4874/4874
f 4874/4874 4876/4876 4875/4875
f 4877/4877 4875/4875 4876/4876
f 4876/4876 4874/4874 4878/4878
f 4879/4879 4878/4878 4874/4874
f 4874/4874 4870/4870 4879/4879
f 4878/4878 4879/4879 4880/4880
f 4881/4881 4879/4879 4870/4870
f 4870/4870 4865/4865 4881/4881
f 4882/4882 4880/4880 4879/4879
f 4879/4879 4881/4881 4882/4882
f 4880/4880 4882/4882 4883/4883
f 4884/4884 4883/4883 4882/4882
f 4885/4885 4884/4884 4882/4882
f 4886/4886 4885/4885 4882/4882
f 4886/4886 4882/4882 4881/4881
f 4886/4886 4887/4887 4885/4885
f 4886/4886 4888/4888 4887/4887
f 4889/4889 4881/4881 4865/4865
f 4881/4881 4889/4889 4886/4886
f 4865/4865 4868/4868 4889/4889
f 4886/4886 4890/4890 4888/4888
f 4890/4890 4886/4886 4889/4889
f 4890/4890 4891/4891 4888/4888
f 4892/4892 4889/4889 4868/4868
f 4889/4889 4892/4892 4890/4890
f 4868/4868 4872/4872 4892/4892
f 4890/4890 4893/4893 4891/4891
f 4893/4893 4890/4890 4892/4892
f 4894/4894 4891/4891 4893/4893
f 4895/4895 4892/4892 4872/4872
f 4872/4872 4873/4873 4895/4895
f 4896/4896 4895/4895 4873/4873
f 4892/4892 4895/4895 4897/4897
f 4895/4895 4896/4896 4897/4897
f 4892/4892 4897/4897 4893/4893
f 4898/4898 4897/4897 4896/4896
f 4898/4898 4899/4899 4897/4897
f 4900/4900 4893/4893 4897/4897
f 4900/4900 4897/4897 4899/4899
f 4893/4893 4900/4900 4894/4894
f 4899/4899 4901/4901 4900/4900
f 4901/4901 4894/4894 4900/4900
f 4904/4904 4903/4903 4902/4902
f 4905/4905 4902/4902 4903/4903
f 4905/4905 4903/4903 4906/4906
f 4907/4907 4906/4906 4903/4903
f 4905/4905 4908/4908 4902/4902
f 4906/4906 4907/4907 4909/4909
f 4910/4910 4909/4909 4907/4907
f 4909/4909 4910/4910 4911/4911
f 4912/4912 4911/4911 4910/4910
f 4911/4911 4912/4912 4913/4913
f 4914/4914 4913/4913 4912/4912
f 4913/4913 4914/4914 4915/4915
f 4916/4916 4915/4915 4914/4914
f 4915/4915 4916/4916 4917/4917
f 4918/4918 4917/4917 4916/4916
f 4917/4917 4918/4918 4919/4919
f 4917/4917 4919/4919 4920/4920
f 4902/4902 4908/4908 4921/4921
f 4922/4922 4921/4921 4908/4908
f 4902/4902 4921/4921 4923/4923
f 4902/4902 4923/4923 4904/4904
f 4921/4921 4922/4922 4924/4924
f 4925/4925 4924/4924 4922/4922
f 4924/4924 4925/4925 4926/4926
f 4927/4927 4926/4926 4925/4925
f 4928/4928 4926/4926 4927/4927
f 4928/4928 4929/4929 4926/4926
f 4930/4930 4926/4926 4929/4929
f 4926/4926 4930/4930 4924/4924
f 4931/4931 4930/4930 4929/4929
f 4924/4924 4932/4932 4921/4921
f 4932/4932 4924/4924 4930/4930
f 4933/4933 4921/4921 4932/4932
f 4933/4933 4923/4923 4921/4921
f 4930/4930 4934/4934 4932/4932
f 4930/4930 4931/4931 4934/4934
f 4932/4932 4935/4935 4933/4933
f 4935/4935 4932/4932 4934/4934
f 4936/4936 4934/4934 4931/4931
f 4931/4931 4937/4937 4936/4936
f 4934/4934 4936/4936 4938/4938
f 4938/4938 4936/4936 4937/4937
f 4938/4938 4939/4939 4934/4934
f 4938/4938 4937/4937 4939/4939
f 4935/4935 4934/4934 4939/4939
f 4940/4940 4939/4939 4937/4937
f 4940/4940 4941/4941 4939/4939
f 4935/4935 4939/4939 4941/4941
f 4935/4935 4941/4941 4942/4942
f 4942/4942 4933/4933 4935/4935
f 4942/4942 4943/4943 4933/4933
f 4923/4923 4933/4933 4943/4943
f 4943/4943 4944/4944 4923/4923
f 4945/4945 4923/4923 4944/4944
f 4923/4923 4945/4945 4946/4946
f 4946/4946 4904/4904 4923/4923
f 4947/4947 4904/4904 4946/4946
f 4945/4945 4948/4948 4946/4946
f 4947/4947 4946/4946 4948/4948
f 4948/4948 4949/4949 4947/4947
f 4948/4948 4945/4945 4949/4949
f 4950/4950 4947/4947 4949/4949
f 4950/4950 4949/4949 4951/4951
f 4945/4945 4944/4944 4952/4952
f 4952/4952 4949/4949 4945/4945
f 4953/4953 4952/4952 4944/4944
f 4954/4954 4951/4951 4949/4949
f 4949/4949 4952/4952 4954/4954
f 4955/4955 4951/4951 4954/4954
f 4952/4952 4953/4953 4956/4956
f 4956/4956 4954/4954 4952/4952
f 4957/4957 4956/4956 4953/4953
f 4955/4955 4954/4954 4958/4958
f 4958/4958 4954/4954 4956/4956
f 4959/4959 4955/4955 4958/4958
f 4960/4960 4959/4959 4958/4958
f 4961/4961 4960/4960 4958/4958
f 4956/4956 4962/4962 4958/4958
f 4956/4956 4957/4957 4962/4962
f 4961/4961 4958/4958 4962/4962
f 4963/4963 4962/4962 4957/4957
f 4961/4961 4962/4962 4964/4964
f 4963/4963 4964/4964 4962/4962
f 4967/4967 4966/4966 4965/4965
f 4968/4968 4965/4965 4966/4966
f 4969/4969 4965/4965 4968/4968
f 4966/4966 4967/4967 4970/4970
f 4971/4971 4970/4970 4967/4967
f 4970/4970 4971/4971 4972/4972
f 4973/4973 4972/4972 4971/4971
f 4973/4973 4975/4975 4974/4974
f 4973/4973 4974/4974 4976/4976
f 4973/4973 4976/4976 4972/4972
f 4977/4977 4976/4976 4974/4974
f 4977/4977 4978/4978 4976/4976
f 4979/4979 4976/4976 4978/4978
f 4978/4978 4980/4980 4979/4979
f 4981/4981 4972/4972 4976/4976
f 4976/4976 4979/4979 4981/4981
f 4972/4972 4981/4981 4982/4982
f 4972/4972 4982/4982 4983/4983
f 4984/4984 4982/4982 4981/4981
f 4985/4985 4979/4979 4980/4980
f 4986/4986 4985/4985 4980/4980
f 4987/4987 4981/4981 4979/4979
f 4981/4981 4987/4987 4984/4984
f 4988/4988 4984/4984 4987/4987
f 4987/4987 4979/4979 4989/4989
f 4985/4985 4989/4989 4979/4979
f 4987/4987 4989/4989 4988/4988
f 4985/4985 4986/4986 4989/4989
f 4990/4990 4988/4988 4989/4989
f 4990/4990 4989/4989 4986/4986
f 4993/4993 4992/4992 4991/4991
f 4994/4994 4991/4991 4992/4992
f 4991/4991 4994/4994 4995/4995
f 4991/4991 4995/4995 4993/4993
f 4996/4996 4995/4995 4994/4994
f 4994/4994 4997/4997 4996/4996
f 4994/4994 4992/4992 4997/4997
f 4996/4996 4998/4998 4995/4995
f 4999/4999 4996/4996 4997/4997
f 4996/4996 4999/4999 4998/4998
f 4997/4997 5000/5000 4999/4999
f 5000/5000 4997/4997 4992/4992
f 5001/5001 4998/4998 4999/4999
f 5001/5001 4999/4999 5000/5000
f 5002/5002 4995/4995 4998/4998
f 5002/5002 4993/4993 4995/4995
f 5001/5001 5003/5003 4998/4998
f 5002/5002 5004/5004 4993/4993
f 5002/5002 4998/4998 5005/5005
f 5004/5004 5002/5002 5006/5006
f 5005/5005 5006/5006 5002/5002
f 5006/5006 5007/5007 5004/5004
f 5007/5007 4993/4993 5004/5004
f 5006/5006 5005/5005 5008/5008
f 5008/5008 5009/5009 5006/5006
f 5009/5009 5007/5007 5006/5006
f 5010/5010 5008/5008 5005/5005
f 5011/5011 5005/5005 4998/4998
f 5005/5005 5011/5011 5010/5010
f 5011/5011 4998/4998 5003/5003
f 5012/5012 5010/5010 5011/5011
f 5011/5011 5003/5003 5012/5012
f 5013/5013 5012/5012 5003/5003
f 5013/5013 5003/5003 5014/5014
f 5015/5015 5014/5014 5003/5003
f 5003/5003 5001/5001 5015/5015
f 5015/5015 5016/5016 5014/5014
f 5017/5017 5015/5015 5001/5001
f 5015/5015 5017/5017 5016/5016
f 5018/5018 5014/5014 5016/5016
f 5001/5001 5000/5000 5017/5017
f 5018/5018 5016/5016 5019/5019
f 5018/5018 5019/5019 5020/5020
f 5021/5021 5016/5016 5017/5017
f 5016/5016 5021/5021 5019/5019
f 5022/5022 5017/5017 5000/5000
f 5017/5017 5022/5022 5021/5021
f 5023/5023 5021/5021 5022/5022
f 5019/5019 5021/5021 5023/5023
f 5019/5019 5024/5024 5020/5020
f 5025/5025 5020/5020 5024/5024
f 5019/5019 5023/5023 5026/5026
f 5024/5024 5027/5027 5025/5025
f 5028/5028 5025/5025 5027/5027
f 5024/5024 5019/5019 5029/5029
f 5026/5026 5029/5029 5019/5019
f 5027/5027 5024/5024 5030/5030
f 5029/5029 5030/5030 5024/5024
f 5027/5027 5031/5031 5028/5028
f 5032/5032 5028/5028 5031/5031
f 5031/5031 5033/5033 5032/5032
f 5031/5031 5027/5027 5034/5034
f 5031/5031 5034/5034 5033/5033
f 5030/5030 5034/5034 5027/5027
f 5035/5035 5033/5033 5034/5034
f 5036/5036 5035/5035 5034/5034
f 5036/5036 5034/5034 5037/5037
f 5036/5036 5037/5037 5038/5038
f 5034/5034 5030/5030 5039/5039
f 5039/5039 5037/5037 5034/5034
f 5040/5040 5038/5038 5037/5037
f 5040/5040 5037/5037 5039/5039
f 5040/5040 5041/5041 5038/5038
f 5040/5040 5039/5039 5041/5041
f 5042/5042 5038/5038 5041/5041
f 5042/5042 5041/5041 5043/5043
f 5044/5044 5041/5041 5039/5039
f 5044/5044 5043/5043 5041/5041
f 5044/5044 5039/5039 5030/5030
f 5043/5043 5044/5044 5045/5045
f 5030/5030 5029/5029 5044/5044
f 5045/5045 5044/5044 5029/5029
f 5029/5029 5026/5026 5045/5045
f 5046/5046 5045/5045 5026/5026
f 5026/5026 5047/5047 5046/5046
f 5047/5047 5026/5026 5023/5023
f 5048/5048 5046/5046 5047/5047
f 5023/5023 5049/5049 5047/5047
f 5023/5023 5022/5022 5049/5049
f 5050/5050 5047/5047 5049/5049
f 5051/5051 5049/5049 5022/5022
f 5049/5049 5051/5051 5052/5052
f 5022/5022 5000/5000 5051/5051
f 5053/5053 5052/5052 5051/5051
f 5051/5051 5000/5000 5053/5053
f 4992/4992 5053/5053 5000/5000
f 5052/5052 5053/5053 5054/5054
f 5050/5050 5055/5055 5047/5047
f 5047/5047 5055/5055 5048/5048
f 5050/5050 5056/5056 5055/5055
f 5057/5057 5048/5048 5055/5055
f 5053/5053 4992/4992 5058/5058
f 5058/5058 5054/5054 5053/5053
f 4993/4993 5058/5058 4992/4992
f 5055/5055 5059/5059 5057/5057
f 5059/5059 5055/5055 5056/5056
f 5060/5060 5057/5057 5059/5059
f 5058/5058 4993/4993 5061/5061
f 5058/5058 5061/5061 5054/5054
f 5059/5059 5056/5056 5062/5062
f 5056/5056 5063/5063 5062/5062
f 5059/5059 5064/5064 5060/5060
f 5064/5064 5059/5059 5062/5062
f 5065/5065 5060/5060 5064/5064
f 5064/5064 5066/5066 5065/5065
f 5064/5064 5062/5062 5067/5067
f 5064/5064 5067/5067 5066/5066
f 5062/5062 5063/5063 5067/5067
f 5066/5066 5067/5067 5068/5068
f 5069/5069 5063/5063 5054/5054
f 5069/5069 5067/5067 5063/5063
f 5069/5069 5068/5068 5067/5067
f 5069/5069 5054/5054 5061/5061
f 5069/5069 5061/5061 5068/5068
f 5070/5070 5068/5068 5061/5061
f 5061/5061 5071/5071 5070/5070
f 5071/5071 5061/5061 4993/4993
f 5072/5072 5070/5070 5071/5071
f 4993/4993 5007/5007 5071/5071
f 5071/5071 5073/5073 5072/5072
f 5073/5073 5071/5071 5007/5007
f 5074/5074 5072/5072 5073/5073
f 5007/5007 5009/5009 5073/5073
f 5009/5009 5074/5074 5073/5073
f 5077/5077 5076/5076 5075/5075
f 5075/5075 5078/5078 5077/5077
f 5079/5079 5077/5077 5078/5078
f 5078/5078 5080/5080 5079/5079
f 5081/5081 5079/5079 5080/5080
f 5082/5082 5075/5075 5076/5076
f 5076/5076 5083/5083 5082/5082
f 5076/5076 5084/5084 5083/5083
f 5085/5085 5082/5082 5083/5083
f 5086/5086 5083/5083 5084/5084
f 5083/5083 5086/5086 5085/5085
f 5087/5087 5085/5085 5086/5086
f 5084/5084 5088/5088 5086/5086
f 5087/5087 5086/5086 5089/5089
f 5090/5090 5086/5086 5088/5088
f 5090/5090 5089/5089 5086/5086
f 5090/5090 5088/5088 5091/5091
f 5092/5092 5091/5091 5088/5088
f 5089/5089 5090/5090 5093/5093
f 5091/5091 5093/5093 5090/5090
f 5089/5089 5093/5093 5094/5094
f 5095/5095 5094/5094 5093/5093
f 5095/5095 5093/5093 5096/5096
f 5091/5091 5092/5092 5097/5097
f 5091/5091 5097/5097 5093/5093
f 5098/5098 5097/5097 5092/5092
f 5099/5099 5096/5096 5093/5093
f 5099/5099 5093/5093 5097/5097
f 5099/5099 5100/5100 5096/5096
f 5101/5101 5096/5096 5100/5100
f 5097/5097 5102/5102 5099/5099
f 5100/5100 5099/5099 5102/5102
f 5097/5097 5098/5098 5102/5102
f 5100/5100 5102/5102 5101/5101
f 5103/5103 5102/5102 5098/5098
f 5103/5103 5101/5101 5102/5102
f 5106/5106 5105/5105 5104/5104
f 5107/5107 5105/5105 5106/5106
f 5107/5107 5108/5108 5105/5105
f 5109/5109 5105/5105 5108/5108
f 5110/5110 5109/5109 5108/5108
f 5105/5105 5109/5109 5111/5111
f 5111/5111 5104/5104 5105/5105
f 5112/5112 5111/5111 5109/5109
f 5111/5111 5113/5113 5104/5104
f 5111/5111 5112/5112 5113/5113
f 5114/5114 5113/5113 5112/5112
f 5115/5115 5104/5104 5113/5113
f 5114/5114 5116/5116 5113/5113
f 5113/5113 5117/5117 5115/5115
f 5117/5117 5113/5113 5116/5116
f 5118/5118 5115/5115 5117/5117
f 5116/5116 5119/5119 5117/5117
f 5117/5117 5120/5120 5118/5118
f 5120/5120 5117/5117 5119/5119
f 5121/5121 5118/5118 5120/5120
f 5119/5119 5122/5122 5120/5120
f 5120/5120 5123/5123 5121/5121
f 5123/5123 5120/5120 5122/5122
f 5124/5124 5121/5121 5123/5123
f 5124/5124 5123/5123 5125/5125
f 5123/5123 5122/5122 5126/5126
f 5126/5126 5125/5125 5123/5123
f 5127/5127 5126/5126 5122/5122
f 5126/5126 5128/5128 5125/5125
f 5126/5126 5127/5127 5128/5128
f 5129/5129 5125/5125 5128/5128
f 5130/5130 5128/5128 5127/5127
f 5133/5133 5132/5132 5131/5131
f 5134/5134 5131/5131 5132/5132
f 5131/5131 5135/5135 5133/5133
f 5132/5132 5133/5133 5136/5136
f 5137/5137 5133/5133 5135/5135
f 5137/5137 5135/5135 5138/5138
f 5139/5139 5138/5138 5135/5135
f 5137/5137 5140/5140 5133/5133
f 5137/5137 5138/5138 5140/5140
f 5141/5141 5136/5136 5133/5133
f 5133/5133 5140/5140 5141/5141
f 5138/5138 5139/5139 5142/5142
f 5143/5143 5142/5142 5139/5139
f 5138/5138 5142/5142 5144/5144
f 5140/5140 5138/5138 5145/5145
f 5144/5144 5145/5145 5138/5138
f 5145/5145 5141/5141 5140/5140
f 5146/5146 5144/5144 5142/5142
f 5141/5141 5147/5147 5136/5136
f 5148/5148 5136/5136 5147/5147
f 5147/5147 5141/5141 5149/5149
f 5145/5145 5150/5150 5141/5141
f 5150/5150 5149/5149 5141/5141
f 5145/5145 5144/5144 5150/5150
f 5150/5150 5144/5144 5149/5149
f 5151/5151 5149/5149 5144/5144
f 5144/5144 5146/5146 5151/5151
f 5152/5152 5151/5151 5146/5146
f 5155/5155 5154/5154 5153/5153
f 5156/5156 5153/5153 5154/5154
f 5153/5153 5157/5157 5155/5155
f 5154/5154 5155/5155 5158/5158
f 5159/5159 5155/5155 5157/5157
f 5159/5159 5157/5157 5160/5160
f 5161/5161 5160/5160 5157/5157
f 5159/5159 5162/5162 5155/5155
f 5159/5159 5160/5160 5162/5162
f 5163/5163 5158/5158 5155/5155
f 5155/5155 5162/5162 5163/5163
f 5160/5160 5161/5161 5164/5164
f 5165/5165 5164/5164 5161/5161
f 5160/5160 5164/5164 5166/5166
f 5162/5162 5160/5160 5167/5167
f 5166/5166 5167/5167 5160/5160
f 5167/5167 5163/5163 5162/5162
f 5168/5168 5166/5166 5164/5164
f 5163/5163 5169/5169 5158/5158
f 5170/5170 5158/5158 5169/5169
f 5169/5169 5163/5163 5171/5171
f 5167/5167 5172/5172 5163/5163
f 5172/5172 5171/5171 5163/5163
f 5167/5167 5166/5166 5172/5172
f 5172/5172 5166/5166 5171/5171
f 5173/5173 5171/5171 5166/5166
f 5166/5166 5168/5168 5173/5173
f 5174/5174 5173/5173 5168/5168
f 5177/5177 5176/5176 5175/5175
f 5177/5177 5175/5175 5178/5178
f 5179/5179 5175/5175 5176/5176
f 5176/5176 5180/5180 5179/5179
f 5181/5181 5178/5178 5175/5175
f 5178/5178 5181/5181 5182/5182
f 5175/5175 5179/5179 5183/5183
f 5175/5175 5183/5183 5181/5181
f 5184/5184 5179/5179 5180/5180
f 5180/5180 5185/5185 5184/5184
f 5186/5186 5182/5182 5181/5181
f 5182/5182 5186/5186 5187/5187
f 5181/5181 5188/5188 5186/5186
f 5188/5188 5181/5181 5183/5183
f 5189/5189 5187/5187 5186/5186
f 5187/5187 5189/5189 5190/5190
f 5191/5191 5186/5186 5188/5188
f 5186/5186 5191/5191 5189/5189
f 5192/5192 5190/5190 5189/5189
f 5191/5191 5188/5188 5193/5193
f 5192/5192 5194/5194 5190/5190
f 5195/5195 5190/5190 5194/5194
f 5192/5192 5189/5189 5196/5196
f 5194/5194 5192/5192 5197/5197
f 5196/5196 5197/5197 5192/5192
f 5194/5194 5198/5198 5195/5195
f 5199/5199 5195/5195 5198/5198
f 5200/5200 5196/5196 5189/5189
f 5200/5200 5189/5189 5191/5191
f 5196/5196 5201/5201 5197/5197
f 5196/5196 5200/5200 5201/5201
f 5200/5200 5191/5191 5202/5202
f 5202/5202 5201/5201 5200/5200
f 5193/5193 5202/5202 5191/5191
f 5198/5198 5203/5203 5199/5199
f 5204/5204 5199/5199 5203/5203
f 5204/5204 5203/5203 5205/5205
f 5202/5202 5193/5193 5206/5206
f 5202/5202 5206/5206 5201/5201
f 5207/5207 5205/5205 5203/5203
f 5205/5205 5207/5207 5208/5208
f 5203/5203 5198/5198 5209/5209
f 5203/5203 5209/5209 5207/5207
f 5210/5210 5208/5208 5207/5207
f 5208/5208 5210/5210 5211/5211
f 5212/5212 5211/5211 5210/5210
f 5207/5207 5213/5213 5210/5210
f 5213/5213 5207/5207 5209/5209
f 5210/5210 5214/5214 5212/5212
f 5214/5214 5210/5210 5213/5213
f 5215/5215 5212/5212 5214/5214
f 5215/5215 5214/5214 5216/5216
f 5217/5217 5216/5216 5214/5214
f 5214/5214 5213/5213 5217/5217
f 5216/5216 5217/5217 5218/5218
f 5219/5219 5217/5217 5213/5213
f 5213/5213 5209/5209 5219/5219
f 5220/5220 5218/5218 5217/5217
f 5217/5217 5219/5219 5220/5220
f 5218/5218 5220/5220 5221/5221
f 5222/5222 5221/5221 5220/5220
f 5221/5221 5222/5222 5223/5223
f 5224/5224 5220/5220 5219/5219
f 5220/5220 5224/5224 5222/5222
f 5225/5225 5219/5219 5209/5209
f 5219/5219 5225/5225 5224/5224
f 5226/5226 5222/5222 5224/5224
f 5227/5227 5224/5224 5225/5225
f 5224/5224 5227/5227 5226/5226
f 5222/5222 5226/5226 5228/5228
f 5228/5228 5223/5223 5222/5222
f 5229/5229 5226/5226 5227/5227
f 5228/5228 5230/5230 5223/5223
f 5231/5231 5223/5223 5230/5230
f 5230/5230 5232/5232 5231/5231
f 5233/5233 5231/5231 5232/5232
f 5232/5232 5230/5230 5234/5234
f 5235/5235 5234/5234 5230/5230
f 5230/5230 5228/5228 5235/5235
f 5234/5234 5235/5235 5236/5236
f 5237/5237 5228/5228 5226/5226
f 5237/5237 5235/5235 5228/5228
f 5226/5226 5229/5229 5237/5237
f 5238/5238 5236/5236 5235/5235
f 5235/5235 5237/5237 5238/5238
f 5239/5239 5237/5237 5229/5229
f 5239/5239 5238/5238 5237/5237
f 5239/5239 5229/5229 5240/5240
f 5239/5239 5240/5240 5238/5238
f 5238/5238 5241/5241 5236/5236
f 5241/5241 5238/5238 5240/5240
f 5242/5242 5236/5236 5241/5241
f 5243/5243 5240/5240 5229/5229
f 5229/5229 5227/5227 5243/5243
f 5240/5240 5244/5244 5241/5241
f 5240/5240 5243/5243 5244/5244
f 5241/5241 5245/5245 5242/5242
f 5245/5245 5241/5241 5244/5244
f 5246/5246 5242/5242 5245/5245
f 5245/5245 5247/5247 5246/5246
f 5248/5248 5246/5246 5247/5247
f 5244/5244 5249/5249 5245/5245
f 5247/5247 5245/5245 5249/5249
f 5248/5248 5247/5247 5250/5250
f 5251/5251 5250/5250 5247/5247
f 5250/5250 5251/5251 5252/5252
f 5251/5251 5247/5247 5253/5253
f 5249/5249 5253/5253 5247/5247
f 5254/5254 5252/5252 5251/5251
f 5251/5251 5253/5253 5254/5254
f 5252/5252 5254/5254 5255/5255
f 5253/5253 5249/5249 5256/5256
f 5257/5257 5255/5255 5254/5254
f 5255/5255 5257/5257 5258/5258
f 5259/5259 5254/5254 5253/5253
f 5254/5254 5259/5259 5257/5257
f 5259/5259 5253/5253 5260/5260
f 5256/5256 5260/5260 5253/5253
f 5261/5261 5257/5257 5259/5259
f 5262/5262 5258/5258 5257/5257
f 5257/5257 5261/5261 5262/5262
f 5261/5261 5259/5259 5263/5263
f 5260/5260 5263/5263 5259/5259
f 5264/5264 5262/5262 5261/5261
f 5262/5262 5265/5265 5258/5258
f 5266/5266 5258/5258 5265/5265
f 5264/5264 5267/5267 5262/5262
f 5265/5265 5262/5262 5267/5267
f 5264/5264 5261/5261 5268/5268
f 5264/5264 5268/5268 5267/5267
f 5263/5263 5268/5268 5261/5261
f 5265/5265 5269/5269 5266/5266
f 5270/5270 5266/5266 5269/5269
f 5267/5267 5271/5271 5265/5265
f 5269/5269 5265/5265 5271/5271
f 5272/5272 5267/5267 5268/5268
f 5267/5267 5272/5272 5271/5271
f 5268/5268 5263/5263 5273/5273
f 5268/5268 5273/5273 5272/5272
f 5269/5269 5274/5274 5270/5270
f 5275/5275 5270/5270 5274/5274
f 5275/5275 5274/5274 5276/5276
f 5277/5277 5276/5276 5274/5274
f 5277/5277 5274/5274 5278/5278
f 5274/5274 5269/5269 5279/5279
f 5279/5279 5278/5278 5274/5274
f 5271/5271 5279/5279 5269/5269
f 5278/5278 5279/5279 5280/5280
f 5281/5281 5271/5271 5272/5272
f 5271/5271 5281/5281 5279/5279
f 5282/5282 5280/5280 5279/5279
f 5282/5282 5279/5279 5281/5281
f 5282/5282 5283/5283 5280/5280
f 5284/5284 5280/5280 5283/5283
f 5281/5281 5285/5285 5282/5282
f 5283/5283 5282/5282 5285/5285
f 5272/5272 5286/5286 5281/5281
f 5285/5285 5281/5281 5286/5286
f 5286/5286 5272/5272 5273/5273
f 5283/5283 5287/5287 5284/5284
f 5288/5288 5284/5284 5287/5287
f 5288/5288 5287/5287 5289/5289
f 5287/5287 5283/5283 5290/5290
f 5285/5285 5290/5290 5283/5283
f 5291/5291 5289/5289 5287/5287
f 5289/5289 5291/5291 5292/5292
f 5290/5290 5293/5293 5287/5287
f 5291/5291 5287/5287 5293/5293
f 5290/5290 5285/5285 5294/5294
f 5286/5286 5294/5294 5285/5285
f 5293/5293 5290/5290 5295/5295
f 5294/5294 5295/5295 5290/5290
f 5291/5291 5293/5293 5296/5296
f 5296/5296 5292/5292 5291/5291
f 5293/5293 5295/5295 5184/5184
f 5184/5184 5296/5296 5293/5293
f 5179/5179 5184/5184 5295/5295
f 5296/5296 5184/5184 5185/5185
f 5296/5296 5185/5185 5292/5292
f 5297/5297 5292/5292 5185/5185
f 5295/5295 5183/5183 5179/5179
f 5295/5295 5294/5294 5183/5183
f 5294/5294 5286/5286 5298/5298
f 5298/5298 5183/5183 5294/5294
f 5273/5273 5298/5298 5286/5286
f 5298/5298 5299/5299 5183/5183
f 5188/5188 5183/5183 5299/5299
f 5299/5299 5193/5193 5188/5188
f 5273/5273 5300/5300 5298/5298
f 5299/5299 5298/5298 5300/5300
f 5300/5300 5273/5273 5263/5263
f 5263/5263 5260/5260 5300/5300
f 5300/5300 5301/5301 5299/5299
f 5301/5301 5300/5300 5260/5260
f 5193/5193 5299/5299 5301/5301
f 5301/5301 5206/5206 5193/5193
f 5260/5260 5256/5256 5301/5301
f 5206/5206 5301/5301 5256/5256
f 5206/5206 5256/5256 5302/5302
f 5302/5302 5201/5201 5206/5206
f 5303/5303 5302/5302 5256/5256
f 5303/5303 5256/5256 5249/5249
f 5201/5201 5302/5302 5304/5304
f 5304/5304 5197/5197 5201/5201
f 5302/5302 5303/5303 5305/5305
f 5305/5305 5304/5304 5302/5302
f 5303/5303 5249/5249 5306/5306
f 5306/5306 5305/5305 5303/5303
f 5244/5244 5306/5306 5249/5249
f 5306/5306 5244/5244 5243/5243
f 5243/5243 5307/5307 5306/5306
f 5305/5305 5306/5306 5307/5307
f 5307/5307 5243/5243 5227/5227
f 5227/5227 5225/5225 5307/5307
f 5307/5307 5308/5308 5305/5305
f 5308/5308 5307/5307 5225/5225
f 5304/5304 5305/5305 5308/5308
f 5225/5225 5209/5209 5308/5308
f 5308/5308 5309/5309 5304/5304
f 5309/5309 5308/5308 5209/5209
f 5197/5197 5304/5304 5309/5309
f 5309/5309 5209/5209 5198/5198
f 5197/5197 5309/5309 5194/5194
f 5198/5198 5194/5194 5309/5309
f 5312/5312 5311/5311 5310/5310
f 5312/5312 5310/5310 5313/5313
f 5314/5314 5310/5310 5311/5311
f 5315/5315 5313/5313 5310/5310
f 5314/5314 5311/5311 5316/5316
f 5313/5313 5317/5317 5312/5312
f 5313/5313 5315/5315 5317/5317
f 5311/5311 5312/5312 5317/5317
f 5318/5318 5317/5317 5315/5315
f 5318/5318 5319/5319 5317/5317
f 5320/5320 5317/5317 5319/5319
f 5311/5311 5317/5317 5321/5321
f 5321/5321 5316/5316 5311/5311
f 5320/5320 5321/5321 5317/5317
f 5320/5320 5319/5319 5322/5322
f 5320/5320 5322/5322 5321/5321
f 5323/5323 5322/5322 5319/5319
f 5321/5321 5324/5324 5316/5316
f 5324/5324 5321/5321 5322/5322
f 5325/5325 5316/5316 5324/5324
f 5325/5325 5324/5324 5326/5326
f 5327/5327 5326/5326 5324/5324
f 5324/5324 5322/5322 5327/5327
f 5326/5326 5327/5327 5328/5328
f 5322/5322 5323/5323 5329/5329
f 5329/5329 5327/5327 5322/5322
f 5330/5330 5329/5329 5323/5323
f 5331/5331 5328/5328 5327/5327
f 5327/5327 5329/5329 5331/5331
f 5328/5328 5331/5331 5332/5332
f 5329/5329 5330/5330 5333/5333
f 5333/5333 5331/5331 5329/5329
f 5334/5334 5333/5333 5330/5330
f 5334/5334 5335/5335 5333/5333
f 5336/5336 5333/5333 5335/5335
f 5333/5333 5336/5336 5331/5331
f 5335/5335 5337/5337 5336/5336
f 5338/5338 5332/5332 5331/5331
f 5338/5338 5331/5331 5336/5336
f 5332/5332 5338/5338 5339/5339
f 5340/5340 5336/5336 5337/5337
f 5338/5338 5336/5336 5341/5341
f 5341/5341 5339/5339 5338/5338
f 5340/5340 5341/5341 5336/5336
f 5340/5340 5337/5337 5342/5342
f 5340/5340 5342/5342 5341/5341
f 5343/5343 5342/5342 5337/5337
f 5341/5341 5344/5344 5339/5339
f 5344/5344 5341/5341 5342/5342
f 5345/5345 5339/5339 5344/5344
f 5344/5344 5346/5346 5345/5345
f 5344/5344 5342/5342 5346/5346
f 5347/5347 5345/5345 5346/5346
f 5342/5342 5343/5343 5348/5348
f 5348/5348 5346/5346 5342/5342
f 5349/5349 5348/5348 5343/5343
f 5347/5347 5346/5346 5350/5350
f 5349/5349 5351/5351 5348/5348
f 5352/5352 5350/5350 5346/5346
f 5346/5346 5348/5348 5352/5352
f 5353/5353 5348/5348 5351/5351
f 5353/5353 5352/5352 5348/5348
f 5351/5351 5354/5354 5353/5353
f 5352/5352 5355/5355 5350/5350
f 5352/5352 5353/5353 5355/5355
f 5356/5356 5350/5350 5355/5355
f 5357/5357 5353/5353 5354/5354
f 5357/5357 5355/5355 5353/5353
f 5354/5354 5358/5358 5357/5357
f 5356/5356 5355/5355 5359/5359
f 5360/5360 5357/5357 5358/5358
f 5357/5357 5360/5360 5355/5355
f 5358/5358 5361/5361 5360/5360
f 5362/5362 5359/5359 5355/5355
f 5362/5362 5355/5355 5360/5360
f 5359/5359 5362/5362 5363/5363
f 5364/5364 5360/5360 5361/5361
f 5360/5360 5364/5364 5362/5362
f 5365/5365 5363/5363 5362/5362
f 5365/5365 5362/5362 5364/5364
f 5365/5365 5366/5366 5363/5363
f 5365/5365 5364/5364 5366/5366
f 5367/5367 5363/5363 5366/5366
f 5364/5364 5361/5361 5368/5368
f 5368/5368 5366/5366 5364/5364
f 5369/5369 5368/5368 5361/5361
f 5368/5368 5369/5369 5370/5370
f 5368/5368 5370/5370 5366/5366
f 5371/5371 5370/5370 5369/5369
f 5371/5371 5372/5372 5370/5370
f 5366/5366 5373/5373 5367/5367
f 5373/5373 5366/5366 5370/5370
f 5374/5374 5367/5367 5373/5373
f 5375/5375 5370/5370 5372/5372
f 5370/5370 5375/5375 5373/5373
f 5375/5375 5372/5372 5376/5376
f 5377/5377 5376/5376 5372/5372
f 5378/5378 5373/5373 5375/5375
f 5373/5373 5378/5378 5374/5374
f 5375/5375 5376/5376 5378/5378
f 5379/5379 5374/5374 5378/5378
f 5377/5377 5380/5380 5376/5376
f 5378/5378 5381/5381 5379/5379
f 5381/5381 5378/5378 5376/5376
f 5382/5382 5379/5379 5381/5381
f 5383/5383 5376/5376 5380/5380
f 5376/5376 5383/5383 5381/5381
f 5380/5380 5384/5384 5383/5383
f 5381/5381 5385/5385 5382/5382
f 5385/5385 5381/5381 5383/5383
f 5386/5386 5382/5382 5385/5385
f 5386/5386 5385/5385 5387/5387
f 5383/5383 5388/5388 5385/5385
f 5388/5388 5383/5383 5384/5384
f 5389/5389 5387/5387 5385/5385
f 5389/5389 5385/5385 5388/5388
f 5389/5389 5390/5390 5387/5387
f 5389/5389 5388/5388 5390/5390
f 5391/5391 5387/5387 5390/5390
f 5388/5388 5384/5384 5392/5392
f 5392/5392 5390/5390 5388/5388
f 5393/5393 5392/5392 5384/5384
f 5392/5392 5393/5393 5394/5394
f 5392/5392 5394/5394 5390/5390
f 5395/5395 5394/5394 5393/5393
f 5390/5390 5396/5396 5391/5391
f 5396/5396 5390/5390 5394/5394
f 5397/5397 5391/5391 5396/5396
f 5394/5394 5395/5395 5398/5398
f 5394/5394 5398/5398 5396/5396
f 5399/5399 5398/5398 5395/5395
f 5396/5396 5400/5400 5397/5397
f 5400/5400 5396/5396 5398/5398
f 5401/5401 5397/5397 5400/5400
f 5399/5399 5402/5402 5398/5398
f 5401/5401 5400/5400 5403/5403
f 5404/5404 5403/5403 5400/5400
f 5400/5400 5398/5398 5404/5404
f 5403/5403 5404/5404 5405/5405
f 5406/5406 5398/5398 5402/5402
f 5406/5406 5404/5404 5398/5398
f 5402/5402 5407/5407 5406/5406
f 5408/5408 5405/5405 5404/5404
f 5406/5406 5409/5409 5404/5404
f 5409/5409 5406/5406 5407/5407
f 5408/5408 5404/5404 5409/5409
f 5408/5408 5410/5410 5405/5405
f 5408/5408 5409/5409 5410/5410
f 5411/5411 5405/5405 5410/5410
f 5412/5412 5410/5410 5409/5409
f 5409/5409 5407/5407 5412/5412
f 5413/5413 5412/5412 5407/5407
f 5416/5416 5415/5415 5414/5414
f 5416/5416 5414/5414 5417/5417
f 5416/5416 5417/5417 5415/5415
f 5418/5418 5414/5414 5415/5415
f 5419/5419 5417/5417 5414/5414
f 5418/5418 5415/5415 5420/5420
f 5419/5419 5421/5421 5417/5417
f 5422/5422 5420/5420 5415/5415
f 5422/5422 5415/5415 5417/5417
f 5420/5420 5422/5422 5423/5423
f 5424/5424 5417/5417 5421/5421
f 5417/5417 5424/5424 5422/5422
f 5425/5425 5423/5423 5422/5422
f 5425/5425 5422/5422 5424/5424
f 5423/5423 5425/5425 5426/5426
f 5421/5421 5427/5427 5424/5424
f 5428/5428 5426/5426 5425/5425
f 5425/5425 5424/5424 5428/5428
f 5426/5426 5428/5428 5429/5429
f 5430/5430 5424/5424 5427/5427
f 5430/5430 5428/5428 5424/5424
f 5430/5430 5427/5427 5431/5431
f 5430/5430 5431/5431 5428/5428
f 5432/5432 5431/5431 5427/5427
f 5433/5433 5429/5429 5428/5428
f 5433/5433 5428/5428 5431/5431
f 5433/5433 5434/5434 5429/5429
f 5433/5433 5431/5431 5434/5434
f 5435/5435 5429/5429 5434/5434
f 5431/5431 5432/5432 5436/5436
f 5436/5436 5434/5434 5431/5431
f 5437/5437 5436/5436 5432/5432
f 5435/5435 5434/5434 5438/5438
f 5436/5436 5437/5437 5439/5439
f 5436/5436 5439/5439 5434/5434
f 5440/5440 5439/5439 5437/5437
f 5440/5440 5441/5441 5439/5439
f 5442/5442 5438/5438 5434/5434
f 5442/5442 5434/5434 5439/5439
f 5438/5438 5442/5442 5443/5443
f 5444/5444 5439/5439 5441/5441
f 5439/5439 5444/5444 5442/5442
f 5445/5445 5443/5443 5442/5442
f 5445/5445 5442/5442 5444/5444
f 5445/5445 5446/5446 5443/5443
f 5445/5445 5444/5444 5446/5446
f 5447/5447 5443/5443 5446/5446
f 5444/5444 5441/5441 5448/5448
f 5448/5448 5446/5446 5444/5444
f 5449/5449 5448/5448 5441/5441
f 5447/5447 5446/5446 5450/5450
f 5449/5449 5451/5451 5448/5448
f 5452/5452 5450/5450 5446/5446
f 5446/5446 5448/5448 5452/5452
f 5453/5453 5448/5448 5451/5451
f 5453/5453 5452/5452 5448/5448
f 5451/5451 5454/5454 5453/5453
f 5452/5452 5455/5455 5450/5450
f 5456/5456 5450/5450 5455/5455
f 5453/5453 5457/5457 5452/5452
f 5455/5455 5452/5452 5457/5457
f 5457/5457 5453/5453 5454/5454
f 5455/5455 5458/5458 5456/5456
f 5455/5455 5457/5457 5458/5458
f 5459/5459 5456/5456 5458/5458
f 5457/5457 5454/5454 5460/5460
f 5460/5460 5458/5458 5457/5457
f 5461/5461 5460/5460 5454/5454
f 5458/5458 5462/5462 5459/5459
f 5458/5458 5460/5460 5462/5462
f 5463/5463 5459/5459 5462/5462
f 5460/5460 5461/5461 5464/5464
f 5464/5464 5462/5462 5460/5460
f 5465/5465 5464/5464 5461/5461
f 5463/5463 5462/5462 5466/5466
f 5465/5465 5467/5467 5464/5464
f 5468/5468 5464/5464 5467/5467
f 5464/5464 5468/5468 5462/5462
f 5469/5469 5466/5466 5462/5462
f 5469/5469 5462/5462 5468/5468
f 5466/5466 5469/5469 5470/5470
f 5467/5467 5471/5471 5468/5468
f 5472/5472 5470/5470 5469/5469
f 5469/5469 5468/5468 5472/5472
f 5470/5470 5472/5472 5473/5473
f 5474/5474 5468/5468 5471/5471
f 5474/5474 5472/5472 5468/5468
f 5475/5475 5473/5473 5472/5472
f 5473/5473 5475/5475 5476/5476
f 5477/5477 5475/5475 5472/5472
f 5475/5475 5477/5477 5476/5476
f 5474/5474 5478/5478 5472/5472
f 5477/5477 5472/5472 5478/5478
f 5479/5479 5476/5476 5477/5477
f 5477/5477 5478/5478 5479/5479
f 5480/5480 5478/5478 5474/5474
f 5474/5474 5471/5471 5480/5480
f 5478/5478 5480/5480 5479/5479
f 5481/5481 5480/5480 5471/5471
f 5482/5482 5481/5481 5471/5471
f 5480/5480 5481/5481 5483/5483
f 5481/5481 5482/5482 5483/5483
f 5483/5483 5479/5479 5480/5480
f 5484/5484 5483/5483 5482/5482
f 5483/5483 5484/5484 5485/5485
f 5483/5483 5485/5485 5479/5479
f 5486/5486 5485/5485 5484/5484
f 5479/5479 5487/5487 5476/5476
f 5487/5487 5479/5479 5485/5485
f 5488/5488 5476/5476 5487/5487
f 5487/5487 5489/5489 5488/5488
f 5487/5487 5485/5485 5489/5489
f 5490/5490 5488/5488 5489/5489
f 5485/5485 5486/5486 5491/5491
f 5491/5491 5489/5489 5485/5485
f 5492/5492 5491/5491 5486/5486
f 5490/5490 5489/5489 5493/5493
f 5492/5492 5494/5494 5491/5491
f 5495/5495 5493/5493 5489/5489
f 5493/5493 5495/5495 5496/5496
f 5497/5497 5496/5496 5495/5495
f 5497/5497 5495/5495 5498/5498
f 5499/5499 5498/5498 5494/5494
f 5495/5495 5489/5489 5500/5500
f 5491/5491 5500/5500 5489/5489
f 5500/5500 5498/5498 5495/5495
f 5500/5500 5491/5491 5494/5494
f 5500/5500 5494/5494 5498/5498
f 5503/5503 5502/5502 5501/5501
f 5504/5504 5501/5501 5502/5502
f 5502/5502 5505/5505 5504/5504
f 5506/5506 5504/5504 5505/5505
f 5505/5505 5507/5507 5506/5506
f 5508/5508 5506/5506 5507/5507
f 5507/5507 5509/5509 5508/5508
f 5510/5510 5508/5508 5509/5509
f 5509/5509 5511/5511 5510/5510
f 5512/5512 5510/5510 5511/5511
f 5511/5511 5513/5513 5512/5512
f 5514/5514 5512/5512 5513/5513
f 5514/5514 5513/5513 5515/5515
f 5516/5516 5515/5515 5513/5513
f 5515/5515 5516/5516 5517/5517
f 5518/5518 5517/5517 5516/5516
f 5518/5518 5519/5519 5517/5517
f 5520/5520 5517/5517 5519/5519
f 5519/5519 5521/5521 5520/5520
f 5522/5522 5520/5520 5521/5521
f 5521/5521 5523/5523 5522/5522
f 5524/5524 5522/5522 5523/5523
f 5524/5524 5523/5523 5525/5525
f 5526/5526 5525/5525 5523/5523
f 5525/5525 5526/5526 5527/5527
f 5528/5528 5527/5527 5526/5526
f 5528/5528 5529/5529 5527/5527
f 5530/5530 5527/5527 5529/5529
f 5530/5530 5529/5529 5531/5531
f 5532/5532 5531/5531 5529/5529
f 5532/5532 5533/5533 5531/5531
f 5534/5534 5531/5531 5533/5533
f 5534/5534 5533/5533 5535/5535
f 5536/5536 5535/5535 5533/5533
f 5536/5536 5537/5537 5535/5535
f 5538/5538 5535/5535 5537/5537
f 5538/5538 5537/5537 5539/5539
f 5540/5540 5539/5539 5537/5537
f 5540/5540 5541/5541 5539/5539
f 5542/5542 5539/5539 5541/5541
f 5542/5542 5541/5541 5543/5543
f 5544/5544 5543/5543 5541/5541
f 5543/5543 5544/5544 5545/5545
f 5546/5546 5545/5545 5544/5544
f 5546/5546 5547/5547 5545/5545
f 5548/5548 5545/5545 5547/5547
f 5548/5548 5547/5547 5549/5549
f 5550/5550 5549/5549 5547/5547
f 5550/5550 5551/5551 5549/5549
f 5552/5552 5549/5549 5551/5551
f 5555/5555 5554/5554 5553/5553
f 5556/5556 5553/5553 5554/5554
f 5553/5553 5556/5556 5557/5557
f 5558/5558 5557/5557 5556/5556
f 5558/5558 5559/5559 5557/5557
f 5560/5560 5557/5557 5559/5559
f 5560/5560 5559/5559 5561/5561
f 5562/5562 5561/5561 5559/5559
f 5561/5561 5562/5562 5563/5563
f 5564/5564 5563/5563 5562/5562
f 5561/5561 5563/5563 5565/5565
f 5566/5566 5563/5563 5564/5564
f 5563/5563 5566/5566 5565/5565
f 5567/5567 5565/5565 5566/5566
f 5566/5566 5568/5568 5567/5567
f 5569/5569 5567/5567 5568/5568
f 5569/5569 5568/5568 5570/5570
f 5571/5571 5570/5570 5568/5568
f 5571/5571 5572/5572 5570/5570
f 5573/5573 5570/5570 5572/5572
f 5572/5572 5574/5574 5573/5573
f 5575/5575 5573/5573 5574/5574
f 5574/5574 5576/5576 5575/5575
f 5577/5577 5575/5575 5576/5576
f 5576/5576 5578/5578 5577/5577
f 5579/5579 5577/5577 5578/5578
f 5578/5578 5580/5580 5579/5579
f 5581/5581 5579/5579 5580/5580
f 5581/5581 5580/5580 5582/5582
f 5583/5583 5582/5582 5580/5580
f 5582/5582 5583/5583 5584/5584
f 5585/5585 5584/5584 5583/5583
f 5585/5585 5586/5586 5584/5584
f 5587/5587 5584/5584 5586/5586
f 5586/5586 5588/5588 5587/5587
f 5589/5589 5587/5587 5588/5588
f 5589/5589 5588/5588 5590/5590
f 5591/5591 5590/5590 5588/5588
f 5590/5590 5591/5591 5592/5592
f 5593/5593 5592/5592 5591/5591
f 5592/5592 5593/5593 5594/5594
f 5595/5595 5594/5594 5593/5593
f 5598/5598 5597/5597 5596/5596
f 5598/5598 5599/5599 5597/5597
f 5600/5600 5597/5597 5599/5599
f 5598/5598 5601/5601 5599/5599
f 5598/5598 5596/5596 5601/5601
f 5602/5602 5599/5599 5601/5601
f 5602/5602 5601/5601 5603/5603
f 5597/5597 5600/5600 5604/5604
f 5604/5604 5596/5596 5597/5597
f 5605/5605 5604/5604 5600/5600
f 5605/5605 5606/5606 5604/5604
f 5607/5607 5603/5603 5601/5601
f 5601/5601 5596/5596 5607/5607
f 5603/5603 5607/5607 5608/5608
f 5609/5609 5604/5604 5606/5606
f 5609/5609 5596/5596 5604/5604
f 5609/5609 5606/5606 5610/5610
f 5610/5610 5596/5596 5609/5609
f 5611/5611 5610/5610 5606/5606
f 5612/5612 5608/5608 5607/5607
f 5607/5607 5596/5596 5612/5612
f 5608/5608 5612/5612 5613/5613
f 5610/5610 5611/5611 5614/5614
f 5614/5614 5596/5596 5610/5610
f 5615/5615 5614/5614 5611/5611
f 5614/5614 5615/5615 5616/5616
f 5616/5616 5596/5596 5614/5614
f 5617/5617 5616/5616 5615/5615
f 5618/5618 5613/5613 5612/5612
f 5612/5612 5596/5596 5618/5618
f 5613/5613 5618/5618 5619/5619
f 5616/5616 5617/5617 5620/5620
f 5620/5620 5596/5596 5616/5616
f 5621/5621 5620/5620 5617/5617
f 5622/5622 5619/5619 5618/5618
f 5618/5618 5596/5596 5622/5622
f 5622/5622 5623/5623 5619/5619
f 5622/5622 5596/5596 5623/5623
f 5624/5624 5619/5619 5623/5623
f 5620/5620 5621/5621 5625/5625
f 5625/5625 5596/5596 5620/5620
f 5626/5626 5625/5625 5621/5621
f 5625/5625 5626/5626 5627/5627
f 5627/5627 5596/5596 5625/5625
f 5628/5628 5627/5627 5626/5626
f 5623/5623 5629/5629 5624/5624
f 5623/5623 5596/5596 5629/5629
f 5630/5630 5624/5624 5629/5629
f 5630/5630 5629/5629 5631/5631
f 5632/5632 5629/5629 5596/5596
f 5632/5632 5631/5631 5629/5629
f 5627/5627 5632/5632 5596/5596
f 5631/5631 5632/5632 5628/5628
f 5627/5627 5628/5628 5632/5632
f 5635/5635 5634/5634 5633/5633
f 5634/5634 5636/5636 5633/5633
f 5637/5637 5635/5635 5633/5633
f 5636/5636 5638/5638 5633/5633
f 5639/5639 5637/5637 5633/5633
f 5638/5638 5640/5640 5633/5633
f 5641/5641 5639/5639 5633/5633
f 5640/5640 5642/5642 5633/5633
f 5643/5643 5641/5641 5633/5633
f 5642/5642 5644/5644 5633/5633
f 5645/5645 5643/5643 5633/5633
f 5644/5644 5646/5646 5633/5633
f 5647/5647 5645/5645 5633/5633
f 5646/5646 5648/5648 5633/5633
f 5649/5649 5647/5647 5633/5633
f 5648/5648 5650/5650 5633/5633
f 5651/5651 5649/5649 5633/5633
f 5650/5650 5651/5651 5633/5633
f 5654/5654 5653/5653 5652/5652
f 5653/5653 5654/5654 5655/5655
f 5656/5656 5652/5652 5653/5653
f 5657/5657 5655/5655 5654/5654
f 5655/5655 5657/5657 5658/5658
f 5652/5652 5659/5659 5654/5654
f 5660/5660 5654/5654 5659/5659
f 5654/5654 5660/5660 5657/5657
f 5659/5659 5652/5652 5661/5661
f 5662/5662 5657/5657 5660/5660
f 5662/5662 5663/5663 5657/5657
f 5664/5664 5661/5661 5652/5652
f 5652/5652 5656/5656 5664/5664
f 5661/5661 5664/5664 5665/5665
f 5666/5666 5664/5664 5656/5656
f 5667/5667 5657/5657 5663/5663
f 5667/5667 5658/5658 5657/5657
f 5663/5663 5668/5668 5667/5667
f 5658/5658 5667/5667 5669/5669
f 5664/5664 5666/5666 5670/5670
f 5670/5670 5665/5665 5664/5664
f 5671/5671 5670/5670 5666/5666
f 5672/5672 5667/5667 5668/5668
f 5672/5672 5669/5669 5667/5667
f 5668/5668 5673/5673 5672/5672
f 5669/5669 5672/5672 5674/5674
f 5675/5675 5672/5672 5673/5673
f 5675/5675 5674/5674 5672/5672
f 5673/5673 5676/5676 5675/5675
f 5674/5674 5675/5675 5677/5677
f 5678/5678 5675/5675 5676/5676
f 5678/5678 5677/5677 5675/5675
f 5676/5676 5679/5679 5678/5678
f 5678/5678 5680/5680 5677/5677
f 5680/5680 5678/5678 5679/5679
f 5681/5681 5677/5677 5680/5680
f 5679/5679 5682/5682 5680/5680
f 5680/5680 5683/5683 5681/5681
f 5683/5683 5680/5680 5682/5682
f 5684/5684 5681/5681 5683/5683
f 5684/5684 5683/5683 5685/5685
f 5683/5683 5682/5682 5686/5686
f 5686/5686 5685/5685 5683/5683
f 5687/5687 5686/5686 5682/5682
f 5685/5685 5686/5686 5688/5688
f 5686/5686 5687/5687 5689/5689
f 5689/5689 5688/5688 5686/5686
f 5690/5690 5689/5689 5687/5687
f 5688/5688 5689/5689 5691/5691
f 5689/5689 5690/5690 5692/5692
f 5692/5692 5691/5691 5689/5689
f 5693/5693 5692/5692 5690/5690
f 5691/5691 5692/5692 5694/5694
f 5692/5692 5693/5693 5695/5695
f 5695/5695 5694/5694 5692/5692
f 5696/5696 5695/5695 5693/5693
f 5694/5694 5695/5695 5697/5697
f 5696/5696 5698/5698 5695/5695
f 5699/5699 5697/5697 5695/5695
f 5699/5699 5695/5695 5698/5698
f 5670/5670 5671/5671 5700/5700
f 5670/5670 5700/5700 5665/5665
f 5701/5701 5700/5700 5671/5671
f 5702/5702 5665/5665 5700/5700
f 5700/5700 5701/5701 5703/5703
f 5700/5700 5703/5703 5702/5702
f 5704/5704 5703/5703 5701/5701
f 5705/5705 5702/5702 5703/5703
f 5703/5703 5704/5704 5706/5706
f 5703/5703 5706/5706 5705/5705
f 5707/5707 5706/5706 5704/5704
f 5708/5708 5705/5705 5706/5706
f 5711/5711 5710/5710 5709/5709
f 5709/5709 5712/5712 5711/5711
f 5713/5713 5711/5711 5712/5712
f 5714/5714 5709/5709 5710/5710
f 5713/5713 5712/5712 5715/5715
f 5710/5710 5716/5716 5714/5714
f 5709/5709 5717/5717 5712/5712
f 5717/5717 5709/5709 5718/5718
f 5714/5714 5718/5718 5709/5709
f 5719/5719 5712/5712 5717/5717
f 5718/5718 5714/5714 5720/5720
f 5721/5721 5714/5714 5716/5716
f 5721/5721 5720/5720 5714/5714
f 5716/5716 5722/5722 5721/5721
f 5721/5721 5723/5723 5720/5720
f 5723/5723 5721/5721 5722/5722
f 5724/5724 5720/5720 5723/5723
f 5722/5722 5725/5725 5723/5723
f 5724/5724 5723/5723 5726/5726
f 5727/5727 5726/5726 5723/5723
f 5727/5727 5723/5723 5725/5725
f 5726/5726 5727/5727 5728/5728
f 5727/5727 5725/5725 5729/5729
f 5729/5729 5728/5728 5727/5727
f 5730/5730 5729/5729 5725/5725
f 5728/5728 5729/5729 5731/5731
f 5729/5729 5730/5730 5732/5732
f 5732/5732 5731/5731 5729/5729
f 5731/5731 5732/5732 5733/5733
f 5734/5734 5732/5732 5730/5730
f 5735/5735 5733/5733 5732/5732
f 5732/5732 5734/5734 5735/5735
f 5736/5736 5735/5735 5734/5734
f 5737/5737 5715/5715 5712/5712
f 5712/5712 5719/5719 5737/5737
f 5715/5715 5737/5737 5738/5738
f 5739/5739 5737/5737 5719/5719
f 5740/5740 5738/5738 5737/5737
f 5737/5737 5739/5739 5740/5740
f 5738/5738 5740/5740 5741/5741
f 5742/5742 5740/5740 5739/5739
f 5743/5743 5741/5741 5740/5740
f 5740/5740 5742/5742 5743/5743
f 5741/5741 5743/5743 5744/5744
f 5745/5745 5743/5743 5742/5742
f 5746/5746 5744/5744 5743/5743
f 5743/5743 5745/5745 5746/5746
f 5747/5747 5746/5746 5745/5745
f 5744/5744 5746/5746 5748/5748
f 5747/5747 5749/5749 5746/5746
f 5750/5750 5748/5748 5746/5746
f 5750/5750 5746/5746 5749/5749
f 5748/5748 5750/5750 5751/5751
f 5749/5749 5752/5752 5750/5750
f 5753/5753 5751/5751 5750/5750
f 5753/5753 5750/5750 5752/5752
f 5751/5751 5753/5753 5754/5754
f 5752/5752 5755/5755 5753/5753
f 5756/5756 5754/5754 5753/5753
f 5756/5756 5753/5753 5755/5755
f 5754/5754 5756/5756 5757/5757
f 5756/5756 5755/5755 5758/5758
f 5758/5758 5757/5757 5756/5756
f 5759/5759 5758/5758 5755/5755
f 5759/5759 5760/5760 5758/5758
f 5758/5758 5761/5761 5757/5757
f 5761/5761 5758/5758 5760/5760
f 5760/5760 5762/5762 5761/5761
f 5763/5763 5757/5757 5761/5761
f 5764/5764 5761/5761 5762/5762
f 5761/5761 5764/5764 5763/5763
f 5765/5765 5763/5763 5764/5764
f 5768/5768 5767/5767 5766/5766
f 5768/5768 5769/5769 5767/5767
f 5769/5769 5768/5768 5770/5770
f 5771/5771 5767/5767 5769/5769
f 5771/5771 5772/5772 5767/5767
f 5770/5770 5773/5773 5772/5772
f 5773/5773 5770/5770 5768/5768
f 5774/5774 5767/5767 5772/5772
f 5774/5774 5772/5772 5773/5773
f 5773/5773 5768/5768 5775/5775
f 5766/5766 5775/5775 5768/5768
f 5773/5773 5776/5776 5774/5774
f 5775/5775 5776/5776 5773/5773
f 5774/5774 5777/5777 5767/5767
f 5778/5778 5766/5766 5767/5767
f 5778/5778 5767/5767 5777/5777
f 5766/5766 5778/5778 5779/5779
f 5780/5780 5779/5779 5778/5778
f 5779/5779 5781/5781 5766/5766
f 5775/5775 5766/5766 5781/5781
f 5780/5780 5778/5778 5782/5782
f 5777/5777 5782/5782 5778/5778
f 5781/5781 5783/5783 5775/5775
f 5782/5782 5777/5777 5784/5784
f 5774/5774 5785/5785 5777/5777
f 5785/5785 5774/5774 5776/5776
f 5786/5786 5784/5784 5777/5777
f 5784/5784 5786/5786 5783/5783
f 5786/5786 5777/5777 5787/5787
f 5785/5785 5787/5787 5777/5777
f 5776/5776 5788/5788 5785/5785
f 5789/5789 5785/5785 5788/5788
f 5789/5789 5790/5790 5785/5785
f 5787/5787 5785/5785 5790/5790
f 5788/5788 5776/5776 5791/5791
f 5790/5790 5791/5791 5787/5787
f 5792/5792 5791/5791 5776/5776
f 5792/5792 5787/5787 5791/5791
f 5776/5776 5775/5775 5792/5792
f 5786/5786 5787/5787 5793/5793
f 5792/5792 5793/5793 5787/5787
f 5793/5793 5792/5792 5775/5775
f 5793/5793 5783/5783 5786/5786
f 5793/5793 5775/5775 5783/5783
f 5784/5784 5783/5783 5794/5794
f 5795/5795 5794/5794 5783/5783
f 5784/5784 5794/5794 5796/5796
f 5783/5783 5797/5797 5795/5795
f 5798/5798 5796/5796 5794/5794
f 5799/5799 5795/5795 5797/5797
f 5798/5798 5800/5800 5796/5796
f 5798/5798 5799/5799 5800/5800
f 5800/5800 5801/5801 5796/5796
f 5802/5802 5800/5800 5799/5799
f 5799/5799 5797/5797 5802/5802
f 5803/5803 5796/5796 5801/5801
f 5802/5802 5797/5797 5804/5804
f 5801/5801 5804/5804 5803/5803
f 5805/5805 5804/5804 5797/5797
f 5805/5805 5803/5803 5804/5804
f 5808/5808 5807/5807 5806/5806
f 5807/5807 5808/5808 5809/5809
f 5810/5810 5809/5809 5808/5808
f 5811/5811 5806/5806 5807/5807
f 5811/5811 5807/5807 5812/5812
f 5811/5811 5813/5813 5806/5806
f 5814/5814 5812/5812 5807/5807
f 5812/5812 5814/5814 5815/5815
f 5816/5816 5815/5815 5814/5814
f 5817/5817 5806/5806 5813/5813
f 5806/5806 5817/5817 5818/5818
f 5806/5806 5818/5818 5808/5808
f 5819/5819 5818/5818 5817/5817
f 5808/5808 5820/5820 5810/5810
f 5820/5820 5808/5808 5818/5818
f 5821/5821 5810/5810 5820/5820
f 5820/5820 5822/5822 5821/5821
f 5820/5820 5818/5818 5822/5822
f 5823/5823 5821/5821 5822/5822
f 5818/5818 5819/5819 5824/5824
f 5824/5824 5822/5822 5818/5818
f 5822/5822 5824/5824 5823/5823
f 5825/5825 5824/5824 5819/5819
f 5825/5825 5823/5823 5824/5824
f 5828/5828 5827/5827 5826/5826
f 5827/5827 5828/5828 5829/5829
f 5830/5830 5829/5829 5828/5828
f 5831/5831 5826/5826 5827/5827
f 5831/5831 5827/5827 5832/5832
f 5831/5831 5833/5833 5826/5826
f 5834/5834 5832/5832 5827/5827
f 5832/5832 5834/5834 5835/5835
f 5836/5836 5835/5835 5834/5834
f 5837/5837 5826/5826 5833/5833
f 5826/5826 5837/5837 5838/5838
f 5826/5826 5838/5838 5828/5828
f 5839/5839 5838/5838 5837/5837
f 5828/5828 5840/5840 5830/5830
f 5840/5840 5828/5828 5838/5838
f 5841/5841 5830/5830 5840/5840
f 5840/5840 5842/5842 5841/5841
f 5840/5840 5838/5838 5842/5842
f 5843/5843 5841/5841 5842/5842
f 5838/5838 5839/5839 5844/5844
f 5844/5844 5842/5842 5838/5838
f 5842/5842 5844/5844 5843/5843
f 5845/5845 5844/5844 5839/5839
f 5845/5845 5843/5843 5844/5844
f 5848/5848 5847/5847 5846/5846
f 5848/5848 5849/5849 5847/5847
f 5848/5848 5846/5846 5849/5849
f 5850/5850 5847/5847 5849/5849
f 5851/5851 5849/5849 5846/5846
f 5850/5850 5852/5852 5847/5847
f 5851/5851 5846/5846 5853/5853
f 5854/5854 5847/5847 5852/5852
f 5854/5854 5846/5846 5847/5847
f 5852/5852 5855/5855 5854/5854
f 5856/5856 5853/5853 5846/5846
f 5846/5846 5854/5854 5856/5856
f 5857/5857 5854/5854 5855/5855
f 5857/5857 5856/5856 5854/5854
f 5855/5855 5858/5858 5857/5857
f 5859/5859 5857/5857 5858/5858
f 5857/5857 5859/5859 5856/5856
f 5858/5858 5860/5860 5859/5859
f 5856/5856 5861/5861 5853/5853
f 5861/5861 5856/5856 5859/5859
f 5862/5862 5853/5853 5861/5861
f 5863/5863 5859/5859 5860/5860
f 5859/5859 5863/5863 5861/5861
f 5862/5862 5861/5861 5864/5864
f 5860/5860 5865/5865 5863/5863
f 5866/5866 5864/5864 5861/5861
f 5866/5866 5861/5861 5863/5863
f 5866/5866 5867/5867 5864/5864
f 5866/5866 5863/5863 5867/5867
f 5868/5868 5864/5864 5867/5867
f 5869/5869 5863/5863 5865/5865
f 5869/5869 5867/5867 5863/5863
f 5865/5865 5870/5870 5869/5869
f 5867/5867 5871/5871 5868/5868
f 5867/5867 5869/5869 5871/5871
f 5872/5872 5868/5868 5871/5871
f 5873/5873 5869/5869 5870/5870
f 5873/5873 5871/5871 5869/5869
f 5871/5871 5874/5874 5872/5872
f 5871/5871 5873/5873 5874/5874
f 5875/5875 5872/5872 5874/5874
f 5873/5873 5870/5870 5876/5876
f 5876/5876 5874/5874 5873/5873
f 5877/5877 5876/5876 5870/5870
f 5875/5875 5874/5874 5878/5878
f 5877/5877 5879/5879 5876/5876
f 5880/5880 5878/5878 5874/5874
f 5876/5876 5881/5881 5874/5874
f 5881/5881 5876/5876 5879/5879
f 5880/5880 5874/5874 5881/5881
f 5880/5880 5882/5882 5878/5878
f 5880/5880 5881/5881 5882/5882
f 5883/5883 5878/5878 5882/5882
f 5881/5881 5879/5879 5884/5884
f 5884/5884 5882/5882 5881/5881
f 5885/5885 5884/5884 5879/5879
f 5885/5885 5886/5886 5884/5884
f 5882/5882 5887/5887 5883/5883
f 5888/5888 5883/5883 5887/5887
f 5884/5884 5889/5889 5882/5882
f 5887/5887 5882/5882 5889/5889
f 5889/5889 5884/5884 5886/5886
f 5887/5887 5889/5889 5888/5888
f 5886/5886 5888/5888 5889/5889
f 5892/5892 5891/5891 5890/5890
f 5892/5892 5893/5893 5891/5891
f 5892/5892 5890/5890 5893/5893
f 5894/5894 5891/5891 5893/5893
f 5895/5895 5893/5893 5890/5890
f 5894/5894 5896/5896 5891/5891
f 5895/5895 5890/5890 5897/5897
f 5898/5898 5891/5891 5896/5896
f 5898/5898 5890/5890 5891/5891
f 5896/5896 5899/5899 5898/5898
f 5900/5900 5897/5897 5890/5890
f 5890/5890 5898/5898 5900/5900
f 5901/5901 5898/5898 5899/5899
f 5901/5901 5900/5900 5898/5898
f 5899/5899 5902/5902 5901/5901
f 5903/5903 5901/5901 5902/5902
f 5901/5901 5903/5903 5900/5900
f 5902/5902 5904/5904 5903/5903
f 5900/5900 5905/5905 5897/5897
f 5905/5905 5900/5900 5903/5903
f 5906/5906 5897/5897 5905/5905
f 5907/5907 5903/5903 5904/5904
f 5903/5903 5907/5907 5905/5905
f 5906/5906 5905/5905 5908/5908
f 5904/5904 5909/5909 5907/5907
f 5910/5910 5908/5908 5905/5905
f 5910/5910 5905/5905 5907/5907
f 5910/5910 5911/5911 5908/5908
f 5910/5910 5907/5907 5911/5911
f 5912/5912 5908/5908 5911/5911
f 5913/5913 5907/5907 5909/5909
f 5913/5913 5911/5911 5907/5907
f 5909/5909 5914/5914 5913/5913
f 5911/5911 5915/5915 5912/5912
f 5911/5911 5913/5913 5915/5915
f 5916/5916 5912/5912 5915/5915
f 5917/5917 5913/5913 5914/5914
f 5917/5917 5915/5915 5913/5913
f 5915/5915 5918/5918 5916/5916
f 5915/5915 5917/5917 5918/5918
f 5919/5919 5916/5916 5918/5918
f 5917/5917 5914/5914 5920/5920
f 5920/5920 5918/5918 5917/5917
f 5921/5921 5920/5920 5914/5914
f 5919/5919 5918/5918 5922/5922
f 5921/5921 5923/5923 5920/5920
f 5924/5924 5922/5922 5918/5918
f 5920/5920 5925/5925 5918/5918
f 5925/5925 5920/5920 5923/5923
f 5924/5924 5918/5918 5925/5925
f 5924/5924 5926/5926 5922/5922
f 5924/5924 5925/5925 5926/5926
f 5927/5927 5922/5922 5926/5926
f 5925/5925 5923/5923 5928/5928
f 5928/5928 5926/5926 5925/5925
f 5929/5929 5928/5928 5923/5923
f 5929/5929 5930/5930 5928/5928
f 5926/5926 5931/5931 5927/5927
f 5932/5932 5927/5927 5931/5931
f 5928/5928 5933/5933 5926/5926
f 5931/5931 5926/5926 5933/5933
f 5933/5933 5928/5928 5930/5930
f 5931/5931 5933/5933 5932/5932
f 5930/5930 5932/5932 5933/5933
f 5936/5936 5935/5935 5934/5934
f 5936/5936 5937/5937 5935/5935
f 5938/5938 5934/5934 5935/5935
f 5939/5939 5935/5935 5937/5937
f 5934/5934 5938/5938 5940/5940
f 5939/5939 5937/5937 5941/5941
f 5942/5942 5940/5940 5938/5938
f 5943/5943 5941/5941 5937/5937
f 5942/5942 5944/5944 5940/5940
f 5943/5943 5945/5945 5941/5941
f 5946/5946 5941/5941 5945/5945
f 5945/5945 5947/5947 5946/5946
f 5948/5948 5946/5946 5947/5947
f 5948/5948 5947/5947 5949/5949
f 5950/5950 5940/5940 5944/5944
f 5951/5951 5949/5949 5947/5947
f 5952/5952 5950/5950 5944/5944
f 5952/5952 5953/5953 5950/5950
f 5954/5954 5952/5952 5944/5944
f 5955/5955 5953/5953 5952/5952
f 5956/5956 5952/5952 5954/5954
f 5952/5952 5957/5957 5955/5955
f 5958/5958 5952/5952 5956/5956
f 5952/5952 5958/5958 5957/5957
f 5951/5951 5959/5959 5949/5949
f 5960/5960 5959/5959 5951/5951
f 5959/5959 5961/5961 5949/5949
f 5960/5960 5962/5962 5959/5959
f 5959/5959 5963/5963 5961/5961
f 5964/5964 5959/5959 5962/5962
f 5959/5959 5965/5965 5963/5963
f 5965/5965 5959/5959 5964/5964
f 5968/5968 5967/5967 5966/5966
f 5969/5969 5966/5966 5967/5967
f 5966/5966 5970/5970 5968/5968
f 5971/5971 5968/5968 5970/5970
f 5971/5971 5970/5970 5972/5972
f 5973/5973 5970/5970 5966/5966
f 5973/5973 5966/5966 5969/5969
f 5974/5974 5972/5972 5970/5970
f 5970/5970 5973/5973 5974/5974
f 5972/5972 5974/5974 5975/5975
f 5976/5976 5975/5975 5974/5974
f 5974/5974 5973/5973 5976/5976
f 5976/5976 5977/5977 5975/5975
f 5976/5976 5973/5973 5977/5977
f 5978/5978 5975/5975 5977/5977
f 5977/5977 5979/5979 5978/5978
f 5977/5977 5973/5973 5979/5979
f 5980/5980 5978/5978 5979/5979
f 5979/5979 5981/5981 5980/5980
f 5979/5979 5973/5973 5981/5981
f 5982/5982 5980/5980 5981/5981
f 5981/5981 5983/5983 5982/5982
f 5981/5981 5973/5973 5983/5983
f 5984/5984 5982/5982 5983/5983
f 5983/5983 5985/5985 5984/5984
f 5983/5983 5973/5973 5985/5985
f 5986/5986 5984/5984 5985/5985
f 5985/5985 5987/5987 5986/5986
f 5987/5987 5985/5985 5973/5973
f 5988/5988 5986/5986 5987/5987
f 5987/5987 5989/5989 5988/5988
f 5987/5987 5973/5973 5989/5989
f 5990/5990 5988/5988 5989/5989
f 5989/5989 5991/5991 5990/5990
f 5989/5989 5973/5973 5991/5991
f 5992/5992 5990/5990 5991/5991
f 5992/5992 5991/5991 5993/5993
f 5994/5994 5993/5993 5991/5991
f 5973/5973 5994/5994 5991/5991
f 5993/5993 5994/5994 5995/5995
f 5996/5996 5995/5995 5994/5994
f 5973/5973 5996/5996 5994/5994
f 5995/5995 5996/5996 5997/5997
f 5998/5998 5997/5997 5996/5996
f 5998/5998 5996/5996 5973/5973
f 5997/5997 5998/5998 5999/5999
f 6000/6000 5999/5999 5998/5998
f 5973/5973 6000/6000 5998/5998
f 5999/5999 6000/6000 6001/6001
f 6002/6002 6001/6001 6000/6000
f 5973/5973 6002/6002 6000/6000
f 6001/6001 6002/6002 6003/6003
f 6004/6004 6003/6003 6002/6002
f 5973/5973 6004/6004 6002/6002
f 6003/6003 6004/6004 6005/6005
f 5973/5973 6006/6006 6004/6004
f 6006/6006 6005/6005 6004/6004
f 5973/5973 5969/5969 6006/6006
f 6005/6005 6006/6006 5967/5967
f 5969/5969 5967/5967 6006/6006
f 6009/6009 6008/6008 6007/6007
f 6010/6010 6007/6007 6008/6008
f 6007/6007 6011/6011 6009/6009
f 6008/6008 6012/6012 6010/6010
f 6013/6013 6009/6009 6011/6011
f 6014/6014 6010/6010 6012/6012
f 6011/6011 6015/6015 6013/6013
f 6014/6014 6012/6012 6016/6016
f 6017/6017 6013/6013 6015/6015
f 6018/6018 6016/6016 6012/6012
f 6015/6015 6019/6019 6017/6017
f 6016/6016 6018/6018 6020/6020
f 6021/6021 6020/6020 6018/6018
f 6020/6020 6021/6021 6022/6022
f 6023/6023 6022/6022 6021/6021
f 6022/6022 6023/6023 6024/6024
f 6025/6025 6024/6024 6023/6023
f 6024/6024 6025/6025 6026/6026
f 6027/6027 6017/6017 6019/6019
f 6028/6028 6026/6026 6025/6025
f 6019/6019 6029/6029 6027/6027
f 6026/6026 6028/6028 6030/6030
f 6031/6031 6027/6027 6029/6029
f 6029/6029 6032/6032 6031/6031
f 6031/6031 6033/6033 6027/6027
f 6034/6034 6027/6027 6033/6033
f 6031/6031 6035/6035 6033/6033
f 6035/6035 6031/6031 6032/6032
f 6036/6036 6033/6033 6035/6035
f 6035/6035 6032/6032 6037/6037
f 6035/6035 6037/6037 6036/6036
f 6038/6038 6037/6037 6032/6032
f 6039/6039 6036/6036 6037/6037
f 6037/6037 6038/6038 6040/6040
f 6037/6037 6040/6040 6039/6039
f 6041/6041 6040/6040 6038/6038
f 6042/6042 6039/6039 6040/6040
f 6040/6040 6041/6041 6043/6043
f 6040/6040 6043/6043 6042/6042
f 6044/6044 6043/6043 6041/6041
f 6045/6045 6042/6042 6043/6043
f 6048/6048 6047/6047 6046/6046
f 6048/6048 6046/6046 6049/6049
f 6049/6049 6050/6050 6048/6048
f 6051/6051 6049/6049 6046/6046
f 6052/6052 6048/6048 6050/6050
f 6047/6047 6048/6048 6052/6052
f 6052/6052 6050/6050 6053/6053
f 6054/6054 6053/6053 6050/6050
f 6053/6053 6054/6054 6055/6055
f 6053/6053 6056/6056 6052/6052
f 6053/6053 6055/6055 6056/6056
f 6057/6057 6055/6055 6054/6054
f 6056/6056 6058/6058 6052/6052
f 6058/6058 6047/6047 6052/6052
f 6056/6056 6059/6059 6058/6058
f 6055/6055 6057/6057 6060/6060
f 6061/6061 6060/6060 6057/6057
f 6062/6062 6056/6056 6055/6055
f 6060/6060 6061/6061 6063/6063
f 6064/6064 6063/6063 6061/6061
f 6060/6060 6065/6065 6055/6055
f 6062/6062 6055/6055 6065/6065
f 6063/6063 6066/6066 6060/6060
f 6065/6065 6060/6060 6066/6066
f 6063/6063 6064/6064 6067/6067
f 6068/6068 6067/6067 6064/6064
f 6066/6066 6063/6063 6069/6069
f 6067/6067 6069/6069 6063/6063
f 6068/6068 6070/6070 6067/6067
f 6071/6071 6067/6067 6070/6070
f 6070/6070 6072/6072 6071/6071
f 6069/6069 6067/6067 6073/6073
f 6071/6071 6073/6073 6067/6067
f 6073/6073 6074/6074 6069/6069
f 6073/6073 6071/6071 6075/6075
f 6073/6073 6075/6075 6074/6074
f 6076/6076 6071/6071 6072/6072
f 6076/6076 6075/6075 6071/6071
f 6076/6076 6072/6072 6077/6077
f 6078/6078 6077/6077 6072/6072
f 6075/6075 6076/6076 6079/6079
f 6077/6077 6079/6079 6076/6076
f 6079/6079 6080/6080 6075/6075
f 6079/6079 6077/6077 6081/6081
f 6079/6079 6081/6081 6080/6080
f 6077/6077 6078/6078 6082/6082
f 6082/6082 6081/6081 6077/6077
f 6083/6083 6082/6082 6078/6078
f 6082/6082 6083/6083 6084/6084
f 6082/6082 6084/6084 6081/6081
f 6085/6085 6084/6084 6083/6083
f 6085/6085 6086/6086 6084/6084
f 6087/6087 6075/6075 6080/6080
f 6087/6087 6074/6074 6075/6075
f 6087/6087 6080/6080 6088/6088
f 6087/6087 6088/6088 6074/6074
f 6089/6089 6080/6080 6081/6081
f 6090/6090 6084/6084 6086/6086
f 6086/6086 6091/6091 6090/6090
f 6092/6092 6081/6081 6084/6084
f 6081/6081 6092/6092 6089/6089
f 6090/6090 6093/6093 6084/6084
f 6092/6092 6084/6084 6093/6093
f 6094/6094 6090/6090 6091/6091
f 6090/6090 6094/6094 6093/6093
f 6091/6091 6095/6095 6094/6094
f 6093/6093 6096/6096 6092/6092
f 6097/6097 6089/6089 6092/6092
f 6097/6097 6092/6092 6096/6096
f 6097/6097 6098/6098 6089/6089
f 6097/6097 6096/6096 6098/6098
f 6080/6080 6089/6089 6099/6099
f 6100/6100 6089/6089 6098/6098
f 6100/6100 6099/6099 6089/6089
f 6099/6099 6088/6088 6080/6080
f 6098/6098 6101/6101 6100/6100
f 6102/6102 6098/6098 6096/6096
f 6098/6098 6102/6102 6101/6101
f 6100/6100 6103/6103 6099/6099
f 6103/6103 6100/6100 6101/6101
f 6104/6104 6099/6099 6103/6103
f 6099/6099 6104/6104 6088/6088
f 6101/6101 6105/6105 6103/6103
f 6106/6106 6101/6101 6102/6102
f 6101/6101 6106/6106 6105/6105
f 6102/6102 6107/6107 6106/6106
f 6102/6102 6096/6096 6107/6107
f 6103/6103 6108/6108 6104/6104
f 6108/6108 6103/6103 6105/6105
f 6109/6109 6088/6088 6104/6104
f 6104/6104 6108/6108 6109/6109
f 6110/6110 6107/6107 6096/6096
f 6096/6096 6093/6093 6110/6110
f 6111/6111 6109/6109 6108/6108
f 6109/6109 6112/6112 6088/6088
f 6109/6109 6111/6111 6112/6112
f 6108/6108 6113/6113 6111/6111
f 6105/6105 6113/6113 6108/6108
f 6114/6114 6112/6112 6111/6111
f 6111/6111 6113/6113 6114/6114
f 6115/6115 6088/6088 6112/6112
f 6115/6115 6074/6074 6088/6088
f 6112/6112 6114/6114 6116/6116
f 6112/6112 6116/6116 6115/6115
f 6114/6114 6117/6117 6116/6116
f 6114/6114 6113/6113 6117/6117
f 6074/6074 6115/6115 6118/6118
f 6118/6118 6069/6069 6074/6074
f 6069/6069 6118/6118 6066/6066
f 6119/6119 6118/6118 6115/6115
f 6119/6119 6115/6115 6116/6116
f 6120/6120 6066/6066 6118/6118
f 6118/6118 6119/6119 6120/6120
f 6066/6066 6120/6120 6065/6065
f 6116/6116 6121/6121 6119/6119
f 6121/6121 6116/6116 6117/6117
f 6122/6122 6120/6120 6119/6119
f 6122/6122 6119/6119 6121/6121
f 6123/6123 6065/6065 6120/6120
f 6120/6120 6122/6122 6123/6123
f 6065/6065 6123/6123 6062/6062
f 6121/6121 6124/6124 6122/6122
f 6117/6117 6125/6125 6121/6121
f 6124/6124 6121/6121 6125/6125
f 6117/6117 6113/6113 6125/6125
f 6126/6126 6062/6062 6123/6123
f 6062/6062 6126/6126 6056/6056
f 6127/6127 6123/6123 6122/6122
f 6127/6127 6122/6122 6124/6124
f 6123/6123 6127/6127 6126/6126
f 6059/6059 6056/6056 6126/6126
f 6124/6124 6128/6128 6127/6127
f 6124/6124 6125/6125 6128/6128
f 6129/6129 6126/6126 6127/6127
f 6129/6129 6127/6127 6128/6128
f 6126/6126 6129/6129 6059/6059
f 6125/6125 6130/6130 6128/6128
f 6125/6125 6113/6113 6130/6130
f 6128/6128 6131/6131 6129/6129
f 6131/6131 6128/6128 6130/6130
f 6132/6132 6059/6059 6129/6129
f 6132/6132 6129/6129 6131/6131
f 6130/6130 6133/6133 6131/6131
f 6130/6130 6113/6113 6133/6133
f 6131/6131 6134/6134 6132/6132
f 6134/6134 6131/6131 6133/6133
f 6132/6132 6135/6135 6059/6059
f 6135/6135 6132/6132 6134/6134
f 6136/6136 6059/6059 6135/6135
f 6136/6136 6058/6058 6059/6059
f 6136/6136 6137/6137 6058/6058
f 6136/6136 6135/6135 6137/6137
f 6047/6047 6058/6058 6137/6137
f 6135/6135 6134/6134 6138/6138
f 6138/6138 6137/6137 6135/6135
f 6134/6134 6133/6133 6139/6139
f 6139/6139 6138/6138 6134/6134
f 6140/6140 6139/6139 6133/6133
f 6113/6113 6140/6140 6133/6133
f 6138/6138 6139/6139 6141/6141
f 6138/6138 6141/6141 6137/6137
f 6139/6139 6140/6140 6142/6142
f 6142/6142 6141/6141 6139/6139
f 6143/6143 6137/6137 6141/6141
f 6137/6137 6143/6143 6047/6047
f 6141/6141 6142/6142 6144/6144
f 6141/6141 6144/6144 6143/6143
f 6145/6145 6142/6142 6140/6140
f 6113/6113 6145/6145 6140/6140
f 6146/6146 6144/6144 6142/6142
f 6145/6145 6146/6146 6142/6142
f 6147/6147 6047/6047 6143/6143
f 6147/6147 6046/6046 6047/6047
f 6148/6148 6143/6143 6144/6144
f 6143/6143 6148/6148 6147/6147
f 6144/6144 6146/6146 6149/6149
f 6144/6144 6149/6149 6148/6148
f 6146/6146 6145/6145 6150/6150
f 6150/6150 6149/6149 6146/6146
f 6151/6151 6150/6150 6145/6145
f 6113/6113 6151/6151 6145/6145
f 6152/6152 6147/6147 6148/6148
f 6147/6147 6152/6152 6046/6046
f 6153/6153 6148/6148 6149/6149
f 6148/6148 6153/6153 6152/6152
f 6149/6149 6150/6150 6154/6154
f 6149/6149 6154/6154 6153/6153
f 6150/6150 6151/6151 6155/6155
f 6155/6155 6154/6154 6150/6150
f 6156/6156 6155/6155 6151/6151
f 6113/6113 6156/6156 6151/6151
f 6157/6157 6046/6046 6152/6152
f 6046/6046 6157/6157 6051/6051
f 6158/6158 6051/6051 6157/6157
f 6152/6152 6159/6159 6157/6157
f 6159/6159 6152/6152 6153/6153
f 6157/6157 6160/6160 6158/6158
f 6160/6160 6157/6157 6159/6159
f 6161/6161 6158/6158 6160/6160
f 6153/6153 6162/6162 6159/6159
f 6162/6162 6153/6153 6154/6154
f 6159/6159 6163/6163 6160/6160
f 6163/6163 6159/6159 6162/6162
f 6160/6160 6164/6164 6161/6161
f 6164/6164 6160/6160 6163/6163
f 6165/6165 6161/6161 6164/6164
f 6165/6165 6164/6164 6166/6166
f 6154/6154 6167/6167 6162/6162
f 6154/6154 6155/6155 6167/6167
f 6162/6162 6168/6168 6163/6163
f 6168/6168 6162/6162 6167/6167
f 6163/6163 6169/6169 6164/6164
f 6169/6169 6163/6163 6168/6168
f 6170/6170 6166/6166 6164/6164
f 6170/6170 6164/6164 6169/6169
f 6166/6166 6170/6170 6095/6095
f 6169/6169 6168/6168 6171/6171
f 6169/6169 6171/6171 6170/6170
f 6172/6172 6095/6095 6170/6170
f 6172/6172 6170/6170 6171/6171
f 6172/6172 6094/6094 6095/6095
f 6173/6173 6171/6171 6168/6168
f 6094/6094 6172/6172 6174/6174
f 6171/6171 6174/6174 6172/6172
f 6174/6174 6093/6093 6094/6094
f 6174/6174 6110/6110 6093/6093
f 6174/6174 6171/6171 6110/6110
f 6173/6173 6110/6110 6171/6171
f 6173/6173 6168/6168 6175/6175
f 6173/6173 6175/6175 6110/6110
f 6167/6167 6175/6175 6168/6168
f 6107/6107 6110/6110 6175/6175
f 6107/6107 6175/6175 6176/6176
f 6176/6176 6106/6106 6107/6107
f 6167/6167 6177/6177 6175/6175
f 6177/6177 6167/6167 6155/6155
f 6156/6156 6177/6177 6155/6155
f 6178/6178 6175/6175 6177/6177
f 6178/6178 6176/6176 6175/6175
f 6156/6156 6179/6179 6177/6177
f 6178/6178 6177/6177 6179/6179
f 6113/6113 6179/6179 6156/6156
f 6176/6176 6178/6178 6180/6180
f 6179/6179 6180/6180 6178/6178
f 6180/6180 6106/6106 6176/6176
f 6113/6113 6180/6180 6179/6179
f 6180/6180 6105/6105 6106/6106
f 6113/6113 6105/6105 6180/6180
f 6183/6183 6182/6182 6181/6181
f 6181/6181 6184/6184 6183/6183
f 6185/6185 6183/6183 6184/6184
f 6186/6186 6181/6181 6182/6182
f 6184/6184 6187/6187 6185/6185
f 6188/6188 6186/6186 6182/6182
f 6189/6189 6185/6185 6187/6187
f 6188/6188 6190/6190 6186/6186
f 6190/6190 6191/6191 6186/6186
f 6192/6192 6186/6186 6191/6191
f 6189/6189 6187/6187 6193/6193
f 6194/6194 6193/6193 6187/6187
f 6193/6193 6194/6194 6195/6195
f 6196/6196 6195/6195 6194/6194
f 6195/6195 6196/6196 6197/6197
f 6198/6198 6197/6197 6196/6196
f 6198/6198 6199/6199 6197/6197
f 6200/6200 6199/6199 6198/6198
f 6200/6200 6198/6198 6201/6201
f 6202/6202 6201/6201 6198/6198
f 6205/6205 6204/6204 6203/6203
f 6205/6205 6206/6206 6204/6204
f 6207/6207 6204/6204 6206/6206
f 6206/6206 6205/6205 6208/6208
f 6204/6204 6207/6207 6209/6209
f 6204/6204 6209/6209 6203/6203
f 6210/6210 6209/6209 6207/6207
f 6205/6205 6203/6203 6211/6211
f 6211/6211 6208/6208 6205/6205
f 6212/6212 6211/6211 6203/6203
f 6211/6211 6212/6212 6208/6208
f 6203/6203 6209/6209 6213/6213
f 6214/6214 6208/6208 6212/6212
f 6210/6210 6215/6215 6209/6209
f 6212/6212 6216/6216 6214/6214
f 6217/6217 6208/6208 6214/6214
f 6214/6214 6216/6216 6217/6217
f 6218/6218 6217/6217 6216/6216
f 6219/6219 6213/6213 6209/6209
f 6219/6219 6209/6209 6215/6215
f 6213/6213 6219/6219 6220/6220
f 6219/6219 6215/6215 6221/6221
f 6221/6221 6220/6220 6219/6219
f 6222/6222 6221/6221 6215/6215
f 6220/6220 6221/6221 6223/6223
f 6221/6221 6222/6222 6224/6224
f 6224/6224 6223/6223 6221/6221
f 6225/6225 6224/6224 6222/6222
f 6225/6225 6226/6226 6224/6224
f 6224/6224 6227/6227 6223/6223
f 6227/6227 6224/6224 6226/6226
f 6228/6228 6223/6223 6227/6227
f 6226/6226 6229/6229 6227/6227
f 6227/6227 6230/6230 6228/6228
f 6230/6230 6227/6227 6229/6229
f 6231/6231 6228/6228 6230/6230
f 6230/6230 6229/6229 6232/6232
f 6230/6230 6232/6232 6231/6231
f 6233/6233 6232/6232 6229/6229
f 6233/6233 6234/6234 6232/6232
f 6235/6235 6231/6231 6232/6232
f 6236/6236 6232/6232 6234/6234
f 6232/6232 6236/6236 6235/6235
f 6234/6234 6237/6237 6236/6236
f 6238/6238 6236/6236 6237/6237
f 6236/6236 6238/6238 6235/6235
f 6237/6237 6239/6239 6238/6238
f 6238/6238 6240/6240 6235/6235
f 6240/6240 6238/6238 6239/6239
f 6241/6241 6235/6235 6240/6240
f 6240/6240 6239/6239 6241/6241
f 6242/6242 6241/6241 6239/6239
f 6243/6243 6241/6241 6242/6242
f 6239/6239 6244/6244 6242/6242
f 6242/6242 6244/6244 6243/6243
f 6245/6245 6243/6243 6244/6244
f 6246/6246 6030/6030 6028/6028
f 6030/6030 6246/6246 6247/6247
f 6246/6246 6028/6028 6248/6248
f 6249/6249 6248/6248 6028/6028
f 6246/6246 6248/6248 6250/6250
f 6250/6250 6247/6247 6246/6246
f 6251/6251 6250/6250 6248/6248
f 6250/6250 6252/6252 6247/6247
f 6250/6250 6251/6251 6252/6252
f 6253/6253 6247/6247 6252/6252
f 6254/6254 6252/6252 6251/6251
f 6252/6252 6255/6255 6253/6253
f 6252/6252 6254/6254 6255/6255
f 6256/6256 6253/6253 6255/6255
f 6257/6257 6255/6255 6254/6254
f 6255/6255 6258/6258 6256/6256
f 6255/6255 6257/6257 6258/6258
f 6259/6259 6256/6256 6258/6258
f 6260/6260 6258/6258 6257/6257
g soviet_gunner_officer_1_2
usemtl b4cabdb3-f298-45f1-babe-5d3f3a61ef53
f 6263/6263 6262/6262 6261/6261
f 6262/6262 6263/6263 6264/6264
f 6263/6263 6261/6261 6265/6265
f 6265/6265 6264/6264 6263/6263
f 6264/6264 6266/6266 6262/6262
f 6264/6264 6265/6265 6267/6267
f 6266/6266 6264/6264 6268/6268
f 6267/6267 6268/6268 6264/6264
f 6268/6268 6269/6269 6266/6266
f 6270/6270 6267/6267 6265/6265
f 6271/6271 6262/6262 6266/6266
f 6268/6268 6267/6267 6272/6272
f 6273/6273 6266/6266 6269/6269
f 6266/6266 6273/6273 6271/6271
f 6262/6262 6271/6271 6274/6274
f 6274/6274 6261/6261 6262/6262
f 6275/6275 6265/6265 6261/6261
f 6265/6265 6275/6275 6270/6270
f 6261/6261 6276/6276 6275/6275
f 6274/6274 6277/6277 6261/6261
f 6276/6276 6261/6261 6277/6277
f 6278/6278 6274/6274 6271/6271
f 6277/6277 6274/6274 6279/6279
f 6278/6278 6279/6279 6274/6274
f 6278/6278 6271/6271 6280/6280
f 6280/6280 6271/6271 6273/6273
f 6281/6281 6270/6270 6275/6275
f 6282/6282 6275/6275 6276/6276
f 6275/6275 6282/6282 6281/6281
f 6276/6276 6283/6283 6282/6282
f 6284/6284 6281/6281 6282/6282
f 6282/6282 6283/6283 6284/6284
f 6270/6270 6281/6281 6285/6285
f 6281/6281 6284/6284 6286/6286
f 6286/6286 6285/6285 6281/6281
f 6287/6287 6286/6286 6284/6284
f 6285/6285 6288/6288 6270/6270
f 6267/6267 6270/6270 6288/6288
f 6288/6288 6272/6272 6267/6267
f 6286/6286 6287/6287 6289/6289
f 6286/6286 6289/6289 6285/6285
f 6284/6284 6290/6290 6287/6287
f 6290/6290 6284/6284 6283/6283
f 6283/6283 6291/6291 6290/6290
f 6291/6291 6283/6283 6292/6292
f 6293/6293 6290/6290 6291/6291
f 6294/6294 6292/6292 6283/6283
f 6292/6292 6294/6294 6295/6295
f 6283/6283 6276/6276 6294/6294
f 6290/6290 6293/6293 6296/6296
f 6296/6296 6287/6287 6290/6290
f 6297/6297 6296/6296 6293/6293
f 6287/6287 6296/6296 6298/6298
f 6298/6298 6289/6289 6287/6287
f 6296/6296 6297/6297 6299/6299
f 6299/6299 6298/6298 6296/6296
f 6300/6300 6299/6299 6297/6297
f 6301/6301 6294/6294 6276/6276
f 6276/6276 6277/6277 6301/6301
f 6302/6302 6295/6295 6294/6294
f 6294/6294 6301/6301 6302/6302
f 6295/6295 6302/6302 6303/6303
f 6304/6304 6301/6301 6277/6277
f 6305/6305 6303/6303 6302/6302
f 6303/6303 6305/6305 6306/6306
f 6307/6307 6306/6306 6305/6305
f 6308/6308 6302/6302 6301/6301
f 6302/6302 6308/6308 6305/6305
f 6301/6301 6304/6304 6308/6308
f 6305/6305 6309/6309 6307/6307
f 6309/6309 6305/6305 6308/6308
f 6310/6310 6307/6307 6309/6309
f 6310/6310 6309/6309 6311/6311
f 6308/6308 6312/6312 6309/6309
f 6313/6313 6311/6311 6309/6309
f 6313/6313 6309/6309 6312/6312
f 6313/6313 6314/6314 6311/6311
f 6315/6315 6311/6311 6314/6314
f 6316/6316 6314/6314 6313/6313
f 6313/6313 6312/6312 6316/6316
f 6314/6314 6317/6317 6315/6315
f 6318/6318 6315/6315 6317/6317
f 6316/6316 6319/6319 6314/6314
f 6317/6317 6314/6314 6319/6319
f 6320/6320 6316/6316 6312/6312
f 6316/6316 6320/6320 6319/6319
f 6317/6317 6321/6321 6318/6318
f 6317/6317 6319/6319 6321/6321
f 6322/6322 6318/6318 6321/6321
f 6321/6321 6323/6323 6322/6322
f 6324/6324 6322/6322 6323/6323
f 6325/6325 6321/6321 6319/6319
f 6321/6321 6325/6325 6323/6323
f 6326/6326 6319/6319 6320/6320
f 6319/6319 6326/6326 6325/6325
f 6323/6323 6327/6327 6324/6324
f 6328/6328 6324/6324 6327/6327
f 6329/6329 6323/6323 6325/6325
f 6323/6323 6329/6329 6327/6327
f 6328/6328 6327/6327 6330/6330
f 6325/6325 6331/6331 6329/6329
f 6331/6331 6325/6325 6326/6326
f 6332/6332 6327/6327 6329/6329
f 6333/6333 6330/6330 6327/6327
f 6327/6327 6332/6332 6333/6333
f 6329/6329 6334/6334 6332/6332
f 6334/6334 6329/6329 6331/6331
f 6335/6335 6333/6333 6332/6332
f 6333/6333 6336/6336 6330/6330
f 6337/6337 6330/6330 6336/6336
f 6335/6335 6338/6338 6333/6333
f 6336/6336 6333/6333 6338/6338
f 6339/6339 6335/6335 6332/6332
f 6339/6339 6332/6332 6334/6334
f 6338/6338 6335/6335 6340/6340
f 6339/6339 6340/6340 6335/6335
f 6336/6336 6341/6341 6337/6337
f 6342/6342 6337/6337 6341/6341
f 6338/6338 6343/6343 6336/6336
f 6341/6341 6336/6336 6343/6343
f 6342/6342 6341/6341 6344/6344
f 6343/6343 6338/6338 6345/6345
f 6340/6340 6345/6345 6338/6338
f 6346/6346 6344/6344 6341/6341
f 6343/6343 6347/6347 6341/6341
f 6346/6346 6341/6341 6347/6347
f 6346/6346 6348/6348 6344/6344
f 6346/6346 6347/6347 6348/6348
f 6349/6349 6344/6344 6348/6348
f 6347/6347 6343/6343 6350/6350
f 6345/6345 6350/6350 6343/6343
f 6351/6351 6348/6348 6347/6347
f 6345/6345 6352/6352 6350/6350
f 6345/6345 6340/6340 6352/6352
f 6350/6350 6353/6353 6347/6347
f 6351/6351 6347/6347 6353/6353
f 6354/6354 6353/6353 6350/6350
f 6354/6354 6350/6350 6352/6352
f 6353/6353 6355/6355 6351/6351
f 6356/6356 6352/6352 6340/6340
f 6340/6340 6339/6339 6356/6356
f 6334/6334 6356/6356 6339/6339
f 6354/6354 6357/6357 6353/6353
f 6355/6355 6353/6353 6357/6357
f 6354/6354 6352/6352 6358/6358
f 6357/6357 6354/6354 6359/6359
f 6358/6358 6359/6359 6354/6354
f 6352/6352 6356/6356 6360/6360
f 6360/6360 6358/6358 6352/6352
f 6356/6356 6334/6334 6361/6361
f 6361/6361 6360/6360 6356/6356
f 6331/6331 6361/6361 6334/6334
f 6358/6358 6360/6360 6362/6362
f 6358/6358 6362/6362 6359/6359
f 6360/6360 6361/6361 6363/6363
f 6363/6363 6362/6362 6360/6360
f 6361/6361 6331/6331 6364/6364
f 6364/6364 6363/6363 6361/6361
f 6326/6326 6364/6364 6331/6331
f 6365/6365 6364/6364 6326/6326
f 6326/6326 6320/6320 6365/6365
f 6364/6364 6366/6366 6363/6363
f 6364/6364 6365/6365 6366/6366
f 6367/6367 6365/6365 6320/6320
f 6320/6320 6312/6312 6367/6367
f 6368/6368 6366/6366 6365/6365
f 6365/6365 6367/6367 6368/6368
f 6369/6369 6363/6363 6366/6366
f 6363/6363 6369/6369 6362/6362
f 6370/6370 6367/6367 6312/6312
f 6312/6312 6308/6308 6370/6370
f 6370/6370 6308/6308 6304/6304
f 6370/6370 6371/6371 6367/6367
f 6304/6304 6371/6371 6370/6370
f 6372/6372 6367/6367 6371/6371
f 6372/6372 6368/6368 6367/6367
f 6372/6372 6371/6371 6373/6373
f 6372/6372 6373/6373 6368/6368
f 6304/6304 6374/6374 6371/6371
f 6277/6277 6279/6279 6304/6304
f 6374/6374 6304/6304 6279/6279
f 6371/6371 6374/6374 6375/6375
f 6375/6375 6373/6373 6371/6371
f 6279/6279 6376/6376 6374/6374
f 6377/6377 6374/6374 6376/6376
f 6377/6377 6375/6375 6374/6374
f 6376/6376 6279/6279 6378/6378
f 6376/6376 6378/6378 6377/6377
f 6378/6378 6279/6279 6379/6379
f 6278/6278 6379/6379 6279/6279
f 6380/6380 6377/6377 6378/6378
f 6278/6278 6381/6381 6379/6379
f 6379/6379 6382/6382 6378/6378
f 6380/6380 6378/6378 6382/6382
f 6382/6382 6379/6379 6383/6383
f 6383/6383 6379/6379 6381/6381
f 6382/6382 6384/6384 6380/6380
f 6382/6382 6383/6383 6384/6384
f 6380/6380 6385/6385 6377/6377
f 6375/6375 6377/6377 6385/6385
f 6385/6385 6380/6380 6384/6384
f 6385/6385 6386/6386 6375/6375
f 6385/6385 6384/6384 6386/6386
f 6373/6373 6375/6375 6386/6386
f 6387/6387 6384/6384 6383/6383
f 6388/6388 6387/6387 6383/6383
f 6383/6383 6381/6381 6388/6388
f 6387/6387 6389/6389 6384/6384
f 6388/6388 6389/6389 6387/6387
f 6390/6390 6386/6386 6384/6384
f 6390/6390 6384/6384 6389/6389
f 6386/6386 6391/6391 6373/6373
f 6386/6386 6390/6390 6391/6391
f 6373/6373 6391/6391 6392/6392
f 6392/6392 6368/6368 6373/6373
f 6393/6393 6391/6391 6390/6390
f 6389/6389 6394/6394 6390/6390
f 6393/6393 6390/6390 6394/6394
f 6391/6391 6393/6393 6395/6395
f 6395/6395 6392/6392 6391/6391
f 6396/6396 6395/6395 6393/6393
f 6392/6392 6397/6397 6368/6368
f 6366/6366 6368/6368 6397/6397
f 6395/6395 6398/6398 6392/6392
f 6397/6397 6392/6392 6398/6398
f 6396/6396 6399/6399 6395/6395
f 6398/6398 6395/6395 6399/6399
f 6396/6396 6393/6393 6400/6400
f 6400/6400 6399/6399 6396/6396
f 6394/6394 6400/6400 6393/6393
f 6397/6397 6401/6401 6366/6366
f 6369/6369 6366/6366 6401/6401
f 6398/6398 6402/6402 6397/6397
f 6401/6401 6397/6397 6402/6402
f 6402/6402 6398/6398 6403/6403
f 6399/6399 6403/6403 6398/6398
f 6400/6400 6404/6404 6399/6399
f 6403/6403 6399/6399 6404/6404
f 6403/6403 6405/6405 6402/6402
f 6403/6403 6404/6404 6405/6405
f 6402/6402 6406/6406 6401/6401
f 6406/6406 6402/6402 6405/6405
f 6407/6407 6401/6401 6406/6406
f 6401/6401 6407/6407 6369/6369
f 6408/6408 6369/6369 6407/6407
f 6408/6408 6362/6362 6369/6369
f 6406/6406 6409/6409 6407/6407
f 6406/6406 6405/6405 6409/6409
f 6407/6407 6410/6410 6408/6408
f 6407/6407 6409/6409 6410/6410
f 6362/6362 6408/6408 6410/6410
f 6411/6411 6409/6409 6405/6405
f 6411/6411 6412/6412 6409/6409
f 6410/6410 6409/6409 6412/6412
f 6405/6405 6413/6413 6411/6411
f 6413/6413 6405/6405 6404/6404
f 6411/6411 6414/6414 6412/6412
f 6414/6414 6411/6411 6413/6413
f 6410/6410 6412/6412 6415/6415
f 6412/6412 6414/6414 6415/6415
f 6414/6414 6413/6413 6416/6416
f 6416/6416 6415/6415 6414/6414
f 6413/6413 6404/6404 6417/6417
f 6417/6417 6416/6416 6413/6413
f 6418/6418 6417/6417 6404/6404
f 6404/6404 6400/6400 6418/6418
f 6394/6394 6418/6418 6400/6400
f 6418/6418 6394/6394 6419/6419
f 6389/6389 6419/6419 6394/6394
f 6417/6417 6418/6418 6420/6420
f 6419/6419 6420/6420 6418/6418
f 6416/6416 6417/6417 6421/6421
f 6420/6420 6421/6421 6417/6417
f 6419/6419 6389/6389 6422/6422
f 6422/6422 6420/6420 6419/6419
f 6388/6388 6422/6422 6389/6389
f 6422/6422 6423/6423 6420/6420
f 6388/6388 6423/6423 6422/6422
f 6421/6421 6420/6420 6423/6423
f 6423/6423 6388/6388 6381/6381
f 6421/6421 6424/6424 6416/6416
f 6421/6421 6423/6423 6424/6424
f 6415/6415 6416/6416 6424/6424
f 6381/6381 6425/6425 6423/6423
f 6425/6425 6424/6424 6423/6423
f 6425/6425 6381/6381 6280/6280
f 6278/6278 6280/6280 6381/6381
f 6424/6424 6425/6425 6426/6426
f 6280/6280 6426/6426 6425/6425
f 6415/6415 6424/6424 6427/6427
f 6426/6426 6427/6427 6424/6424
f 6415/6415 6427/6427 6410/6410
f 6426/6426 6280/6280 6428/6428
f 6273/6273 6428/6428 6280/6280
f 6427/6427 6426/6426 6429/6429
f 6428/6428 6429/6429 6426/6426
f 6430/6430 6410/6410 6427/6427
f 6362/6362 6410/6410 6430/6430
f 6430/6430 6359/6359 6362/6362
f 6430/6430 6427/6427 6431/6431
f 6430/6430 6431/6431 6359/6359
f 6429/6429 6431/6431 6427/6427
f 6432/6432 6359/6359 6431/6431
f 6359/6359 6432/6432 6357/6357
f 6433/6433 6357/6357 6432/6432
f 6432/6432 6431/6431 6434/6434
f 6432/6432 6434/6434 6433/6433
f 6431/6431 6429/6429 6435/6435
f 6435/6435 6434/6434 6431/6431
f 6436/6436 6435/6435 6429/6429
f 6429/6429 6428/6428 6436/6436
f 6435/6435 6437/6437 6434/6434
f 6435/6435 6436/6436 6437/6437
f 6438/6438 6436/6436 6428/6428
f 6428/6428 6273/6273 6438/6438
f 6438/6438 6439/6439 6436/6436
f 6440/6440 6438/6438 6273/6273
f 6438/6438 6440/6440 6439/6439
f 6273/6273 6269/6269 6440/6440
f 6441/6441 6436/6436 6439/6439
f 6441/6441 6437/6437 6436/6436
f 6442/6442 6439/6439 6440/6440
f 6443/6443 6440/6440 6269/6269
f 6440/6440 6443/6443 6442/6442
f 6441/6441 6444/6444 6437/6437
f 6439/6439 6445/6445 6441/6441
f 6444/6444 6441/6441 6445/6445
f 6445/6445 6439/6439 6446/6446
f 6442/6442 6446/6446 6439/6439
f 6444/6444 6445/6445 6447/6447
f 6448/6448 6437/6437 6444/6444
f 6444/6444 6447/6447 6448/6448
f 6449/6449 6445/6445 6446/6446
f 6449/6449 6447/6447 6445/6445
f 6449/6449 6446/6446 6450/6450
f 6449/6449 6451/6451 6447/6447
f 6449/6449 6450/6450 6451/6451
f 6446/6446 6442/6442 6452/6452
f 6452/6452 6450/6450 6446/6446
f 6453/6453 6452/6452 6442/6442
f 6453/6453 6442/6442 6443/6443
f 6452/6452 6454/6454 6450/6450
f 6452/6452 6453/6453 6454/6454
f 6453/6453 6443/6443 6455/6455
f 6455/6455 6454/6454 6453/6453
f 6456/6456 6455/6455 6443/6443
f 6443/6443 6269/6269 6456/6456
f 6454/6454 6455/6455 6457/6457
f 6458/6458 6456/6456 6269/6269
f 6269/6269 6268/6268 6458/6458
f 6272/6272 6458/6458 6268/6268
f 6456/6456 6458/6458 6459/6459
f 6458/6458 6272/6272 6459/6459
f 6460/6460 6455/6455 6456/6456
f 6460/6460 6456/6456 6459/6459
f 6460/6460 6457/6457 6455/6455
f 6461/6461 6459/6459 6272/6272
f 6272/6272 6288/6288 6461/6461
f 6462/6462 6461/6461 6288/6288
f 6288/6288 6285/6285 6462/6462
f 6461/6461 6463/6463 6459/6459
f 6461/6461 6462/6462 6463/6463
f 6459/6459 6464/6464 6460/6460
f 6464/6464 6459/6459 6463/6463
f 6465/6465 6460/6460 6464/6464
f 6460/6460 6465/6465 6457/6457
f 6463/6463 6466/6466 6464/6464
f 6467/6467 6463/6463 6462/6462
f 6463/6463 6467/6467 6466/6466
f 6462/6462 6468/6468 6467/6467
f 6468/6468 6462/6462 6285/6285
f 6469/6469 6466/6466 6467/6467
f 6285/6285 6470/6470 6468/6468
f 6470/6470 6285/6285 6289/6289
f 6471/6471 6467/6467 6468/6468
f 6467/6467 6471/6471 6469/6469
f 6472/6472 6468/6468 6470/6470
f 6468/6468 6472/6472 6471/6471
f 6289/6289 6473/6473 6470/6470
f 6289/6289 6298/6298 6473/6473
f 6470/6470 6474/6474 6472/6472
f 6474/6474 6470/6470 6473/6473
f 6475/6475 6472/6472 6474/6474
f 6475/6475 6474/6474 6476/6476
f 6475/6475 6477/6477 6472/6472
f 6475/6475 6476/6476 6477/6477
f 6478/6478 6471/6471 6472/6472
f 6478/6478 6472/6472 6477/6477
f 6471/6471 6478/6478 6479/6479
f 6479/6479 6469/6469 6471/6471
f 6480/6480 6479/6479 6478/6478
f 6481/6481 6480/6480 6478/6478
f 6478/6478 6477/6477 6481/6481
f 6479/6479 6480/6480 6482/6482
f 6469/6469 6479/6479 6483/6483
f 6482/6482 6483/6483 6479/6479
f 6484/6484 6482/6482 6480/6480
f 6480/6480 6481/6481 6484/6484
f 6483/6483 6482/6482 6485/6485
f 6484/6484 6485/6485 6482/6482
f 6486/6486 6481/6481 6477/6477
f 6485/6485 6487/6487 6483/6483
f 6488/6488 6484/6484 6481/6481
f 6484/6484 6488/6488 6485/6485
f 6486/6486 6489/6489 6481/6481
f 6488/6488 6481/6481 6489/6489
f 6490/6490 6485/6485 6488/6488
f 6488/6488 6489/6489 6490/6490
f 6485/6485 6490/6490 6487/6487
f 6486/6486 6477/6477 6491/6491
f 6486/6486 6491/6491 6489/6489
f 6492/6492 6491/6491 6477/6477
f 6493/6493 6490/6490 6489/6489
f 6492/6492 6477/6477 6476/6476
f 6494/6494 6489/6489 6491/6491
f 6494/6494 6495/6495 6489/6489
f 6493/6493 6489/6489 6495/6495
f 6494/6494 6491/6491 6496/6496
f 6495/6495 6494/6494 6497/6497
f 6496/6496 6497/6497 6494/6494
f 6498/6498 6496/6496 6491/6491
f 6498/6498 6491/6491 6492/6492
f 6496/6496 6499/6499 6497/6497
f 6496/6496 6498/6498 6499/6499
f 6498/6498 6492/6492 6500/6500
f 6500/6500 6499/6499 6498/6498
f 6501/6501 6500/6500 6492/6492
f 6492/6492 6476/6476 6501/6501
f 6499/6499 6500/6500 6502/6502
f 6502/6502 6497/6497 6499/6499
f 6500/6500 6501/6501 6503/6503
f 6503/6503 6502/6502 6500/6500
f 6497/6497 6502/6502 6504/6504
f 6497/6497 6504/6504 6495/6495
f 6505/6505 6501/6501 6476/6476
f 6506/6506 6504/6504 6502/6502
f 6503/6503 6506/6506 6502/6502
f 6507/6507 6495/6495 6504/6504
f 6495/6495 6507/6507 6493/6493
f 6508/6508 6503/6503 6501/6501
f 6501/6501 6505/6505 6508/6508
f 6509/6509 6493/6493 6507/6507
f 6503/6503 6508/6508 6510/6510
f 6509/6509 6511/6511 6493/6493
f 6490/6490 6493/6493 6511/6511
f 6509/6509 6507/6507 6512/6512
f 6509/6509 6512/6512 6511/6511
f 6511/6511 6487/6487 6490/6490
f 6511/6511 6513/6513 6487/6487
f 6513/6513 6511/6511 6512/6512
f 6514/6514 6487/6487 6513/6513
f 6515/6515 6512/6512 6507/6507
f 6507/6507 6504/6504 6515/6515
f 6513/6513 6512/6512 6516/6516
f 6517/6517 6515/6515 6504/6504
f 6504/6504 6506/6506 6517/6517
f 6516/6516 6518/6518 6513/6513
f 6514/6514 6513/6513 6518/6518
f 6519/6519 6516/6516 6512/6512
f 6516/6516 6520/6520 6518/6518
f 6516/6516 6519/6519 6520/6520
f 6519/6519 6512/6512 6521/6521
f 6515/6515 6521/6521 6512/6512
f 6521/6521 6522/6522 6519/6519
f 6521/6521 6515/6515 6523/6523
f 6517/6517 6523/6523 6515/6515
f 6521/6521 6523/6523 6522/6522
f 6523/6523 6517/6517 6524/6524
f 6525/6525 6519/6519 6522/6522
f 6525/6525 6520/6520 6519/6519
f 6526/6526 6522/6522 6523/6523
f 6523/6523 6524/6524 6526/6526
f 6522/6522 6527/6527 6525/6525
f 6526/6526 6528/6528 6522/6522
f 6527/6527 6522/6522 6528/6528
f 6529/6529 6528/6528 6526/6526
f 6529/6529 6526/6526 6524/6524
f 6520/6520 6525/6525 6530/6530
f 6531/6531 6525/6525 6527/6527
f 6531/6531 6530/6530 6525/6525
f 6531/6531 6527/6527 6532/6532
f 6531/6531 6532/6532 6530/6530
f 6528/6528 6533/6533 6527/6527
f 6529/6529 6534/6534 6528/6528
f 6533/6533 6528/6528 6534/6534
f 6535/6535 6534/6534 6529/6529
f 6536/6536 6527/6527 6533/6533
f 6536/6536 6532/6532 6527/6527
f 6534/6534 6537/6537 6533/6533
f 6535/6535 6529/6529 6538/6538
f 6524/6524 6538/6538 6529/6529
f 6535/6535 6539/6539 6534/6534
f 6535/6535 6538/6538 6539/6539
f 6537/6537 6534/6534 6539/6539
f 6524/6524 6540/6540 6538/6538
f 6540/6540 6524/6524 6517/6517
f 6540/6540 6517/6517 6506/6506
f 6541/6541 6538/6538 6540/6540
f 6541/6541 6539/6539 6538/6538
f 6506/6506 6542/6542 6540/6540
f 6541/6541 6540/6540 6542/6542
f 6539/6539 6541/6541 6542/6542
f 6506/6506 6503/6503 6542/6542
f 6510/6510 6542/6542 6503/6503
f 6539/6539 6542/6542 6543/6543
f 6510/6510 6544/6544 6542/6542
f 6543/6543 6542/6542 6544/6544
f 6543/6543 6545/6545 6539/6539
f 6539/6539 6545/6545 6537/6537
f 6544/6544 6546/6546 6543/6543
f 6545/6545 6543/6543 6546/6546
f 6547/6547 6537/6537 6545/6545
f 6545/6545 6546/6546 6547/6547
f 6547/6547 6548/6548 6537/6537
f 6546/6546 6544/6544 6549/6549
f 6544/6544 6510/6510 6550/6550
f 6550/6550 6549/6549 6544/6544
f 6551/6551 6550/6550 6510/6510
f 6551/6551 6510/6510 6508/6508
f 6550/6550 6551/6551 6552/6552
f 6508/6508 6553/6553 6551/6551
f 6553/6553 6508/6508 6505/6505
f 6554/6554 6551/6551 6553/6553
f 6554/6554 6552/6552 6551/6551
f 6505/6505 6555/6555 6553/6553
f 6549/6549 6550/6550 6556/6556
f 6552/6552 6556/6556 6550/6550
f 6553/6553 6557/6557 6554/6554
f 6557/6557 6553/6553 6555/6555
f 6554/6554 6558/6558 6552/6552
f 6558/6558 6554/6554 6557/6557
f 6556/6556 6559/6559 6549/6549
f 6560/6560 6556/6556 6552/6552
f 6561/6561 6552/6552 6558/6558
f 6561/6561 6560/6560 6552/6552
f 6562/6562 6556/6556 6560/6560
f 6556/6556 6562/6562 6559/6559
f 6561/6561 6563/6563 6560/6560
f 6558/6558 6564/6564 6561/6561
f 6563/6563 6561/6561 6564/6564
f 6564/6564 6558/6558 6565/6565
f 6557/6557 6565/6565 6558/6558
f 6560/6560 6566/6566 6562/6562
f 6566/6566 6560/6560 6563/6563
f 6565/6565 6557/6557 6567/6567
f 6555/6555 6567/6567 6557/6557
f 6565/6565 6568/6568 6564/6564
f 6567/6567 6569/6569 6565/6565
f 6568/6568 6565/6565 6569/6569
f 6570/6570 6564/6564 6568/6568
f 6564/6564 6570/6570 6563/6563
f 6569/6569 6571/6571 6568/6568
f 6572/6572 6563/6563 6570/6570
f 6573/6573 6568/6568 6571/6571
f 6568/6568 6573/6573 6570/6570
f 6571/6571 6569/6569 6574/6574
f 6571/6571 6574/6574 6573/6573
f 6575/6575 6570/6570 6573/6573
f 6570/6570 6575/6575 6572/6572
f 6573/6573 6576/6576 6575/6575
f 6576/6576 6573/6573 6574/6574
f 6577/6577 6574/6574 6569/6569
f 6569/6569 6567/6567 6577/6577
f 6574/6574 6577/6577 6578/6578
f 6579/6579 6577/6577 6567/6567
f 6576/6576 6574/6574 6580/6580
f 6578/6578 6580/6580 6574/6574
f 6567/6567 6555/6555 6579/6579
f 6577/6577 6579/6579 6581/6581
f 6581/6581 6578/6578 6577/6577
f 6582/6582 6579/6579 6555/6555
f 6583/6583 6581/6581 6579/6579
f 6579/6579 6582/6582 6583/6583
f 6584/6584 6578/6578 6581/6581
f 6581/6581 6583/6583 6584/6584
f 6582/6582 6555/6555 6585/6585
f 6586/6586 6583/6583 6582/6582
f 6582/6582 6585/6585 6586/6586
f 6583/6583 6586/6586 6587/6587
f 6587/6587 6584/6584 6583/6583
f 6584/6584 6587/6587 6588/6588
f 6589/6589 6588/6588 6587/6587
f 6588/6588 6590/6590 6584/6584
f 6587/6587 6591/6591 6589/6589
f 6591/6591 6587/6587 6586/6586
f 6592/6592 6589/6589 6591/6591
f 6593/6593 6584/6584 6590/6590
f 6584/6584 6593/6593 6578/6578
f 6590/6590 6594/6594 6593/6593
f 6595/6595 6578/6578 6593/6593
f 6596/6596 6593/6593 6594/6594
f 6593/6593 6596/6596 6595/6595
f 6594/6594 6597/6597 6596/6596
f 6578/6578 6595/6595 6580/6580
f 6598/6598 6596/6596 6597/6597
f 6597/6597 6599/6599 6598/6598
f 6600/6600 6598/6598 6599/6599
f 6596/6596 6598/6598 6601/6601
f 6601/6601 6595/6595 6596/6596
f 6598/6598 6600/6600 6602/6602
f 6602/6602 6601/6601 6598/6598
f 6603/6603 6602/6602 6600/6600
f 6603/6603 6604/6604 6602/6602
f 6605/6605 6580/6580 6595/6595
f 6595/6595 6601/6601 6605/6605
f 6601/6601 6602/6602 6606/6606
f 6607/6607 6602/6602 6604/6604
f 6607/6607 6606/6606 6602/6602
f 6607/6607 6604/6604 6608/6608
f 6609/6609 6608/6608 6604/6604
f 6608/6608 6610/6610 6607/6607
f 6607/6607 6610/6610 6606/6606
f 6608/6608 6609/6609 6611/6611
f 6612/6612 6611/6611 6609/6609
f 6610/6610 6608/6608 6613/6613
f 6611/6611 6613/6613 6608/6608
f 6614/6614 6606/6606 6610/6610
f 6610/6610 6613/6613 6614/6614
f 6611/6611 6612/6612 6615/6615
f 6611/6611 6615/6615 6613/6613
f 6616/6616 6615/6615 6612/6612
f 6615/6615 6616/6616 6617/6617
f 6618/6618 6617/6617 6616/6616
f 6619/6619 6613/6613 6615/6615
f 6615/6615 6617/6617 6619/6619
f 6620/6620 6614/6614 6613/6613
f 6613/6613 6619/6619 6620/6620
f 6617/6617 6618/6618 6621/6621
f 6622/6622 6621/6621 6618/6618
f 6622/6622 6623/6623 6621/6621
f 6617/6617 6621/6621 6624/6624
f 6624/6624 6619/6619 6617/6617
f 6625/6625 6621/6621 6623/6623
f 6626/6626 6620/6620 6619/6619
f 6619/6619 6624/6624 6626/6626
f 6627/6627 6624/6624 6621/6621
f 6621/6621 6625/6625 6627/6627
f 6628/6628 6626/6626 6624/6624
f 6624/6624 6627/6627 6628/6628
f 6625/6625 6623/6623 6629/6629
f 6630/6630 6629/6629 6623/6623
f 6629/6629 6630/6630 6631/6631
f 6632/6632 6631/6631 6630/6630
f 6632/6632 6633/6633 6631/6631
f 6634/6634 6631/6631 6633/6633
f 6634/6634 6633/6633 6635/6635
f 6634/6634 6636/6636 6631/6631
f 6634/6634 6635/6635 6636/6636
f 6637/6637 6635/6635 6633/6633
f 6631/6631 6638/6638 6629/6629
f 6638/6638 6631/6631 6636/6636
f 6639/6639 6629/6629 6638/6638
f 6629/6629 6639/6639 6625/6625
f 6635/6635 6637/6637 6640/6640
f 6641/6641 6640/6640 6637/6637
f 6640/6640 6641/6641 6642/6642
f 6643/6643 6642/6642 6641/6641
f 6640/6640 6644/6644 6635/6635
f 6642/6642 6644/6644 6640/6640
f 6645/6645 6635/6635 6644/6644
f 6645/6645 6636/6636 6635/6635
f 6644/6644 6646/6646 6645/6645
f 6642/6642 6643/6643 6647/6647
f 6648/6648 6647/6647 6643/6643
f 6642/6642 6649/6649 6644/6644
f 6649/6649 6646/6646 6644/6644
f 6647/6647 6650/6650 6642/6642
f 6650/6650 6649/6649 6642/6642
f 6647/6647 6648/6648 6651/6651
f 6647/6647 6651/6651 6650/6650
f 6652/6652 6651/6651 6648/6648
f 6650/6650 6653/6653 6649/6649
f 6652/6652 6654/6654 6651/6651
f 6653/6653 6655/6655 6649/6649
f 6646/6646 6649/6649 6655/6655
f 6653/6653 6650/6650 6656/6656
f 6655/6655 6653/6653 6656/6656
f 6651/6651 6656/6656 6650/6650
f 6651/6651 6657/6657 6656/6656
f 6657/6657 6651/6651 6654/6654
f 6655/6655 6656/6656 6658/6658
f 6655/6655 6659/6659 6646/6646
f 6658/6658 6659/6659 6655/6655
f 6656/6656 6657/6657 6660/6660
f 6660/6660 6658/6658 6656/6656
f 6661/6661 6660/6660 6657/6657
f 6657/6657 6654/6654 6661/6661
f 6658/6658 6660/6660 6662/6662
f 6660/6660 6661/6661 6663/6663
f 6663/6663 6662/6662 6660/6660
f 6664/6664 6663/6663 6661/6661
f 6662/6662 6665/6665 6658/6658
f 6659/6659 6658/6658 6665/6665
f 6662/6662 6663/6663 6666/6666
f 6665/6665 6667/6667 6659/6659
f 6668/6668 6666/6666 6663/6663
f 6663/6663 6664/6664 6668/6668
f 6661/6661 6669/6669 6664/6664
f 6669/6669 6661/6661 6654/6654
f 6670/6670 6668/6668 6664/6664
f 6671/6671 6664/6664 6669/6669
f 6664/6664 6671/6671 6670/6670
f 6671/6671 6669/6669 6672/6672
f 6669/6669 6654/6654 6673/6673
f 6673/6673 6672/6672 6669/6669
f 6674/6674 6673/6673 6654/6654
f 6674/6674 6654/6654 6675/6675
f 6676/6676 6675/6675 6654/6654
f 6676/6676 6677/6677 6675/6675
f 6672/6672 6678/6678 6671/6671
f 6679/6679 6675/6675 6677/6677
f 6677/6677 6680/6680 6679/6679
f 6674/6674 6675/6675 6681/6681
f 6682/6682 6679/6679 6680/6680
f 6675/6675 6679/6679 6683/6683
f 6675/6675 6683/6683 6681/6681
f 6683/6683 6679/6679 6682/6682
f 6680/6680 6684/6684 6682/6682
f 6685/6685 6682/6682 6684/6684
f 6684/6684 6349/6349 6685/6685
f 6348/6348 6685/6685 6349/6349
f 6685/6685 6348/6348 6686/6686
f 6686/6686 6682/6682 6685/6685
f 6351/6351 6686/6686 6348/6348
f 6686/6686 6351/6351 6355/6355
f 6687/6687 6682/6682 6686/6686
f 6355/6355 6687/6687 6686/6686
f 6687/6687 6683/6683 6682/6682
f 6688/6688 6683/6683 6687/6687
f 6688/6688 6681/6681 6683/6683
f 6688/6688 6687/6687 6689/6689
f 6355/6355 6689/6689 6687/6687
f 6688/6688 6689/6689 6681/6681
f 6689/6689 6355/6355 6433/6433
f 6357/6357 6433/6433 6355/6355
f 6689/6689 6690/6690 6681/6681
f 6433/6433 6690/6690 6689/6689
f 6691/6691 6681/6681 6690/6690
f 6681/6681 6691/6691 6674/6674
f 6673/6673 6674/6674 6691/6691
f 6433/6433 6692/6692 6690/6690
f 6692/6692 6433/6433 6434/6434
f 6690/6690 6693/6693 6691/6691
f 6693/6693 6690/6690 6692/6692
f 6691/6691 6694/6694 6673/6673
f 6694/6694 6691/6691 6693/6693
f 6672/6672 6673/6673 6694/6694
f 6434/6434 6695/6695 6692/6692
f 6695/6695 6434/6434 6437/6437
f 6437/6437 6448/6448 6695/6695
f 6696/6696 6692/6692 6695/6695
f 6692/6692 6696/6696 6693/6693
f 6697/6697 6695/6695 6448/6448
f 6695/6695 6697/6697 6696/6696
f 6698/6698 6693/6693 6696/6696
f 6699/6699 6696/6696 6697/6697
f 6696/6696 6699/6699 6698/6698
f 6448/6448 6700/6700 6697/6697
f 6697/6697 6700/6700 6699/6699
f 6448/6448 6701/6701 6700/6700
f 6701/6701 6448/6448 6447/6447
f 6702/6702 6693/6693 6698/6698
f 6694/6694 6693/6693 6702/6702
f 6703/6703 6698/6698 6699/6699
f 6698/6698 6703/6703 6702/6702
f 6704/6704 6699/6699 6700/6700
f 6699/6699 6704/6704 6703/6703
f 6700/6700 6705/6705 6704/6704
f 6705/6705 6700/6700 6701/6701
f 6702/6702 6706/6706 6694/6694
f 6694/6694 6706/6706 6672/6672
f 6707/6707 6702/6702 6703/6703
f 6702/6702 6707/6707 6706/6706
f 6678/6678 6672/6672 6706/6706
f 6703/6703 6708/6708 6707/6707
f 6708/6708 6703/6703 6704/6704
f 6709/6709 6706/6706 6707/6707
f 6706/6706 6709/6709 6678/6678
f 6710/6710 6707/6707 6708/6708
f 6707/6707 6710/6710 6709/6709
f 6704/6704 6711/6711 6708/6708
f 6711/6711 6704/6704 6705/6705
f 6708/6708 6712/6712 6710/6710
f 6712/6712 6708/6708 6711/6711
f 6713/6713 6710/6710 6712/6712
f 6712/6712 6711/6711 6714/6714
f 6712/6712 6714/6714 6713/6713
f 6715/6715 6711/6711 6705/6705
f 6715/6715 6714/6714 6711/6711
f 6715/6715 6705/6705 6716/6716
f 6701/6701 6716/6716 6705/6705
f 6710/6710 6713/6713 6717/6717
f 6717/6717 6709/6709 6710/6710
f 6716/6716 6701/6701 6718/6718
f 6447/6447 6718/6718 6701/6701
f 6716/6716 6719/6719 6715/6715
f 6719/6719 6716/6716 6718/6718
f 6718/6718 6447/6447 6451/6451
f 6718/6718 6451/6451 6719/6719
f 6720/6720 6715/6715 6719/6719
f 6715/6715 6720/6720 6714/6714
f 6721/6721 6719/6719 6451/6451
f 6719/6719 6722/6722 6720/6720
f 6719/6719 6721/6721 6722/6722
f 6723/6723 6714/6714 6720/6720
f 6724/6724 6720/6720 6722/6722
f 6720/6720 6724/6724 6723/6723
f 6714/6714 6723/6723 6725/6725
f 6725/6725 6713/6713 6714/6714
f 6726/6726 6723/6723 6724/6724
f 6722/6722 6727/6727 6724/6724
f 6724/6724 6727/6727 6726/6726
f 6723/6723 6726/6726 6728/6728
f 6728/6728 6725/6725 6723/6723
f 6729/6729 6728/6728 6726/6726
f 6727/6727 6729/6729 6726/6726
f 6727/6727 6730/6730 6729/6729
f 6713/6713 6725/6725 6731/6731
f 6731/6731 6717/6717 6713/6713
f 6725/6725 6728/6728 6732/6732
f 6732/6732 6731/6731 6725/6725
f 6733/6733 6732/6732 6728/6728
f 6733/6733 6728/6728 6734/6734
f 6733/6733 6734/6734 6730/6730
f 6732/6732 6733/6733 6735/6735
f 6732/6732 6735/6735 6731/6731
f 6730/6730 6736/6736 6733/6733
f 6730/6730 6727/6727 6736/6736
f 6737/6737 6733/6733 6736/6736
f 6737/6737 6735/6735 6733/6733
f 6737/6737 6736/6736 6738/6738
f 6738/6738 6736/6736 6727/6727
f 6737/6737 6739/6739 6735/6735
f 6739/6739 6737/6737 6738/6738
f 6740/6740 6731/6731 6735/6735
f 6731/6731 6740/6740 6717/6717
f 6741/6741 6735/6735 6739/6739
f 6735/6735 6741/6741 6740/6740
f 6742/6742 6717/6717 6740/6740
f 6717/6717 6742/6742 6709/6709
f 6743/6743 6740/6740 6741/6741
f 6740/6740 6743/6743 6742/6742
f 6739/6739 6744/6744 6741/6741
f 6745/6745 6709/6709 6742/6742
f 6741/6741 6746/6746 6743/6743
f 6746/6746 6741/6741 6744/6744
f 6747/6747 6742/6742 6743/6743
f 6742/6742 6747/6747 6745/6745
f 6748/6748 6743/6743 6746/6746
f 6743/6743 6748/6748 6747/6747
f 6744/6744 6739/6739 6749/6749
f 6738/6738 6749/6749 6739/6739
f 6744/6744 6750/6750 6746/6746
f 6744/6744 6749/6749 6750/6750
f 6751/6751 6746/6746 6750/6750
f 6746/6746 6751/6751 6748/6748
f 6752/6752 6750/6750 6749/6749
f 6749/6749 6738/6738 6752/6752
f 6750/6750 6753/6753 6751/6751
f 6750/6750 6752/6752 6753/6753
f 6754/6754 6748/6748 6751/6751
f 6755/6755 6751/6751 6753/6753
f 6751/6751 6755/6755 6754/6754
f 6752/6752 6738/6738 6756/6756
f 6757/6757 6753/6753 6752/6752
f 6756/6756 6757/6757 6752/6752
f 6753/6753 6758/6758 6755/6755
f 6753/6753 6757/6757 6758/6758
f 6738/6738 6727/6727 6756/6756
f 6757/6757 6756/6756 6759/6759
f 6759/6759 6758/6758 6757/6757
f 6760/6760 6759/6759 6756/6756
f 6756/6756 6727/6727 6760/6760
f 6760/6760 6761/6761 6759/6759
f 6761/6761 6760/6760 6727/6727
f 6759/6759 6762/6762 6758/6758
f 6762/6762 6759/6759 6761/6761
f 6761/6761 6727/6727 6763/6763
f 6761/6761 6763/6763 6762/6762
f 6763/6763 6727/6727 6764/6764
f 6764/6764 6727/6727 6722/6722
f 6765/6765 6762/6762 6763/6763
f 6763/6763 6764/6764 6765/6765
f 6764/6764 6722/6722 6766/6766
f 6766/6766 6765/6765 6764/6764
f 6766/6766 6722/6722 6721/6721
f 6766/6766 6721/6721 6765/6765
f 6762/6762 6765/6765 6767/6767
f 6767/6767 6758/6758 6762/6762
f 6768/6768 6765/6765 6721/6721
f 6768/6768 6767/6767 6765/6765
f 6768/6768 6721/6721 6769/6769
f 6451/6451 6769/6769 6721/6721
f 6769/6769 6451/6451 6450/6450
f 6769/6769 6770/6770 6768/6768
f 6767/6767 6768/6768 6770/6770
f 6450/6450 6771/6771 6769/6769
f 6770/6770 6769/6769 6771/6771
f 6771/6771 6450/6450 6454/6454
f 6758/6758 6767/6767 6772/6772
f 6770/6770 6772/6772 6767/6767
f 6772/6772 6755/6755 6758/6758
f 6771/6771 6773/6773 6770/6770
f 6772/6772 6770/6770 6773/6773
f 6755/6755 6772/6772 6774/6774
f 6773/6773 6774/6774 6772/6772
f 6774/6774 6754/6754 6755/6755
f 6771/6771 6454/6454 6775/6775
f 6457/6457 6775/6775 6454/6454
f 6773/6773 6771/6771 6776/6776
f 6775/6775 6776/6776 6771/6771
f 6774/6774 6773/6773 6777/6777
f 6776/6776 6777/6777 6773/6773
f 6754/6754 6774/6774 6778/6778
f 6777/6777 6778/6778 6774/6774
f 6775/6775 6457/6457 6779/6779
f 6776/6776 6775/6775 6780/6780
f 6779/6779 6780/6780 6775/6775
f 6777/6777 6776/6776 6781/6781
f 6780/6780 6781/6781 6776/6776
f 6778/6778 6777/6777 6782/6782
f 6781/6781 6782/6782 6777/6777
f 6778/6778 6783/6783 6754/6754
f 6778/6778 6782/6782 6783/6783
f 6784/6784 6754/6754 6783/6783
f 6754/6754 6784/6784 6748/6748
f 6785/6785 6783/6783 6782/6782
f 6786/6786 6748/6748 6784/6784
f 6786/6786 6747/6747 6748/6748
f 6783/6783 6787/6787 6784/6784
f 6783/6783 6785/6785 6787/6787
f 6784/6784 6788/6788 6786/6786
f 6788/6788 6784/6784 6787/6787
f 6786/6786 6789/6789 6747/6747
f 6789/6789 6786/6786 6788/6788
f 6790/6790 6747/6747 6789/6789
f 6790/6790 6745/6745 6747/6747
f 6788/6788 6791/6791 6789/6789
f 6787/6787 6792/6792 6788/6788
f 6791/6791 6788/6788 6792/6792
f 6789/6789 6793/6793 6790/6790
f 6793/6793 6789/6789 6791/6791
f 6790/6790 6794/6794 6745/6745
f 6794/6794 6790/6790 6793/6793
f 6793/6793 6791/6791 6795/6795
f 6794/6794 6793/6793 6796/6796
f 6795/6795 6796/6796 6793/6793
f 6796/6796 6797/6797 6794/6794
f 6796/6796 6795/6795 6798/6798
f 6796/6796 6798/6798 6797/6797
f 6799/6799 6795/6795 6791/6791
f 6791/6791 6792/6792 6799/6799
f 6795/6795 6799/6799 6800/6800
f 6800/6800 6798/6798 6795/6795
f 6801/6801 6800/6800 6799/6799
f 6800/6800 6802/6802 6798/6798
f 6800/6800 6801/6801 6802/6802
f 6799/6799 6803/6803 6801/6801
f 6803/6803 6799/6799 6792/6792
f 6804/6804 6801/6801 6803/6803
f 6803/6803 6792/6792 6805/6805
f 6806/6806 6802/6802 6801/6801
f 6801/6801 6804/6804 6806/6806
f 6804/6804 6803/6803 6807/6807
f 6805/6805 6807/6807 6803/6803
f 6808/6808 6806/6806 6804/6804
f 6808/6808 6804/6804 6809/6809
f 6807/6807 6809/6809 6804/6804
f 6806/6806 6808/6808 6810/6810
f 6811/6811 6805/6805 6792/6792
f 6812/6812 6810/6810 6808/6808
f 6808/6808 6809/6809 6812/6812
f 6810/6810 6813/6813 6806/6806
f 6814/6814 6812/6812 6809/6809
f 6806/6806 6815/6815 6802/6802
f 6815/6815 6806/6806 6813/6813
f 6816/6816 6802/6802 6815/6815
f 6813/6813 6810/6810 6817/6817
f 6810/6810 6812/6812 6818/6818
f 6818/6818 6817/6817 6810/6810
f 6819/6819 6818/6818 6812/6812
f 6812/6812 6814/6814 6819/6819
f 6818/6818 6819/6819 6820/6820
f 6821/6821 6819/6819 6814/6814
f 6817/6817 6818/6818 6822/6822
f 6820/6820 6822/6822 6818/6818
f 6817/6817 6823/6823 6813/6813
f 6822/6822 6824/6824 6817/6817
f 6823/6823 6817/6817 6824/6824
f 6824/6824 6822/6822 6825/6825
f 6826/6826 6820/6820 6819/6819
f 6819/6819 6821/6821 6826/6826
f 6822/6822 6820/6820 6827/6827
f 6827/6827 6825/6825 6822/6822
f 6820/6820 6826/6826 6828/6828
f 6829/6829 6827/6827 6820/6820
f 6820/6820 6828/6828 6829/6829
f 6825/6825 6827/6827 6830/6830
f 6827/6827 6829/6829 6831/6831
f 6831/6831 6830/6830 6827/6827
f 6830/6830 6832/6832 6825/6825
f 6833/6833 6825/6825 6832/6832
f 6825/6825 6833/6833 6824/6824
f 6832/6832 6830/6830 6834/6834
f 6835/6835 6824/6824 6833/6833
f 6832/6832 6836/6836 6833/6833
f 6836/6836 6832/6832 6834/6834
f 6837/6837 6833/6833 6836/6836
f 6833/6833 6837/6837 6835/6835
f 6824/6824 6835/6835 6823/6823
f 6836/6836 6838/6838 6837/6837
f 6834/6834 6838/6838 6836/6836
f 6839/6839 6835/6835 6837/6837
f 6839/6839 6837/6837 6838/6838
f 6840/6840 6823/6823 6835/6835
f 6835/6835 6839/6839 6840/6840
f 6841/6841 6840/6840 6839/6839
f 6839/6839 6838/6838 6841/6841
f 6841/6841 6842/6842 6840/6840
f 6841/6841 6838/6838 6842/6842
f 6840/6840 6843/6843 6823/6823
f 6843/6843 6840/6840 6842/6842
f 6844/6844 6823/6823 6843/6843
f 6844/6844 6813/6813 6823/6823
f 6813/6813 6844/6844 6815/6815
f 6843/6843 6845/6845 6844/6844
f 6842/6842 6845/6845 6843/6843
f 6846/6846 6815/6815 6844/6844
f 6846/6846 6844/6844 6845/6845
f 6815/6815 6846/6846 6816/6816
f 6845/6845 6842/6842 6847/6847
f 6842/6842 6838/6838 6847/6847
f 6845/6845 6848/6848 6846/6846
f 6847/6847 6848/6848 6845/6845
f 6849/6849 6816/6816 6846/6846
f 6849/6849 6846/6846 6848/6848
f 6849/6849 6848/6848 6850/6850
f 6847/6847 6850/6850 6848/6848
f 6816/6816 6849/6849 6851/6851
f 6850/6850 6851/6851 6849/6849
f 6851/6851 6852/6852 6816/6816
f 6802/6802 6816/6816 6852/6852
f 6852/6852 6798/6798 6802/6802
f 6798/6798 6852/6852 6853/6853
f 6852/6852 6851/6851 6854/6854
f 6854/6854 6853/6853 6852/6852
f 6851/6851 6850/6850 6855/6855
f 6855/6855 6854/6854 6851/6851
f 6853/6853 6797/6797 6798/6798
f 6850/6850 6847/6847 6856/6856
f 6856/6856 6855/6855 6850/6850
f 6857/6857 6856/6856 6847/6847
f 6847/6847 6838/6838 6857/6857
f 6856/6856 6857/6857 6858/6858
f 6856/6856 6858/6858 6855/6855
f 6797/6797 6853/6853 6859/6859
f 6853/6853 6854/6854 6860/6860
f 6860/6860 6859/6859 6853/6853
f 6861/6861 6860/6860 6854/6854
f 6854/6854 6855/6855 6861/6861
f 6862/6862 6861/6861 6855/6855
f 6862/6862 6855/6855 6858/6858
f 6861/6861 6863/6863 6860/6860
f 6862/6862 6864/6864 6861/6861
f 6863/6863 6861/6861 6864/6864
f 6865/6865 6860/6860 6863/6863
f 6860/6860 6865/6865 6859/6859
f 6864/6864 6866/6866 6863/6863
f 6858/6858 6867/6867 6862/6862
f 6864/6864 6862/6862 6867/6867
f 6863/6863 6868/6868 6865/6865
f 6868/6868 6863/6863 6866/6866
f 6867/6867 6869/6869 6864/6864
f 6866/6866 6864/6864 6869/6869
f 6867/6867 6858/6858 6870/6870
f 6871/6871 6870/6870 6858/6858
f 6858/6858 6872/6872 6871/6871
f 6872/6872 6838/6838 6871/6871
f 6870/6870 6871/6871 6838/6838
f 6870/6870 6873/6873 6867/6867
f 6870/6870 6838/6838 6873/6873
f 6869/6869 6867/6867 6873/6873
f 6873/6873 6838/6838 6874/6874
f 6873/6873 6874/6874 6869/6869
f 6874/6874 6838/6838 6834/6834
f 6875/6875 6869/6869 6874/6874
f 6874/6874 6834/6834 6875/6875
f 6869/6869 6875/6875 6866/6866
f 6876/6876 6875/6875 6834/6834
f 6876/6876 6834/6834 6830/6830
f 6877/6877 6866/6866 6875/6875
f 6875/6875 6876/6876 6877/6877
f 6830/6830 6831/6831 6876/6876
f 6877/6877 6878/6878 6866/6866
f 6868/6868 6866/6866 6878/6878
f 6879/6879 6877/6877 6876/6876
f 6878/6878 6877/6877 6880/6880
f 6877/6877 6879/6879 6880/6880
f 6868/6868 6878/6878 6881/6881
f 6881/6881 6865/6865 6868/6868
f 6878/6878 6880/6880 6882/6882
f 6882/6882 6881/6881 6878/6878
f 6879/6879 6876/6876 6883/6883
f 6883/6883 6876/6876 6831/6831
f 6884/6884 6880/6880 6879/6879
f 6879/6879 6883/6883 6884/6884
f 6883/6883 6831/6831 6885/6885
f 6885/6885 6884/6884 6883/6883
f 6880/6880 6884/6884 6886/6886
f 6886/6886 6882/6882 6880/6880
f 6887/6887 6886/6886 6884/6884
f 6884/6884 6885/6885 6887/6887
f 6888/6888 6885/6885 6831/6831
f 6888/6888 6831/6831 6829/6829
f 6888/6888 6889/6889 6885/6885
f 6888/6888 6829/6829 6890/6890
f 6889/6889 6888/6888 6890/6890
f 6891/6891 6885/6885 6889/6889
f 6891/6891 6887/6887 6885/6885
f 6889/6889 6890/6890 6892/6892
f 6893/6893 6890/6890 6829/6829
f 6893/6893 6829/6829 6828/6828
f 6890/6890 6893/6893 6894/6894
f 6894/6894 6892/6892 6890/6890
f 6893/6893 6828/6828 6895/6895
f 6895/6895 6894/6894 6893/6893
f 6562/6562 6895/6895 6828/6828
f 6895/6895 6562/6562 6566/6566
f 6895/6895 6566/6566 6894/6894
f 6828/6828 6559/6559 6562/6562
f 6559/6559 6828/6828 6826/6826
f 6896/6896 6894/6894 6566/6566
f 6894/6894 6896/6896 6892/6892
f 6566/6566 6563/6563 6896/6896
f 6572/6572 6896/6896 6563/6563
f 6826/6826 6897/6897 6559/6559
f 6898/6898 6892/6892 6896/6896
f 6896/6896 6572/6572 6898/6898
f 6898/6898 6899/6899 6892/6892
f 6900/6900 6898/6898 6572/6572
f 6898/6898 6900/6900 6899/6899
f 6572/6572 6901/6901 6900/6900
f 6901/6901 6572/6572 6575/6575
f 6897/6897 6826/6826 6821/6821
f 6902/6902 6892/6892 6899/6899
f 6892/6892 6902/6902 6889/6889
f 6891/6891 6889/6889 6902/6902
f 6902/6902 6903/6903 6891/6891
f 6902/6902 6899/6899 6903/6903
f 6887/6887 6891/6891 6903/6903
f 6904/6904 6903/6903 6899/6899
f 6899/6899 6905/6905 6904/6904
f 6905/6905 6899/6899 6900/6900
f 6904/6904 6667/6667 6903/6903
f 6900/6900 6906/6906 6905/6905
f 6903/6903 6907/6907 6887/6887
f 6907/6907 6903/6903 6667/6667
f 6908/6908 6904/6904 6905/6905
f 6904/6904 6908/6908 6667/6667
f 6906/6906 6900/6900 6901/6901
f 6667/6667 6665/6665 6907/6907
f 6909/6909 6905/6905 6906/6906
f 6905/6905 6909/6909 6908/6908
f 6910/6910 6907/6907 6665/6665
f 6665/6665 6662/6662 6910/6910
f 6911/6911 6887/6887 6907/6907
f 6907/6907 6910/6910 6911/6911
f 6886/6886 6887/6887 6911/6911
f 6912/6912 6910/6910 6662/6662
f 6662/6662 6666/6666 6912/6912
f 6913/6913 6911/6911 6910/6910
f 6911/6911 6913/6913 6886/6886
f 6910/6910 6912/6912 6913/6913
f 6882/6882 6886/6886 6913/6913
f 6914/6914 6913/6913 6912/6912
f 6913/6913 6914/6914 6882/6882
f 6912/6912 6666/6666 6914/6914
f 6881/6881 6882/6882 6914/6914
f 6915/6915 6914/6914 6666/6666
f 6914/6914 6915/6915 6881/6881
f 6865/6865 6881/6881 6915/6915
f 6666/6666 6668/6668 6915/6915
f 6915/6915 6859/6859 6865/6865
f 6859/6859 6915/6915 6668/6668
f 6668/6668 6670/6670 6859/6859
f 6916/6916 6859/6859 6670/6670
f 6797/6797 6859/6859 6916/6916
f 6797/6797 6916/6916 6917/6917
f 6917/6917 6794/6794 6797/6797
f 6917/6917 6745/6745 6794/6794
f 6918/6918 6917/6917 6916/6916
f 6916/6916 6670/6670 6918/6918
f 6745/6745 6917/6917 6919/6919
f 6918/6918 6919/6919 6917/6917
f 6709/6709 6745/6745 6919/6919
f 6919/6919 6678/6678 6709/6709
f 6919/6919 6918/6918 6678/6678
f 6920/6920 6918/6918 6670/6670
f 6920/6920 6678/6678 6918/6918
f 6920/6920 6670/6670 6671/6671
f 6920/6920 6671/6671 6678/6678
f 6921/6921 6787/6787 6785/6785
f 6787/6787 6921/6921 6792/6792
f 6811/6811 6792/6792 6921/6921
f 6785/6785 6922/6922 6921/6921
f 6921/6921 6923/6923 6811/6811
f 6923/6923 6921/6921 6922/6922
f 6924/6924 6811/6811 6923/6923
f 6785/6785 6925/6925 6922/6922
f 6925/6925 6785/6785 6926/6926
f 6782/6782 6926/6926 6785/6785
f 6925/6925 6927/6927 6922/6922
f 6926/6926 6782/6782 6928/6928
f 6781/6781 6928/6928 6782/6782
f 6780/6780 6928/6928 6781/6781
f 6928/6928 6929/6929 6926/6926
f 6928/6928 6780/6780 6929/6929
f 6926/6926 6930/6930 6925/6925
f 6930/6930 6926/6926 6929/6929
f 6927/6927 6925/6925 6930/6930
f 6931/6931 6929/6929 6780/6780
f 6929/6929 6932/6932 6930/6930
f 6932/6932 6929/6929 6931/6931
f 6933/6933 6930/6930 6932/6932
f 6930/6930 6933/6933 6927/6927
f 6931/6931 6934/6934 6932/6932
f 6932/6932 6934/6934 6933/6933
f 6780/6780 6779/6779 6931/6931
f 6935/6935 6927/6927 6933/6933
f 6936/6936 6931/6931 6779/6779
f 6937/6937 6933/6933 6934/6934
f 6935/6935 6933/6933 6938/6938
f 6937/6937 6938/6938 6933/6933
f 6937/6937 6934/6934 6939/6939
f 6938/6938 6937/6937 6939/6939
f 6931/6931 6940/6940 6934/6934
f 6938/6938 6939/6939 6941/6941
f 6942/6942 6939/6939 6934/6934
f 6942/6942 6934/6934 6940/6940
f 6943/6943 6941/6941 6939/6939
f 6939/6939 6942/6942 6943/6943
f 6944/6944 6938/6938 6941/6941
f 6938/6938 6944/6944 6935/6935
f 6941/6941 6943/6943 6944/6944
f 6945/6945 6935/6935 6944/6944
f 6935/6935 6945/6945 6927/6927
f 6944/6944 6946/6946 6945/6945
f 6946/6946 6944/6944 6943/6943
f 6947/6947 6927/6927 6945/6945
f 6947/6947 6922/6922 6927/6927
f 6922/6922 6947/6947 6923/6923
f 6945/6945 6948/6948 6947/6947
f 6948/6948 6945/6945 6946/6946
f 6949/6949 6923/6923 6947/6947
f 6949/6949 6947/6947 6948/6948
f 6923/6923 6949/6949 6924/6924
f 6950/6950 6924/6924 6949/6949
f 6948/6948 6951/6951 6949/6949
f 6950/6950 6949/6949 6951/6951
f 6946/6946 6952/6952 6948/6948
f 6951/6951 6948/6948 6952/6952
f 6952/6952 6946/6946 6953/6953
f 6943/6943 6953/6953 6946/6946
f 6950/6950 6954/6954 6924/6924
f 6950/6950 6951/6951 6954/6954
f 6955/6955 6924/6924 6954/6954
f 6924/6924 6955/6955 6811/6811
f 6805/6805 6811/6811 6955/6955
f 6956/6956 6954/6954 6951/6951
f 6951/6951 6952/6952 6956/6956
f 6954/6954 6957/6957 6955/6955
f 6954/6954 6956/6956 6957/6957
f 6955/6955 6958/6958 6805/6805
f 6958/6958 6955/6955 6957/6957
f 6807/6807 6805/6805 6958/6958
f 6957/6957 6959/6959 6958/6958
f 6960/6960 6956/6956 6952/6952
f 6952/6952 6953/6953 6960/6960
f 6961/6961 6957/6957 6956/6956
f 6956/6956 6960/6960 6961/6961
f 6957/6957 6961/6961 6959/6959
f 6962/6962 6807/6807 6958/6958
f 6962/6962 6958/6958 6959/6959
f 6962/6962 6963/6963 6807/6807
f 6809/6809 6807/6807 6963/6963
f 6959/6959 6964/6964 6962/6962
f 6963/6963 6962/6962 6964/6964
f 6965/6965 6959/6959 6961/6961
f 6964/6964 6959/6959 6966/6966
f 6965/6965 6966/6966 6959/6959
f 6961/6961 6967/6967 6965/6965
f 6967/6967 6961/6961 6960/6960
f 6968/6968 6965/6965 6967/6967
f 6965/6965 6968/6968 6966/6966
f 6960/6960 6969/6969 6967/6967
f 6969/6969 6960/6960 6953/6953
f 6968/6968 6967/6967 6970/6970
f 6970/6970 6967/6967 6969/6969
f 6971/6971 6966/6966 6968/6968
f 6972/6972 6968/6968 6970/6970
f 6971/6971 6968/6968 6972/6972
f 6970/6970 6969/6969 6972/6972
f 6971/6971 6973/6973 6966/6966
f 6973/6973 6971/6971 6972/6972
f 6953/6953 6974/6974 6969/6969
f 6953/6953 6943/6943 6974/6974
f 6972/6972 6969/6969 6975/6975
f 6972/6972 6975/6975 6973/6973
f 6976/6976 6969/6969 6974/6974
f 6976/6976 6975/6975 6969/6969
f 6977/6977 6974/6974 6943/6943
f 6977/6977 6943/6943 6942/6942
f 6974/6974 6978/6978 6976/6976
f 6974/6974 6977/6977 6978/6978
f 6977/6977 6942/6942 6979/6979
f 6979/6979 6978/6978 6977/6977
f 6940/6940 6979/6979 6942/6942
f 6976/6976 6980/6980 6975/6975
f 6980/6980 6976/6976 6978/6978
f 6981/6981 6975/6975 6980/6980
f 6975/6975 6981/6981 6973/6973
f 6980/6980 6978/6978 6982/6982
f 6980/6980 6982/6982 6981/6981
f 6979/6979 6983/6983 6978/6978
f 6979/6979 6940/6940 6983/6983
f 6984/6984 6982/6982 6978/6978
f 6984/6984 6978/6978 6983/6983
f 6984/6984 6532/6532 6982/6982
f 6984/6984 6983/6983 6532/6532
f 6536/6536 6982/6982 6532/6532
f 6982/6982 6536/6536 6985/6985
f 6985/6985 6981/6981 6982/6982
f 6533/6533 6985/6985 6536/6536
f 6985/6985 6533/6533 6537/6537
f 6985/6985 6537/6537 6548/6548
f 6548/6548 6981/6981 6985/6985
f 6986/6986 6532/6532 6983/6983
f 6986/6986 6530/6530 6532/6532
f 6983/6983 6987/6987 6986/6986
f 6987/6987 6983/6983 6940/6940
f 6986/6986 6988/6988 6530/6530
f 6988/6988 6986/6986 6987/6987
f 6940/6940 6989/6989 6987/6987
f 6940/6940 6931/6931 6989/6989
f 6936/6936 6989/6989 6931/6931
f 6987/6987 6989/6989 6990/6990
f 6987/6987 6990/6990 6988/6988
f 6989/6989 6936/6936 6991/6991
f 6991/6991 6990/6990 6989/6989
f 6992/6992 6991/6991 6936/6936
f 6936/6936 6779/6779 6992/6992
f 6992/6992 6993/6993 6991/6991
f 6994/6994 6992/6992 6779/6779
f 6992/6992 6994/6994 6993/6993
f 6994/6994 6779/6779 6457/6457
f 6994/6994 6457/6457 6465/6465
f 6465/6465 6993/6993 6994/6994
f 6991/6991 6995/6995 6990/6990
f 6995/6995 6991/6991 6993/6993
f 6996/6996 6990/6990 6995/6995
f 6993/6993 6465/6465 6997/6997
f 6464/6464 6997/6997 6465/6465
f 6995/6995 6993/6993 6998/6998
f 6997/6997 6998/6998 6993/6993
f 6995/6995 6998/6998 6996/6996
f 6997/6997 6464/6464 6466/6466
f 6998/6998 6997/6997 6999/6999
f 6466/6466 6999/6999 6997/6997
f 6999/6999 6996/6996 6998/6998
f 6466/6466 6469/6469 6999/6999
f 7000/7000 6999/6999 6469/6469
f 7000/7000 6469/6469 6483/6483
f 7000/7000 6483/6483 6487/6487
f 6487/6487 6514/6514 7000/7000
f 7000/7000 7001/7001 6999/6999
f 7001/7001 7000/7000 6514/6514
f 7002/7002 6999/6999 7001/7001
f 7002/7002 6996/6996 6999/6999
f 7001/7001 6514/6514 7003/7003
f 6518/6518 7003/7003 6514/6514
f 7002/7002 7001/7001 7004/7004
f 7002/7002 7004/7004 6996/6996
f 7003/7003 7004/7004 7001/7001
f 7005/7005 6996/6996 7004/7004
f 6518/6518 7006/7006 7003/7003
f 7006/7006 6518/6518 6520/6520
f 7004/7004 7003/7003 7007/7007
f 7007/7007 7005/7005 7004/7004
f 7007/7007 7003/7003 7006/7006
f 7005/7005 7008/7008 6996/6996
f 7008/7008 7005/7005 7007/7007
f 6990/6990 6996/6996 7008/7008
f 7008/7008 6988/6988 6990/6990
f 7007/7007 7009/7009 7008/7008
f 7009/7009 7007/7007 7006/7006
f 6988/6988 7008/7008 7009/7009
f 7006/7006 6520/6520 7009/7009
f 7009/7009 6530/6530 6988/6988
f 6530/6530 7009/7009 6520/6520
f 7010/7010 6473/6473 6298/6298
f 6298/6298 6299/6299 7010/7010
f 7011/7011 7010/7010 6299/6299
f 6299/6299 6300/6300 7011/7011
f 7012/7012 7011/7011 6300/6300
f 7012/7012 7013/7013 7011/7011
f 7014/7014 7011/7011 7013/7013
f 7011/7011 7014/7014 7010/7010
f 7013/7013 6592/6592 7014/7014
f 6591/6591 7014/7014 6592/6592
f 7015/7015 7010/7010 7014/7014
f 7014/7014 6591/6591 7015/7015
f 7010/7010 7015/7015 6473/6473
f 6586/6586 7015/7015 6591/6591
f 7015/7015 6586/6586 6585/6585
f 6585/6585 6473/6473 7015/7015
f 6585/6585 7016/7016 6473/6473
f 7016/7016 6585/6585 6555/6555
f 6474/6474 6473/6473 7016/7016
f 6555/6555 6505/6505 7016/7016
f 7016/7016 6476/6476 6474/6474
f 6476/6476 7016/7016 6505/6505
f 7017/7017 6575/6575 6576/6576
f 6575/6575 7017/7017 6901/6901
f 7017/7017 6576/6576 7018/7018
f 6580/6580 7018/7018 6576/6576
f 7017/7017 7019/7019 6901/6901
f 6580/6580 6605/6605 7018/7018
f 7020/7020 6901/6901 7019/7019
f 6901/6901 7020/7020 6906/6906
f 7021/7021 6906/6906 7020/7020
f 7020/7020 7019/7019 7022/7022
f 7020/7020 7022/7022 7021/7021
f 7017/7017 7023/7023 7019/7019
f 7017/7017 7018/7018 7023/7023
f 6906/6906 7021/7021 6909/6909
f 7024/7024 7019/7019 7023/7023
f 7025/7025 6909/6909 7021/7021
f 7026/7026 7023/7023 7018/7018
f 7024/7024 7027/7027 7019/7019
f 7022/7022 7019/7019 7027/7027
f 7023/7023 7028/7028 7024/7024
f 7023/7023 7026/7026 7028/7028
f 7029/7029 7027/7027 7024/7024
f 7018/7018 7030/7030 7026/7026
f 7028/7028 7031/7031 7024/7024
f 7029/7029 7024/7024 7031/7031
f 7032/7032 7028/7028 7026/7026
f 7028/7028 7032/7032 7031/7031
f 7030/7030 7033/7033 7026/7026
f 7032/7032 7026/7026 7033/7033
f 7018/7018 7034/7034 7030/7030
f 7033/7033 7030/7030 7034/7034
f 7034/7034 7018/7018 6605/6605
f 7032/7032 7033/7033 7035/7035
f 7035/7035 7031/7031 7032/7032
f 7033/7033 7034/7034 7036/7036
f 7036/7036 7035/7035 7033/7033
f 7034/7034 6605/6605 7037/7037
f 7037/7037 7036/7036 7034/7034
f 7035/7035 7036/7036 7038/7038
f 7035/7035 7038/7038 7031/7031
f 7039/7039 7038/7038 7036/7036
f 7036/7036 7037/7037 7039/7039
f 7040/7040 7031/7031 7038/7038
f 7037/7037 6605/6605 7041/7041
f 7041/7041 6605/6605 6601/6601
f 6601/6601 6606/6606 7041/7041
f 7041/7041 6606/6606 7042/7042
f 7041/7041 7042/7042 7037/7037
f 6614/6614 7042/7042 6606/6606
f 7043/7043 7037/7037 7042/7042
f 7043/7043 7039/7039 7037/7037
f 7043/7043 7042/7042 7044/7044
f 7043/7043 7044/7044 7039/7039
f 7042/7042 6614/6614 7045/7045
f 7045/7045 7044/7044 7042/7042
f 6620/6620 7045/7045 6614/6614
f 7046/7046 7045/7045 6620/6620
f 6620/6620 6626/6626 7046/7046
f 7044/7044 7045/7045 7047/7047
f 7046/7046 7047/7047 7045/7045
f 7048/7048 7046/7046 6626/6626
f 6626/6626 6628/6628 7048/7048
f 7046/7046 7048/7048 7049/7049
f 7046/7046 7049/7049 7047/7047
f 7050/7050 7048/7048 6628/6628
f 7051/7051 7049/7049 7048/7048
f 7048/7048 7050/7050 7051/7051
f 6628/6628 7052/7052 7050/7050
f 7052/7052 6628/6628 6627/6627
f 7053/7053 7051/7051 7050/7050
f 7054/7054 7052/7052 6627/6627
f 7054/7054 6627/6627 6625/6625
f 7054/7054 6625/6625 6639/6639
f 7052/7052 7054/7054 7055/7055
f 7055/7055 7050/7050 7052/7052
f 6639/6639 7055/7055 7054/7054
f 7050/7050 7055/7055 7053/7053
f 7055/7055 6639/6639 7056/7056
f 7056/7056 7053/7053 7055/7055
f 6638/6638 7056/7056 6639/6639
f 7056/7056 6638/6638 7057/7057
f 7056/7056 7057/7057 7053/7053
f 6636/6636 7057/7057 6638/6638
f 7057/7057 6636/6636 7058/7058
f 6645/6645 7058/7058 6636/6636
f 7058/7058 6645/6645 6646/6646
f 7058/7058 7059/7059 7057/7057
f 7059/7059 7053/7053 7057/7057
f 6646/6646 7060/7060 7058/7058
f 7059/7059 7058/7058 7060/7060
f 7060/7060 6646/6646 6659/6659
f 7059/7059 7061/7061 7053/7053
f 7051/7051 7053/7053 7061/7061
f 7060/7060 7062/7062 7059/7059
f 7061/7061 7059/7059 7062/7062
f 6659/6659 7063/7063 7060/7060
f 7062/7062 7060/7060 7063/7063
f 7063/7063 6659/6659 6667/6667
f 7063/7063 6667/6667 6908/6908
f 7063/7063 6908/6908 7062/7062
f 7061/7061 7064/7064 7051/7051
f 7061/7061 7062/7062 7064/7064
f 7049/7049 7051/7051 7064/7064
f 7065/7065 7062/7062 6908/6908
f 7065/7065 7064/7064 7062/7062
f 7065/7065 6908/6908 6909/6909
f 7065/7065 6909/6909 7066/7066
f 7066/7066 7064/7064 7065/7065
f 7049/7049 7064/7064 7067/7067
f 7067/7067 7047/7047 7049/7049
f 7068/7068 7067/7067 7064/7064
f 7068/7068 7064/7064 7066/7066
f 7068/7068 7069/7069 7067/7067
f 7066/7066 7069/7069 7068/7068
f 7025/7025 7066/7066 6909/6909
f 7070/7070 7067/7067 7069/7069
f 7067/7067 7070/7070 7047/7047
f 7071/7071 7069/7069 7066/7066
f 7072/7072 7047/7047 7070/7070
f 7047/7047 7072/7072 7044/7044
f 7069/7069 7073/7073 7070/7070
f 7071/7071 7073/7073 7069/7069
f 7070/7070 7074/7074 7072/7072
f 7074/7074 7070/7070 7073/7073
f 7075/7075 7044/7044 7072/7072
f 7073/7073 7071/7071 7076/7076
f 7073/7073 7076/7076 7074/7074
f 7075/7075 7039/7039 7044/7044
f 7077/7077 7072/7072 7074/7074
f 7072/7072 7077/7077 7075/7075
f 7074/7074 7078/7078 7077/7077
f 7078/7078 7074/7074 7076/7076
f 7039/7039 7075/7075 7079/7079
f 7079/7079 7038/7038 7039/7039
f 7038/7038 7079/7079 7040/7040
f 7080/7080 7079/7079 7075/7075
f 7080/7080 7075/7075 7077/7077
f 7081/7081 7040/7040 7079/7079
f 7079/7079 7080/7080 7081/7081
f 7077/7077 7082/7082 7080/7080
f 7082/7082 7077/7077 7078/7078
f 7083/7083 7081/7081 7080/7080
f 7083/7083 7080/7080 7082/7082
f 7078/7078 7084/7084 7082/7082
f 7078/7078 7076/7076 7084/7084
f 7082/7082 7085/7085 7083/7083
f 7083/7083 7085/7085 7081/7081
f 7085/7085 7082/7082 7084/7084
f 7086/7086 7081/7081 7085/7085
f 7081/7081 7086/7086 7040/7040
f 7084/7084 7087/7087 7085/7085
f 7086/7086 7085/7085 7087/7087
f 7088/7088 7040/7040 7086/7086
f 7040/7040 7088/7088 7031/7031
f 7029/7029 7031/7031 7088/7088
f 7088/7088 7027/7027 7029/7029
f 7088/7088 7086/7086 7089/7089
f 7087/7087 7089/7089 7086/7086
f 7090/7090 7027/7027 7088/7088
f 7088/7088 7089/7089 7090/7090
f 7022/7022 7027/7027 7090/7090
f 7091/7091 7090/7090 7089/7089
f 7091/7091 7089/7089 7087/7087
f 7022/7022 7090/7090 7091/7091
f 7087/7087 7092/7092 7091/7091
f 7087/7087 7084/7084 7092/7092
f 7091/7091 7093/7093 7022/7022
f 7093/7093 7091/7091 7092/7092
f 7093/7093 7021/7021 7022/7022
f 7093/7093 7094/7094 7021/7021
f 7092/7092 7094/7094 7093/7093
f 7025/7025 7021/7021 7094/7094
f 7095/7095 7092/7092 7084/7084
f 7092/7092 7095/7095 7094/7094
f 7095/7095 7084/7084 7076/7076
f 7094/7094 7096/7096 7025/7025
f 7096/7096 7094/7094 7095/7095
f 7076/7076 7097/7097 7095/7095
f 7096/7096 7095/7095 7097/7097
f 7097/7097 7076/7076 7071/7071
f 7098/7098 7025/7025 7096/7096
f 7096/7096 7097/7097 7098/7098
f 7098/7098 7097/7097 7071/7071
f 7098/7098 7066/7066 7025/7025
f 7071/7071 7066/7066 7098/7098
f 7100/7100 7099/7099 6821/6821
f 7100/7100 6821/6821 6814/6814
f 6814/6814 6809/6809 7100/7100
f 6963/6963 7100/7100 6809/6809
f 7100/7100 6963/6963 7099/7099
f 6964/6964 7099/7099 6963/6963
f 7101/7101 6821/6821 7099/7099
f 7099/7099 6964/6964 7102/7102
f 7099/7099 7102/7102 7101/7101
f 6966/6966 7102/7102 6964/6964
f 7102/7102 6966/6966 6973/6973
f 6973/6973 7101/7101 7102/7102
f 7101/7101 6973/6973 6981/6981
f 6981/6981 6548/6548 7101/7101
f 6821/6821 7101/7101 6897/6897
f 7103/7103 7101/7101 6548/6548
f 7103/7103 6897/6897 7101/7101
f 6548/6548 6547/6547 7103/7103
f 7104/7104 7103/7103 6547/6547
f 7103/7103 7104/7104 6897/6897
f 7104/7104 6547/6547 6546/6546
f 7105/7105 6897/6897 7104/7104
f 7104/7104 6546/6546 7105/7105
f 7105/7105 6559/6559 6897/6897
f 6549/6549 7105/7105 6546/6546
f 7105/7105 6549/6549 6559/6559
g soviet_gunner_officer_1_3
usemtl 5e07af4a-0921-4490-bd8b-8744079efbd7
f 7108/7108 7107/7107 7106/7106
f 7108/7108 7109/7109 7107/7107
f 7109/7109 7108/7108 7110/7110
f 7111/7111 7107/7107 7109/7109
f 7112/7112 7110/7110 7108/7108
f 7112/7112 7108/7108 7106/7106
f 7110/7110 7112/7112 7113/7113
f 7107/7107 7111/7111 7114/7114
f 7107/7107 7114/7114 7106/7106
f 7115/7115 7114/7114 7111/7111
f 7114/7114 7115/7115 7116/7116
f 7114/7114 7116/7116 7106/7106
f 7117/7117 7116/7116 7115/7115
f 7118/7118 7113/7113 7112/7112
f 7118/7118 7112/7112 7106/7106
f 7113/7113 7118/7118 7119/7119
f 7116/7116 7117/7117 7120/7120
f 7116/7116 7120/7120 7106/7106
f 7121/7121 7120/7120 7117/7117
f 7120/7120 7121/7121 7122/7122
f 7120/7120 7122/7122 7106/7106
f 7123/7123 7122/7122 7121/7121
f 7124/7124 7119/7119 7118/7118
f 7124/7124 7118/7118 7106/7106
f 7119/7119 7124/7124 7125/7125
f 7122/7122 7126/7126 7106/7106
f 7122/7122 7123/7123 7126/7126
f 7126/7126 7124/7124 7106/7106
f 7125/7125 7126/7126 7123/7123
f 7126/7126 7125/7125 7124/7124
f 7129/7129 7128/7128 7127/7127
f 7129/7129 7130/7130 7128/7128
f 7130/7130 7129/7129 7131/7131
f 7132/7132 7128/7128 7130/7130
f 7133/7133 7131/7131 7129/7129
f 7133/7133 7129/7129 7127/7127
f 7131/7131 7133/7133 7134/7134
f 7128/7128 7132/7132 7135/7135
f 7128/7128 7135/7135 7127/7127
f 7136/7136 7135/7135 7132/7132
f 7135/7135 7136/7136 7137/7137
f 7135/7135 7137/7137 7127/7127
f 7138/7138 7137/7137 7136/7136
f 7139/7139 7134/7134 7133/7133
f 7139/7139 7133/7133 7127/7127
f 7134/7134 7139/7139 7140/7140
f 7137/7137 7138/7138 7141/7141
f 7137/7137 7141/7141 7127/7127
f 7142/7142 7141/7141 7138/7138
f 7141/7141 7142/7142 7143/7143
f 7141/7141 7143/7143 7127/7127
f 7144/7144 7143/7143 7142/7142
f 7145/7145 7140/7140 7139/7139
f 7145/7145 7139/7139 7127/7127
f 7140/7140 7145/7145 7146/7146
f 7143/7143 7147/7147 7127/7127
f 7143/7143 7144/7144 7147/7147
f 7147/7147 7145/7145 7127/7127
f 7146/7146 7147/7147 7144/7144
f 7147/7147 7146/7146 7145/7145
